Timestamp,1. Country,2. Gender,3. Grade/Year of Study,4. Self-Assessed Knowledge,2.1 Frequency of Use,2.2 Primary Use Cases,2.2.1 Output Reworking (Human-AI Teaming),2.2.2 Quality Perception,2.2.3 Efficiency and Value,2.2.4 Interaction Effort (Prompting),2.3 Confidence in Detection (Media Literacy),2.3.1 Fact-Checking Habits,2.3.2 Awareness of Hallucinations,2.3.3 Awareness of Bias,2.4 General Feeling,DS1.1 Technology Adoption Profile,DS1.2 Specific Frequency of Use,DS1.3 AI Perception,DS1.5 Guidelines on AI,"DS2.1 AI tools truly ""understand"" the meaning of the text they generate.","DS2.2 The information provided by AI is generally neutral, objective, and unbiased.",DS2.3 I think AI is inherently smarter and more capable than human beings.,DS2.4 I usually trust the factual accuracy of AI-generated answers without feeling the need to double-check other sources.,DS2.5 I clearly understand how a GenAI assistant generates its responses.,DS2.6 The way I request something to AI doesn’t have any impact on the quality of the result produced,DS3.1 Teachers will unfairly accuse me of using AI for my assignments even when I do not.,DS3.2 Using AI to do my homework will make me lose the ability to think critically and learn independently.,"DS3.3 The difficulty of distinguishing between human-created and AI-generated content (e.g., fake news, deepfakes).","DS3.5 AI tools might reinforce existing social biases and discrimination (e.g., gender, race, cultural stereotypes).",DS3.6 Unequal access to premium (paid) AI tools will create unfair advantages among students.,DS3.8 I worry that relying on AI to produce high-quality work makes me feel less capable or smart when I have to complete similar tasks on my own.,"DS4.1 I expect AI to significantly speed up my daily study/work tasks, making me more efficient.",DS4.2 I believe AI can perfectly tailor learning materials to match the individual learning pace and style of each student.,DS4.3 I expect AI to make learning more accessible and inclusive for students with diverse cognitive needs or language barriers.,DS4.4 I see AI as a non-judgmental tutor that is available 24/7 to answer my questions without making me feel inadequate.,DS4.5 I expect AI to provide better guidance for my future university or career choices than traditional school counselling.,Source Language
01/04/2026 11:40:40,Italy,Male,1st year,3 - Intermediate: I use some AI tools occasionally for simple tasks and understand their basic functions.,Daily,"Brainstorming ideas and getting inspiration, Summarizing long documents or articles",I use it as a draft or inspiration and rewrite it heavily.,The AI and I would have produced a similar result.,It is a huge time saver.,A moderate amount of time (I ask for a few adjustments or refinements).,Very confident,I systematically check primary and authoritative sources to confirm the data.,"Yes, occasionally.",I have never paid attention to this aspect.,Enthusiasm,You try it out after hearing good things from friends or colleagues.,Daily,A smart search engine (to find information quickly and accurately).,Disagree,Agree,Agree,Disagree,Disagree,Disagree,Disagree,Slightly concerned,Not at all concerned,Not at all concerned,Moderately concerned,Not at all concerned,Disagree,Strongly Agree,Agree,Disagree,Agree,Disagree,it
01/04/2026 11:37:14,Italy,Female,1st year,"5 - Expert: I have a deep understanding of how AI works, use it extensively, and could comfortably teach others how to use it responsibly.",Daily,"Summarizing long documents or articles, Generating images or presentations, Other (Spesso uso l’intelligenza artificiale per farmi sp)",I use it as a draft or inspiration and rewrite it heavily.,The AI produced a much better result than I could have.,"It enriches my work (gives me ideas I wouldn't have had), but takes about the same amount of time.","A significant amount of time (I engage in long conversations, going back and forth until the output is perfect).",Very confident,I trust it completely and use it as is.,"No, never.",I have never paid attention to this aspect.,"Curiosity, Hope",You try it out after hearing good things from friends or colleagues.,Daily,A personal tutor/mentor (to explain concepts and help me learn).,Disagree,Agree,Agree,Strongly Agree,Strongly Agree,Agree,Strongly Disagree,Extremely concerned,Not at all concerned,Moderately concerned,Not at all concerned,Extremely concerned,Strongly Disagree,Strongly Agree,Strongly Agree,Strongly Agree,Strongly Agree,Agree,it
01/04/2026 11:37:07,Italy,Male,1st year,"4 - Advanced: I use AI tools regularly for various tasks and have a good understanding of their capabilities, limits, and potential biases.",Rarely,"Brainstorming ideas and getting inspiration, Helping with homework / Lesson planning",I use it as a draft or inspiration and rewrite it heavily.,"My original work would have been better, but the AI was faster.","It enriches my work (gives me ideas I wouldn't have had), but takes about the same amount of time.",Very little time (I usually accept the first answer it provides).,Very confident,I ask the AI itself if it is sure about the answer.,"No, never.","Yes, occasionally.","Curiosity, Hope, Skepticism",You are one of the first to try it out.,A few times a week,A shortcut (to do the heavy lifting or do my assignments for me).,Agree,Strongly Disagree,Strongly Disagree,Disagree,Disagree,Strongly Disagree,Disagree,Not at all concerned,Slightly concerned,Slightly concerned,Not at all concerned,Not at all concerned,Agree,Disagree,Agree,Agree,Disagree,Disagree,it
01/04/2026 11:36:57,Italy,Female,1st year,3 - Intermediate: I use some AI tools occasionally for simple tasks and understand their basic functions.,A few times a week,"Brainstorming ideas and getting inspiration, Translating texts or learning a language, Helping with homework / Lesson planning",I review the AI-generated output to identify potential errors and refine the text as necessary.,The AI and I would have produced a similar result.,"It enriches my work (gives me ideas I wouldn't have had), but takes about the same amount of time.",A moderate amount of time (I ask for a few adjustments or refinements).,Somewhat confident,"I do a quick search (e.g., Google, Wikipedia) to verify it.","Yes, occasionally.",I have never paid attention to this aspect.,Curiosity,You wait until it becomes mainstream and most people are using it.,A few times a month,A smart search engine (to find information quickly and accurately).,Disagree,Disagree,Agree,Disagree,Disagree,Disagree,Strongly Disagree,Very concerned,Very concerned,Moderately concerned,Very concerned,Not at all concerned,Disagree,Agree,Disagree,Agree,Agree,Disagree,it
01/04/2026 11:36:41,Italy,Female,1st year,"2 - Novice: I know the basic concepts and have seen AI tools, but I rarely or never use them myself.",Never,"Translating texts or learning a language, Generating images or presentations, I do not use AI tools","I read it to check for major errors, but keep it mostly intact.","The AI's output was poor/incorrect, and I had to redo most of it.",It is a waste of time (I spend more time prompting and correcting than doing it myself).,It takes so much time that sometimes I just give up and do the work myself.,Somewhat confident,"I do a quick search (e.g., Google, Wikipedia) to verify it.","Yes, occasionally.","No, never.","Anxiety, Skepticism, Suspicion",You wait until it becomes mainstream and most people are using it.,Never,An entertainment tool (just for fun).,Disagree,Agree,Disagree,Strongly Disagree,Strongly Disagree,Agree,Disagree,Moderately concerned,Extremely concerned,Very concerned,Moderately concerned,Extremely concerned,Agree,Strongly Disagree,Disagree,Agree,Strongly Agree,Disagree,it
01/04/2026 11:36:28,Italy,Female,1st year,"4 - Advanced: I use AI tools regularly for various tasks and have a good understanding of their capabilities, limits, and potential biases.",A few times a week,"Brainstorming ideas and getting inspiration, Summarizing long documents or articles, Helping with homework / Lesson planning",I use it as a draft or inspiration and rewrite it heavily.,"My original work would have been better, but the AI was faster.","It enriches my work (gives me ideas I wouldn't have had), but takes about the same amount of time.","A significant amount of time (I engage in long conversations, going back and forth until the output is perfect).",Very confident,"I do a quick search (e.g., Google, Wikipedia) to verify it.","Yes, occasionally.","Yes, occasionally.","Curiosity, Skepticism, Enthusiasm",You wait until it becomes mainstream and most people are using it.,A few times a week,A personal tutor/mentor (to explain concepts and help me learn).,Strongly Disagree,Agree,Agree,Disagree,Strongly Disagree,Disagree,Disagree,Very concerned,Moderately concerned,Moderately concerned,Very concerned,Very concerned,Agree,Agree,Agree,Agree,Strongly Agree,Disagree,it
01/04/2026 11:34:42,Italy,Female,1st year,3 - Intermediate: I use some AI tools occasionally for simple tasks and understand their basic functions.,Daily,"Brainstorming ideas and getting inspiration, Summarizing long documents or articles, Helping with homework / Lesson planning","I read it to check for major errors, but keep it mostly intact.",The AI produced a much better result than I could have.,"It enriches my work (gives me ideas I wouldn't have had), but takes about the same amount of time.",A moderate amount of time (I ask for a few adjustments or refinements).,Very confident,"I do a quick search (e.g., Google, Wikipedia) to verify it.","Yes, occasionally.",I have never paid attention to this aspect.,"Suspicion, Other (indifference)",You try it out after hearing good things from friends or colleagues.,A few times a week,A personal tutor/mentor (to explain concepts and help me learn).,Agree,Agree,Agree,Strongly Disagree,Disagree,Disagree,Agree,Slightly concerned,Moderately concerned,Not at all concerned,Slightly concerned,Not at all concerned,Agree,Agree,Disagree,Agree,Strongly Agree,Agree,it
01/04/2026 11:34:39,Italy,Female,1st year,"2 - Novice: I know the basic concepts and have seen AI tools, but I rarely or never use them myself.",A few times a week,"Translating texts or learning a language, Solving math/logic problems or coding",I only use AI to review or correct content I have entirely written myself.,"My original work would have been better, but the AI was faster.",It has no significant impact on my time or effort.,"A significant amount of time (I engage in long conversations, going back and forth until the output is perfect).",Somewhat confident,"I do a quick search (e.g., Google, Wikipedia) to verify it.","No, never.","Yes, occasionally.","Curiosity, Fear",You try it out after hearing good things from friends or colleagues.,A few times a week,A creative assistant/collaborator (to brainstorm and co-create).,Disagree,Disagree,Agree,Agree,Disagree,Agree,Strongly Agree,Moderately concerned,Extremely concerned,Extremely concerned,Not at all concerned,Slightly concerned,Agree,Agree,Agree,Agree,Strongly Agree,Agree,it
01/04/2026 11:34:08,Italy,Male,1st year,"2 - Novice: I know the basic concepts and have seen AI tools, but I rarely or never use them myself.",Never,I do not use AI tools,"I read it to check for major errors, but keep it mostly intact.",The AI produced a much better result than I could have.,It is a huge time saver.,A moderate amount of time (I ask for a few adjustments or refinements).,Somewhat confident,"I do a quick search (e.g., Google, Wikipedia) to verify it.","No, never.","No, never.",Curiosity,You only use it if it is strictly required for school or work.,Never,A smart search engine (to find information quickly and accurately).,Strongly Disagree,Agree,Agree,Agree,Disagree,Disagree,Disagree,Slightly concerned,Moderately concerned,Moderately concerned,Not at all concerned,Not at all concerned,Disagree,Agree,Agree,Strongly Agree,Strongly Disagree,Disagree,it
01/04/2026 11:33:51,Italy,Female,1st year,3 - Intermediate: I use some AI tools occasionally for simple tasks and understand their basic functions.,A few times a week,"Summarizing long documents or articles, Helping with homework / Lesson planning",I use it as a draft or inspiration and rewrite it heavily.,The AI produced a much better result than I could have.,"It enriches my work (gives me ideas I wouldn't have had), but takes about the same amount of time.",A moderate amount of time (I ask for a few adjustments or refinements).,Very confident,"I do a quick search (e.g., Google, Wikipedia) to verify it.","Yes, occasionally.","Yes, frequently.","Curiosity, Hope",You try it out after hearing good things from friends or colleagues.,A few times a week,A smart search engine (to find information quickly and accurately).,Strongly Disagree,Agree,Agree,Strongly Disagree,Strongly Disagree,Agree,Agree,Very concerned,Not at all concerned,Not at all concerned,Not at all concerned,Not at all concerned,Disagree,Agree,Strongly Agree,Agree,Agree,Agree,it
01/04/2026 11:33:39,Italy,Male,1st year,"4 - Advanced: I use AI tools regularly for various tasks and have a good understanding of their capabilities, limits, and potential biases.",Daily,Helping with homework / Lesson planning,I use it as a draft or inspiration and rewrite it heavily.,The AI produced a much better result than I could have.,"It enriches my work (gives me ideas I wouldn't have had), but takes about the same amount of time.",A moderate amount of time (I ask for a few adjustments or refinements).,Very confident,I trust it completely and use it as is.,I didn't know AI could do that.,I have never paid attention to this aspect.,"Curiosity, Hope, Enthusiasm",You try it out after hearing good things from friends or colleagues.,Daily,A personal tutor/mentor (to explain concepts and help me learn).,Agree,Agree,Disagree,Agree,Strongly Agree,Disagree,Agree,Very concerned,Moderately concerned,Extremely concerned,Very concerned,Not at all concerned,Disagree,Strongly Agree,Strongly Disagree,Disagree,Agree,Strongly Agree,it
01/04/2026 11:33:05,Italy,Male,1st year,"2 - Novice: I know the basic concepts and have seen AI tools, but I rarely or never use them myself.",Never,I do not use AI tools,I use it as a draft or inspiration and rewrite it heavily.,"The AI's output was poor/incorrect, and I had to redo most of it.",It is a waste of time (I spend more time prompting and correcting than doing it myself).,It takes so much time that sometimes I just give up and do the work myself.,Very confident,I systematically check primary and authoritative sources to confirm the data.,"Yes, frequently.","Yes, frequently.","Anxiety, Skepticism, Suspicion",You only use it if it is strictly required for school or work.,Never,An entertainment tool (just for fun).,Disagree,Strongly Disagree,Disagree,Strongly Disagree,Strongly Disagree,Disagree,Strongly Agree,Very concerned,Very concerned,Extremely concerned,Extremely concerned,Extremely concerned,Disagree,Strongly Disagree,Strongly Disagree,Strongly Disagree,Strongly Disagree,Strongly Disagree,it
01/04/2026 11:32:26,Italy,Female,1st year,3 - Intermediate: I use some AI tools occasionally for simple tasks and understand their basic functions.,A few times a month,"Brainstorming ideas and getting inspiration, Other (practice tests)",I use it as a draft or inspiration and rewrite it heavily.,"My original work would have been better, but the AI was faster.","It enriches my work (gives me ideas I wouldn't have had), but takes about the same amount of time.",Very little time (I usually accept the first answer it provides).,Very confident,"I do a quick search (e.g., Google, Wikipedia) to verify it.","Yes, occasionally.",I have never paid attention to this aspect.,"Curiosity, Skepticism, Other",You only use it if it is strictly required for school or work.,A few times a month,A creative assistant/collaborator (to brainstorm and co-create).,Disagree,Disagree,Disagree,Strongly Disagree,Disagree,Agree,Strongly Agree,Very concerned,Very concerned,Moderately concerned,Moderately concerned,Not at all concerned,Strongly Agree,Strongly Disagree,Disagree,Agree,Disagree,Strongly Disagree,it
01/04/2026 11:31:29,Italy,Female,1st year,3 - Intermediate: I use some AI tools occasionally for simple tasks and understand their basic functions.,Daily,"Summarizing long documents or articles, Helping with homework / Lesson planning",I use it as a draft or inspiration and rewrite it heavily.,"My original work would have been better, but the AI was faster.",It is a huge time saver.,A moderate amount of time (I ask for a few adjustments or refinements).,Not very confident,I ask the AI itself if it is sure about the answer.,"No, never.",I have never paid attention to this aspect.,"Curiosity, Enthusiasm",You wait until it becomes mainstream and most people are using it.,A few times a week,A personal tutor/mentor (to explain concepts and help me learn).,Agree,Disagree,Disagree,Disagree,Disagree,Disagree,Disagree,Slightly concerned,Slightly concerned,Slightly concerned,Slightly concerned,Slightly concerned,Agree,Disagree,Disagree,Disagree,Disagree,Disagree,it
01/04/2026 11:31:05,Italy,Female,1st year,3 - Intermediate: I use some AI tools occasionally for simple tasks and understand their basic functions.,A few times a week,"Summarizing long documents or articles, Solving math/logic problems or coding","I read it to check for major errors, but keep it mostly intact.","My original work would have been better, but the AI was faster.",It is a huge time saver.,A moderate amount of time (I ask for a few adjustments or refinements).,Very confident,I trust it completely and use it as is.,"Yes, occasionally.",I have never paid attention to this aspect.,"Curiosity, Skepticism, Enthusiasm",You wait until it becomes mainstream and most people are using it.,A few times a week,A smart search engine (to find information quickly and accurately).,Disagree,Agree,Disagree,Disagree,Agree,Agree,Disagree,Moderately concerned,Very concerned,Moderately concerned,Slightly concerned,Moderately concerned,Agree,Agree,Agree,Strongly Agree,Disagree,Disagree,it
01/04/2026 11:30:05,Italy,Male,1st year,"4 - Advanced: I use AI tools regularly for various tasks and have a good understanding of their capabilities, limits, and potential biases.",A few times a week,"Translating texts or learning a language, Solving math/logic problems or coding, Helping with homework / Lesson planning, Generating images or presentations","I read it to check for major errors, but keep it mostly intact.",The AI produced a much better result than I could have.,"It enriches my work (gives me ideas I wouldn't have had), but takes about the same amount of time.",Very little time (I usually accept the first answer it provides).,Somewhat confident,"I do a quick search (e.g., Google, Wikipedia) to verify it.","No, never.","No, never.","Curiosity, Enthusiasm, Other",You try it out after hearing good things from friends or colleagues.,A few times a week,A smart search engine (to find information quickly and accurately).,Disagree,Agree,Disagree,Strongly Disagree,Agree,Agree,Strongly Disagree,Very concerned,Very concerned,Extremely concerned,Very concerned,Slightly concerned,Agree,Strongly Disagree,Disagree,Agree,Strongly Disagree,Disagree,it
01/04/2026 11:29:53,Italy,Female,1st year,"4 - Advanced: I use AI tools regularly for various tasks and have a good understanding of their capabilities, limits, and potential biases.",A few times a week,"Translating texts or learning a language, Summarizing long documents or articles, Generating images or presentations",I only use AI to review or correct content I have entirely written myself.,The AI produced a much better result than I could have.,"It enriches my work (gives me ideas I wouldn't have had), but takes about the same amount of time.","A significant amount of time (I engage in long conversations, going back and forth until the output is perfect).",Somewhat confident,I ask the AI itself if it is sure about the answer.,"Yes, occasionally.","Yes, occasionally.","Curiosity, Hope, Enthusiasm",You try it out after hearing good things from friends or colleagues.,A few times a week,A personal tutor/mentor (to explain concepts and help me learn).,Agree,Agree,Agree,Strongly Agree,Agree,Agree,Strongly Agree,Slightly concerned,Slightly concerned,Slightly concerned,Slightly concerned,Slightly concerned,Agree,Agree,Strongly Agree,Strongly Agree,Agree,Strongly Agree,it
01/04/2026 11:29:44,Italy,Female,1st year,3 - Intermediate: I use some AI tools occasionally for simple tasks and understand their basic functions.,A few times a month,"Summarizing long documents or articles, Writing/drafting text (emails, essays, reports), Helping with homework / Lesson planning",I use it as a draft or inspiration and rewrite it heavily.,The AI produced a much better result than I could have.,"It enriches my work (gives me ideas I wouldn't have had), but takes about the same amount of time.",A moderate amount of time (I ask for a few adjustments or refinements).,Somewhat confident,I systematically check primary and authoritative sources to confirm the data.,"Yes, frequently.","No, never.","Fear, Skepticism",You try it out after hearing good things from friends or colleagues.,A few times a month,A personal tutor/mentor (to explain concepts and help me learn).,Disagree,Strongly Agree,Agree,Disagree,Disagree,Strongly Disagree,Agree,Extremely concerned,Extremely concerned,Moderately concerned,Slightly concerned,Extremely concerned,Agree,Disagree,Agree,Agree,Strongly Agree,Strongly Disagree,it
31/03/2026 20:38:40,Italy,Female,2nd year,3 - Intermediate: I use some AI tools occasionally for simple tasks and understand their basic functions.,A few times a week,"Translating texts or learning a language, Summarizing long documents or articles, Writing/drafting text (emails, essays, reports)",I use it as a draft or inspiration and rewrite it heavily.,The AI and I would have produced a similar result.,"It enriches my work (gives me ideas I wouldn't have had), but takes about the same amount of time.",A moderate amount of time (I ask for a few adjustments or refinements).,Somewhat confident,"I do a quick search (e.g., Google, Wikipedia) to verify it.","No, never.",I have never paid attention to this aspect.,Curiosity,You wait until it becomes mainstream and most people are using it.,A few times a week,A personal tutor/mentor (to explain concepts and help me learn).,Agree,Agree,Agree,Agree,Strongly Disagree,Agree,Agree,Moderately concerned,Moderately concerned,Moderately concerned,Moderately concerned,Moderately concerned,Strongly Agree,Agree,Agree,Strongly Agree,Agree,Strongly Disagree,it
31/03/2026 18:04:54,Italy,Female,1st year,"4 - Advanced: I use AI tools regularly for various tasks and have a good understanding of their capabilities, limits, and potential biases.",A few times a week,"Summarizing long documents or articles, Solving math/logic problems or coding, Helping with homework / Lesson planning",I use it as a draft or inspiration and rewrite it heavily.,The AI and I would have produced a similar result.,It has no significant impact on my time or effort.,A moderate amount of time (I ask for a few adjustments or refinements).,Somewhat confident,I systematically check primary and authoritative sources to confirm the data.,"Yes, occasionally.","No, never.",Curiosity,You wait until it becomes mainstream and most people are using it.,A few times a week,A personal tutor/mentor (to explain concepts and help me learn).,Strongly Disagree,Agree,Disagree,Disagree,Strongly Disagree,Disagree,Strongly Disagree,Slightly concerned,Not at all concerned,Not at all concerned,Slightly concerned,Slightly concerned,Disagree,Disagree,Agree,Agree,Agree,Agree,it
31/03/2026 13:23:26,Italy,Male,3rd year,"5 - Expert: I have a deep understanding of how AI works, use it extensively, and could comfortably teach others how to use it responsibly.",Rarely,I do not use AI tools,I only use AI to review or correct content I have entirely written myself.,"My original work would have been better, but the AI was faster.",It is a waste of time (I spend more time prompting and correcting than doing it myself).,"A significant amount of time (I engage in long conversations, going back and forth until the output is perfect).",Not at all confident,I systematically check primary and authoritative sources to confirm the data.,"Yes, frequently.","Yes, occasionally.","Anxiety, Suspicion, Other (anger)",You only use it if it is strictly required for school or work.,Rarely,A smart search engine (to find information quickly and accurately).,Strongly Agree,Disagree,Disagree,Strongly Disagree,Strongly Disagree,Strongly Agree,Disagree,Not at all concerned,Slightly concerned,Extremely concerned,Very concerned,Very concerned,Disagree,Agree,Disagree,Agree,Disagree,Strongly Disagree,it
31/03/2026 13:07:16,Italy,Female,4th year,3 - Intermediate: I use some AI tools occasionally for simple tasks and understand their basic functions.,Daily,"Brainstorming ideas and getting inspiration, Summarizing long documents or articles, Other (searching for various topics)",I use it as a draft or inspiration and rewrite it heavily.,The AI and I would have produced a similar result.,It has no significant impact on my time or effort.,A moderate amount of time (I ask for a few adjustments or refinements).,Very confident,I ask the AI itself if it is sure about the answer.,"Yes, occasionally.",I have never paid attention to this aspect.,"Curiosity, Suspicion, Other (worry)",You wait until it becomes mainstream and most people are using it.,A few times a month,A smart search engine (to find information quickly and accurately).,Agree,Agree,Agree,Strongly Disagree,Agree,Disagree,Agree,Moderately concerned,Extremely concerned,Very concerned,Moderately concerned,Moderately concerned,Strongly Agree,Disagree,Disagree,Agree,Strongly Agree,Disagree,it
31/03/2026 13:06:47,Italy,Female,4th year,"4 - Advanced: I use AI tools regularly for various tasks and have a good understanding of their capabilities, limits, and potential biases.",A few times a week,Brainstorming ideas and getting inspiration,I only use AI to review or correct content I have entirely written myself.,The AI and I would have produced a similar result.,It has no significant impact on my time or effort.,It takes so much time that sometimes I just give up and do the work myself.,Very confident,"I do a quick search (e.g., Google, Wikipedia) to verify it.","Yes, frequently.","Yes, frequently.",Skepticism,You try it out after hearing good things from friends or colleagues.,A few times a month,An entertainment tool (just for fun).,Agree,Disagree,Agree,Strongly Disagree,Strongly Disagree,Agree,Strongly Disagree,Moderately concerned,Not at all concerned,Not at all concerned,Not at all concerned,Not at all concerned,Strongly Disagree,Strongly Disagree,Strongly Disagree,Strongly Disagree,Disagree,Strongly Disagree,it
31/03/2026 13:05:19,Italy,Female,4th year,"4 - Advanced: I use AI tools regularly for various tasks and have a good understanding of their capabilities, limits, and potential biases.",A few times a week,"Translating texts or learning a language, Writing/drafting text (emails, essays, reports), Solving math/logic problems or coding, Helping with homework / Lesson planning",I only use AI to review or correct content I have entirely written myself.,The AI and I would have produced a similar result.,"It enriches my work (gives me ideas I wouldn't have had), but takes about the same amount of time.",A moderate amount of time (I ask for a few adjustments or refinements).,Somewhat confident,I systematically check primary and authoritative sources to confirm the data.,"Yes, frequently.",I have never paid attention to this aspect.,"Curiosity, Skepticism",You wait until it becomes mainstream and most people are using it.,A few times a week,A personal tutor/mentor (to explain concepts and help me learn).,Agree,Agree,Disagree,Agree,Disagree,Agree,Disagree,Not at all concerned,Slightly concerned,Very concerned,Slightly concerned,Not at all concerned,Strongly Agree,Disagree,Agree,Strongly Agree,Strongly Agree,Agree,it
31/03/2026 12:58:18,Italy,Female,4th year,"4 - Advanced: I use AI tools regularly for various tasks and have a good understanding of their capabilities, limits, and potential biases.",Daily,"Brainstorming ideas and getting inspiration, Summarizing long documents or articles, Helping with homework / Lesson planning",I review the AI-generated output to identify potential errors and refine the text as necessary.,The AI produced a much better result than I could have.,"It enriches my work (gives me ideas I wouldn't have had), but takes about the same amount of time.",A moderate amount of time (I ask for a few adjustments or refinements).,Very confident,I trust it completely and use it as is.,"No, never.","Yes, occasionally.","Anxiety, Curiosity, Hope",You wait until it becomes mainstream and most people are using it.,A few times a week,A personal tutor/mentor (to explain concepts and help me learn).,Disagree,Disagree,Strongly Agree,Agree,Strongly Agree,Agree,Strongly Disagree,Moderately concerned,Extremely concerned,Extremely concerned,Not at all concerned,Moderately concerned,Strongly Agree,Agree,Agree,Strongly Agree,Strongly Agree,Agree,it
31/03/2026 12:57:34,Italy,Male,4th year,1 - Absolute Beginner: I know almost nothing. I have heard the term but don't really know what it is or how to use it.,A few times a month,Generating images or presentations,"I read it to check for major errors, but keep it mostly intact.","My original work would have been better, but the AI was faster.",It is a huge time saver.,A moderate amount of time (I ask for a few adjustments or refinements).,Not very confident,I systematically check primary and authoritative sources to confirm the data.,"Yes, occasionally.",I have never paid attention to this aspect.,"Curiosity, Hope, Skepticism",You only use it if it is strictly required for school or work.,A few times a month,A shortcut (to do the heavy lifting or do my assignments for me).,Disagree,Agree,Agree,Strongly Disagree,Agree,Disagree,Disagree,Very concerned,Slightly concerned,Very concerned,Slightly concerned,Slightly concerned,Agree,Agree,Agree,Agree,Strongly Agree,Agree,it
31/03/2026 12:56:01,Italy,Female,4th year,3 - Intermediate: I use some AI tools occasionally for simple tasks and understand their basic functions.,Rarely,"I do not use AI tools, Other (information searching)",I use it as a draft or inspiration and rewrite it heavily.,"My original work would have been better, but the AI was faster.",It is a huge time saver.,A moderate amount of time (I ask for a few adjustments or refinements).,Somewhat confident,"I do a quick search (e.g., Google, Wikipedia) to verify it.","Yes, occasionally.",I have never paid attention to this aspect.,"Anxiety, Skepticism, Suspicion",You only use it if it is strictly required for school or work.,Rarely,A shortcut (to do the heavy lifting or do my assignments for me).,Disagree,Strongly Disagree,Strongly Agree,Disagree,Agree,Disagree,Strongly Disagree,Very concerned,Extremely concerned,Extremely concerned,Not at all concerned,Not at all concerned,Strongly Agree,Agree,Strongly Disagree,Strongly Disagree,Strongly Agree,Agree,it
31/03/2026 12:54:44,Italy,Female,4th year,"2 - Novice: I know the basic concepts and have seen AI tools, but I rarely or never use them myself.",Rarely,Other (explanations),I only use AI to review or correct content I have entirely written myself.,"My original work would have been better, but the AI was faster.",It has no significant impact on my time or effort.,A moderate amount of time (I ask for a few adjustments or refinements).,Somewhat confident,"I do a quick search (e.g., Google, Wikipedia) to verify it.","Yes, frequently.","Yes, occasionally.","Skepticism, Suspicion, Other (criticism)",You only use it if it is strictly required for school or work.,Never,A smart search engine (to find information quickly and accurately).,Disagree,Disagree,Agree,Strongly Disagree,Disagree,Agree,Strongly Disagree,Very concerned,Extremely concerned,Extremely concerned,Very concerned,Not at all concerned,Agree,Disagree,Disagree,Agree,Strongly Disagree,Strongly Disagree,it
31/03/2026 12:54:31,Italy,Female,4th year,3 - Intermediate: I use some AI tools occasionally for simple tasks and understand their basic functions.,A few times a week,"Brainstorming ideas and getting inspiration, Translating texts or learning a language, Summarizing long documents or articles",I review the AI-generated output to identify potential errors and refine the text as necessary.,"My original work would have been better, but the AI was faster.",It has no significant impact on my time or effort.,"A significant amount of time (I engage in long conversations, going back and forth until the output is perfect).",Somewhat confident,"I do a quick search (e.g., Google, Wikipedia) to verify it.","Yes, occasionally.","Yes, occasionally.","Curiosity, Skepticism",You only use it if it is strictly required for school or work.,A few times a week,A shortcut (to do the heavy lifting or do my assignments for me).,Disagree,Agree,Agree,Disagree,Disagree,Disagree,Strongly Disagree,Moderately concerned,Extremely concerned,Moderately concerned,Moderately concerned,Very concerned,Agree,Disagree,Disagree,Disagree,Agree,Disagree,it
31/03/2026 12:54:16,Italy,Female,4th year,3 - Intermediate: I use some AI tools occasionally for simple tasks and understand their basic functions.,Daily,Other (chiedo di generare domande in base all’argomento d),I use it as a draft or inspiration and rewrite it heavily.,"My original work would have been better, but the AI was faster.","It enriches my work (gives me ideas I wouldn't have had), but takes about the same amount of time.",It takes so much time that sometimes I just give up and do the work myself.,Very confident,I systematically check primary and authoritative sources to confirm the data.,I didn't know AI could do that.,"Yes, occasionally.","Curiosity, Enthusiasm, Suspicion",You only use it if it is strictly required for school or work.,Rarely,A personal tutor/mentor (to explain concepts and help me learn).,Disagree,Agree,Strongly Disagree,Agree,Disagree,Strongly Disagree,Agree,Very concerned,Not at all concerned,Very concerned,Very concerned,Slightly concerned,Agree,Agree,Agree,Strongly Agree,Agree,Strongly Agree,it
31/03/2026 12:53:34,Italy,Male,4th year,"5 - Expert: I have a deep understanding of how AI works, use it extensively, and could comfortably teach others how to use it responsibly.",Daily,"Brainstorming ideas and getting inspiration, Translating texts or learning a language, Summarizing long documents or articles, Writing/drafting text (emails, essays, reports), Solving math/logic problems or coding, Generating images or presentations",I use it as a draft or inspiration and rewrite it heavily.,"My original work would have been better, but the AI was faster.","It enriches my work (gives me ideas I wouldn't have had), but takes about the same amount of time.",A moderate amount of time (I ask for a few adjustments or refinements).,Very confident,I ask the AI itself if it is sure about the answer.,"Yes, frequently.","Yes, occasionally.","Curiosity, Hope, Enthusiasm",You are one of the first to try it out.,A few times a week,A smart search engine (to find information quickly and accurately).,Disagree,Strongly Disagree,Agree,Agree,Agree,Strongly Agree,Agree,Extremely concerned,Moderately concerned,Very concerned,Slightly concerned,Slightly concerned,Disagree,Strongly Agree,Agree,Strongly Agree,Agree,Disagree,it
31/03/2026 12:52:33,Italy,Male,4th year,3 - Intermediate: I use some AI tools occasionally for simple tasks and understand their basic functions.,Daily,"Brainstorming ideas and getting inspiration, Translating texts or learning a language, Helping with homework / Lesson planning",I copy and paste it directly without reading it thoroughly.,The AI produced a much better result than I could have.,It is a huge time saver.,"A significant amount of time (I engage in long conversations, going back and forth until the output is perfect).",Very confident,I ask the AI itself if it is sure about the answer.,"Yes, frequently.","Yes, frequently.","Hope, Enthusiasm",You try it out after hearing good things from friends or colleagues.,Daily,A personal tutor/mentor (to explain concepts and help me learn).,Agree,Strongly Agree,Agree,Strongly Agree,Strongly Agree,Strongly Agree,Strongly Agree,Extremely concerned,Very concerned,Very concerned,Very concerned,Extremely concerned,Disagree,Strongly Agree,Agree,Agree,Strongly Agree,Agree,it
31/03/2026 12:52:08,Italy,Male,4th year,3 - Intermediate: I use some AI tools occasionally for simple tasks and understand their basic functions.,Daily,"Translating texts or learning a language, Summarizing long documents or articles, Writing/drafting text (emails, essays, reports), Helping with homework / Lesson planning",I review the AI-generated output to identify potential errors and refine the text as necessary.,The AI produced a much better result than I could have.,It is a huge time saver.,A moderate amount of time (I ask for a few adjustments or refinements).,Somewhat confident,I ask the AI itself if it is sure about the answer.,"No, never.",I have never paid attention to this aspect.,"Hope, Enthusiasm",You are one of the first to try it out.,A few times a week,A smart search engine (to find information quickly and accurately).,Disagree,Strongly Agree,Agree,Agree,Disagree,Disagree,Strongly Disagree,Not at all concerned,Moderately concerned,Not at all concerned,Slightly concerned,Slightly concerned,Disagree,Strongly Agree,Strongly Agree,Agree,Agree,Strongly Agree,it
31/03/2026 12:52:00,Italy,Male,4th year,"4 - Advanced: I use AI tools regularly for various tasks and have a good understanding of their capabilities, limits, and potential biases.",Daily,"Summarizing long documents or articles, Writing/drafting text (emails, essays, reports), Helping with homework / Lesson planning",I review the AI-generated output to identify potential errors and refine the text as necessary.,The AI produced a much better result than I could have.,It is a huge time saver.,A moderate amount of time (I ask for a few adjustments or refinements).,Somewhat confident,"I do a quick search (e.g., Google, Wikipedia) to verify it.","Yes, occasionally.",I have never paid attention to this aspect.,"Curiosity, Hope, Enthusiasm",You are one of the first to try it out.,Daily,A smart search engine (to find information quickly and accurately).,Strongly Agree,Agree,Strongly Agree,Agree,Disagree,Disagree,Disagree,Very concerned,Extremely concerned,Extremely concerned,Extremely concerned,Extremely concerned,Agree,Strongly Agree,Strongly Agree,Strongly Agree,Strongly Agree,Strongly Disagree,it
31/03/2026 12:49:45,Italy,Female,4th year,"4 - Advanced: I use AI tools regularly for various tasks and have a good understanding of their capabilities, limits, and potential biases.",Daily,"Translating texts or learning a language, Summarizing long documents or articles, Writing/drafting text (emails, essays, reports)",I review the AI-generated output to identify potential errors and refine the text as necessary.,The AI produced a much better result than I could have.,It is a huge time saver.,A moderate amount of time (I ask for a few adjustments or refinements).,Not very confident,"I do a quick search (e.g., Google, Wikipedia) to verify it.",I didn't know AI could do that.,I have never paid attention to this aspect.,Curiosity,You try it out after hearing good things from friends or colleagues.,A few times a week,A personal tutor/mentor (to explain concepts and help me learn).,Strongly Disagree,Disagree,Strongly Disagree,Strongly Disagree,Disagree,Disagree,Disagree,Slightly concerned,Slightly concerned,Slightly concerned,Slightly concerned,Slightly concerned,Agree,Disagree,Disagree,Strongly Disagree,Disagree,Strongly Disagree,it
31/03/2026 12:48:30,Italy,Female,4th year,1 - Absolute Beginner: I know almost nothing. I have heard the term but don't really know what it is or how to use it.,Daily,"Translating texts or learning a language, Summarizing long documents or articles, Writing/drafting text (emails, essays, reports), Generating images or presentations",I copy and paste it directly without reading it thoroughly.,The AI produced a much better result than I could have.,It is a huge time saver.,Very little time (I usually accept the first answer it provides).,Not very confident,I trust it completely and use it as is.,"No, never.","No, never.",Enthusiasm,You only use it if it is strictly required for school or work.,A few times a week,A smart search engine (to find information quickly and accurately).,Agree,Agree,Agree,Agree,Agree,Agree,Agree,Not at all concerned,Not at all concerned,Not at all concerned,Not at all concerned,Not at all concerned,Disagree,Agree,Agree,Agree,Agree,Agree,it
31/03/2026 11:25:30,Italy,Female,3rd year,3 - Intermediate: I use some AI tools occasionally for simple tasks and understand their basic functions.,A few times a week,"Brainstorming ideas and getting inspiration, Summarizing long documents or articles, Writing/drafting text (emails, essays, reports), Solving math/logic problems or coding, Helping with homework / Lesson planning","I read it to check for major errors, but keep it mostly intact.",The AI produced a much better result than I could have.,It is a huge time saver.,"A significant amount of time (I engage in long conversations, going back and forth until the output is perfect).",Somewhat confident,I ask the AI itself if it is sure about the answer.,"Yes, occasionally.",I have never paid attention to this aspect.,"Curiosity, Hope, Skepticism",You try it out after hearing good things from friends or colleagues.,A few times a week,A smart search engine (to find information quickly and accurately).,Strongly Agree,Disagree,Strongly Disagree,Agree,Disagree,Strongly Disagree,Disagree,Very concerned,Very concerned,Slightly concerned,Moderately concerned,Moderately concerned,Agree,Agree,Disagree,Agree,Strongly Agree,Disagree,it
31/03/2026 11:24:59,Italy,Female,3rd year,3 - Intermediate: I use some AI tools occasionally for simple tasks and understand their basic functions.,A few times a week,"Brainstorming ideas and getting inspiration, Summarizing long documents or articles, Helping with homework / Lesson planning","I read it to check for major errors, but keep it mostly intact.",The AI and I would have produced a similar result.,It is a huge time saver.,"A significant amount of time (I engage in long conversations, going back and forth until the output is perfect).",Very confident,"I do a quick search (e.g., Google, Wikipedia) to verify it.","Yes, occasionally.",I have never paid attention to this aspect.,"Curiosity, Hope, Enthusiasm",You wait until it becomes mainstream and most people are using it.,Daily,A personal tutor/mentor (to explain concepts and help me learn).,Strongly Disagree,Agree,Agree,Strongly Agree,Agree,Disagree,Strongly Disagree,Very concerned,Moderately concerned,Moderately concerned,Slightly concerned,Slightly concerned,Disagree,Agree,Disagree,Agree,Strongly Agree,Strongly Agree,it
31/03/2026 10:27:12,Italy,Female,3rd year,3 - Intermediate: I use some AI tools occasionally for simple tasks and understand their basic functions.,A few times a week,"Brainstorming ideas and getting inspiration, Translating texts or learning a language, Helping with homework / Lesson planning",I use it as a draft or inspiration and rewrite it heavily.,The AI produced a much better result than I could have.,"It enriches my work (gives me ideas I wouldn't have had), but takes about the same amount of time.",A moderate amount of time (I ask for a few adjustments or refinements).,Somewhat confident,I systematically check primary and authoritative sources to confirm the data.,"Yes, occasionally.","Yes, occasionally.","Curiosity, Skepticism, Suspicion",You only use it if it is strictly required for school or work.,A few times a month,A creative assistant/collaborator (to brainstorm and co-create).,Agree,Agree,Agree,Disagree,Strongly Disagree,Disagree,Agree,Moderately concerned,Very concerned,Extremely concerned,Very concerned,Very concerned,Agree,Agree,Agree,Agree,Agree,Disagree,it
31/03/2026 08:41:16,Italy,Female,3rd year,"2 - Novice: I know the basic concepts and have seen AI tools, but I rarely or never use them myself.",Rarely,"I do not use AI tools, Other (specific questions)",I use it as a draft or inspiration and rewrite it heavily.,"My original work would have been better, but the AI was faster.",It is a waste of time (I spend more time prompting and correcting than doing it myself).,It takes so much time that sometimes I just give up and do the work myself.,Somewhat confident,I systematically check primary and authoritative sources to confirm the data.,"Yes, occasionally.",I have never paid attention to this aspect.,"Curiosity, Skepticism, Other",You wait until it becomes mainstream and most people are using it.,Never,A smart search engine (to find information quickly and accurately).,Disagree,Disagree,Agree,Strongly Disagree,Strongly Disagree,Agree,Strongly Agree,Not at all concerned,Slightly concerned,Very concerned,Moderately concerned,Slightly concerned,Agree,Strongly Disagree,Disagree,Disagree,Disagree,Strongly Disagree,it
31/03/2026 08:36:34,Italy,Female,3rd year,3 - Intermediate: I use some AI tools occasionally for simple tasks and understand their basic functions.,A few times a week,"Summarizing long documents or articles, Helping with homework / Lesson planning, Generating images or presentations","I read it to check for major errors, but keep it mostly intact.",The AI produced a much better result than I could have.,It is a huge time saver.,A moderate amount of time (I ask for a few adjustments or refinements).,Somewhat confident,I ask the AI itself if it is sure about the answer.,"No, never.","No, never.","Curiosity, Enthusiasm",You only use it if it is strictly required for school or work.,A few times a week,A personal tutor/mentor (to explain concepts and help me learn).,Agree,Agree,Strongly Agree,Disagree,Disagree,Agree,Strongly Disagree,Not at all concerned,Not at all concerned,Slightly concerned,Not at all concerned,Not at all concerned,Disagree,Agree,Strongly Agree,Strongly Agree,Strongly Agree,Strongly Agree,it
31/03/2026 08:35:28,Italy,Male,3rd year,"2 - Novice: I know the basic concepts and have seen AI tools, but I rarely or never use them myself.",A few times a month,"Summarizing long documents or articles, Writing/drafting text (emails, essays, reports)",I use it as a draft or inspiration and rewrite it heavily.,"My original work would have been better, but the AI was faster.","It enriches my work (gives me ideas I wouldn't have had), but takes about the same amount of time.",A moderate amount of time (I ask for a few adjustments or refinements).,Somewhat confident,"I do a quick search (e.g., Google, Wikipedia) to verify it.","Yes, occasionally.","No, never.","Curiosity, Skepticism",You only use it if it is strictly required for school or work.,A few times a month,A creative assistant/collaborator (to brainstorm and co-create).,Agree,Agree,Agree,Agree,Disagree,Agree,Disagree,Slightly concerned,Moderately concerned,Slightly concerned,Slightly concerned,Very concerned,Agree,Agree,Agree,Agree,Agree,Agree,it
31/03/2026 08:35:02,Italy,Female,3rd year,"2 - Novice: I know the basic concepts and have seen AI tools, but I rarely or never use them myself.",A few times a week,"Brainstorming ideas and getting inspiration, Summarizing long documents or articles, Helping with homework / Lesson planning",I use it as a draft or inspiration and rewrite it heavily.,The AI produced a much better result than I could have.,"It enriches my work (gives me ideas I wouldn't have had), but takes about the same amount of time.",A moderate amount of time (I ask for a few adjustments or refinements).,Somewhat confident,"I do a quick search (e.g., Google, Wikipedia) to verify it.","No, never.","Yes, occasionally.","Curiosity, Hope, Suspicion",You wait until it becomes mainstream and most people are using it.,A few times a week,A personal tutor/mentor (to explain concepts and help me learn).,Agree,Disagree,Agree,Strongly Agree,Strongly Disagree,Agree,Agree,Not at all concerned,Slightly concerned,Not at all concerned,Slightly concerned,Not at all concerned,Disagree,Disagree,Agree,Agree,Strongly Disagree,Strongly Disagree,it
31/03/2026 08:32:34,Italy,Female,3rd year,3 - Intermediate: I use some AI tools occasionally for simple tasks and understand their basic functions.,Daily,"Translating texts or learning a language, Summarizing long documents or articles, Helping with homework / Lesson planning",I use it as a draft or inspiration and rewrite it heavily.,The AI produced a much better result than I could have.,It is a huge time saver.,"A significant amount of time (I engage in long conversations, going back and forth until the output is perfect).",Very confident,I ask the AI itself if it is sure about the answer.,"No, never.","Yes, occasionally.",Suspicion,You only use it if it is strictly required for school or work.,Daily,A personal tutor/mentor (to explain concepts and help me learn).,Disagree,Agree,Agree,Agree,Agree,Agree,Agree,Extremely concerned,Very concerned,Moderately concerned,Slightly concerned,Moderately concerned,Disagree,Strongly Agree,Agree,Strongly Agree,Strongly Agree,Strongly Agree,it
31/03/2026 08:31:44,Italy,Female,3rd year,3 - Intermediate: I use some AI tools occasionally for simple tasks and understand their basic functions.,A few times a week,"Brainstorming ideas and getting inspiration, Summarizing long documents or articles, Writing/drafting text (emails, essays, reports), Solving math/logic problems or coding",I review the AI-generated output to identify potential errors and refine the text as necessary.,The AI and I would have produced a similar result.,"It enriches my work (gives me ideas I wouldn't have had), but takes about the same amount of time.",A moderate amount of time (I ask for a few adjustments or refinements).,Somewhat confident,I trust it completely and use it as is.,"No, never.",I have never paid attention to this aspect.,"Curiosity, Skepticism, Enthusiasm",You try it out after hearing good things from friends or colleagues.,A few times a week,A personal tutor/mentor (to explain concepts and help me learn).,Agree,Agree,Agree,Disagree,Strongly Agree,Strongly Disagree,Disagree,Very concerned,Extremely concerned,Very concerned,Moderately concerned,Slightly concerned,Strongly Agree,Agree,Agree,Disagree,Agree,Disagree,it
31/03/2026 08:30:43,Italy,Female,3rd year,3 - Intermediate: I use some AI tools occasionally for simple tasks and understand their basic functions.,A few times a week,"Brainstorming ideas and getting inspiration, Summarizing long documents or articles, Writing/drafting text (emails, essays, reports)",I review the AI-generated output to identify potential errors and refine the text as necessary.,The AI and I would have produced a similar result.,It is a huge time saver.,A moderate amount of time (I ask for a few adjustments or refinements).,Somewhat confident,"I do a quick search (e.g., Google, Wikipedia) to verify it.",I didn't know AI could do that.,I have never paid attention to this aspect.,"Anxiety, Fear, Skepticism",You wait until it becomes mainstream and most people are using it.,A few times a week,A creative assistant/collaborator (to brainstorm and co-create).,Agree,Agree,Disagree,Disagree,Strongly Disagree,Disagree,Strongly Disagree,Very concerned,Extremely concerned,Extremely concerned,Very concerned,Very concerned,Strongly Agree,Strongly Disagree,Strongly Agree,Strongly Agree,Strongly Agree,Agree,it
31/03/2026 08:30:18,Italy,Female,3rd year,3 - Intermediate: I use some AI tools occasionally for simple tasks and understand their basic functions.,A few times a week,"Summarizing long documents or articles, Writing/drafting text (emails, essays, reports), Helping with homework / Lesson planning","I read it to check for major errors, but keep it mostly intact.","My original work would have been better, but the AI was faster.",It is a huge time saver.,"A significant amount of time (I engage in long conversations, going back and forth until the output is perfect).",Somewhat confident,I ask the AI itself if it is sure about the answer.,"Yes, occasionally.",I have never paid attention to this aspect.,"Curiosity, Fear, Enthusiasm",You try it out after hearing good things from friends or colleagues.,A few times a week,A shortcut (to do the heavy lifting or do my assignments for me).,Strongly Disagree,Agree,Agree,Strongly Disagree,Strongly Agree,Disagree,Disagree,Moderately concerned,Slightly concerned,Slightly concerned,Slightly concerned,Slightly concerned,Disagree,Agree,Agree,Strongly Agree,Strongly Agree,Disagree,it
31/03/2026 08:29:56,Italy,Male,3rd year,3 - Intermediate: I use some AI tools occasionally for simple tasks and understand their basic functions.,A few times a week,"Translating texts or learning a language, Solving math/logic problems or coding, Generating images or presentations",I use it as a draft or inspiration and rewrite it heavily.,The AI and I would have produced a similar result.,It is a huge time saver.,A moderate amount of time (I ask for a few adjustments or refinements).,Somewhat confident,I trust it completely and use it as is.,I didn't know AI could do that.,"Yes, occasionally.","Curiosity, Hope, Enthusiasm",You try it out after hearing good things from friends or colleagues.,Daily,A smart search engine (to find information quickly and accurately).,Agree,Strongly Agree,Agree,Strongly Agree,Agree,Disagree,Agree,Not at all concerned,Not at all concerned,Very concerned,Very concerned,Extremely concerned,Disagree,Strongly Agree,Agree,Disagree,Strongly Agree,Strongly Agree,it
31/03/2026 08:29:08,Italy,Female,3rd year,"2 - Novice: I know the basic concepts and have seen AI tools, but I rarely or never use them myself.",A few times a month,Summarizing long documents or articles,I use it as a draft or inspiration and rewrite it heavily.,"My original work would have been better, but the AI was faster.","It enriches my work (gives me ideas I wouldn't have had), but takes about the same amount of time.",A moderate amount of time (I ask for a few adjustments or refinements).,Very confident,"I do a quick search (e.g., Google, Wikipedia) to verify it.","Yes, frequently.",I have never paid attention to this aspect.,"Curiosity, Fear, Skepticism",You only use it if it is strictly required for school or work.,A few times a month,A smart search engine (to find information quickly and accurately).,Agree,Agree,Agree,Strongly Disagree,Agree,Agree,Disagree,Not at all concerned,Very concerned,Moderately concerned,Slightly concerned,Moderately concerned,Agree,Strongly Disagree,Agree,Agree,Agree,Strongly Disagree,it
31/03/2026 08:28:29,Italy,Female,3rd year,3 - Intermediate: I use some AI tools occasionally for simple tasks and understand their basic functions.,Daily,Summarizing long documents or articles,"I read it to check for major errors, but keep it mostly intact.",The AI produced a much better result than I could have.,"It enriches my work (gives me ideas I wouldn't have had), but takes about the same amount of time.",A moderate amount of time (I ask for a few adjustments or refinements).,Somewhat confident,I ask the AI itself if it is sure about the answer.,"No, never.",I have never paid attention to this aspect.,"Curiosity, Fear, Enthusiasm",You wait until it becomes mainstream and most people are using it.,Daily,A smart search engine (to find information quickly and accurately).,Strongly Agree,Agree,Agree,Agree,Agree,Disagree,Agree,Very concerned,Slightly concerned,Moderately concerned,Extremely concerned,Moderately concerned,Disagree,Agree,Agree,Agree,Agree,Agree,it
31/03/2026 08:27:48,Italy,Male,3rd year,"4 - Advanced: I use AI tools regularly for various tasks and have a good understanding of their capabilities, limits, and potential biases.",Daily,"Translating texts or learning a language, Summarizing long documents or articles, Writing/drafting text (emails, essays, reports), Solving math/logic problems or coding, Helping with homework / Lesson planning","I read it to check for major errors, but keep it mostly intact.",The AI produced a much better result than I could have.,"It enriches my work (gives me ideas I wouldn't have had), but takes about the same amount of time.","A significant amount of time (I engage in long conversations, going back and forth until the output is perfect).",Somewhat confident,I trust it completely and use it as is.,"Yes, occasionally.",I have never paid attention to this aspect.,"Curiosity, Hope, Enthusiasm",You try it out after hearing good things from friends or colleagues.,Daily,A personal tutor/mentor (to explain concepts and help me learn).,Agree,Agree,Agree,Agree,Agree,Agree,Strongly Disagree,Moderately concerned,Moderately concerned,Extremely concerned,Slightly concerned,Not at all concerned,Disagree,Strongly Agree,Strongly Agree,Strongly Agree,Strongly Agree,Disagree,it
31/03/2026 07:13:39,Italy,Female,1st year,"2 - Novice: I know the basic concepts and have seen AI tools, but I rarely or never use them myself.",Rarely,"Translating texts or learning a language, Writing/drafting text (emails, essays, reports)","I read it to check for major errors, but keep it mostly intact.","My original work would have been better, but the AI was faster.",It has no significant impact on my time or effort.,A moderate amount of time (I ask for a few adjustments or refinements).,Somewhat confident,"I do a quick search (e.g., Google, Wikipedia) to verify it.","Yes, frequently.","Yes, occasionally.","Fear, Skepticism",You wait until it becomes mainstream and most people are using it.,Rarely,A personal tutor/mentor (to explain concepts and help me learn).,Disagree,Agree,Strongly Disagree,Strongly Disagree,Disagree,Agree,Strongly Disagree,Slightly concerned,Very concerned,Slightly concerned,Extremely concerned,Extremely concerned,Agree,Disagree,Disagree,Agree,Disagree,Strongly Disagree,it
30/03/2026 19:00:32,Italy,Male,1st year,3 - Intermediate: I use some AI tools occasionally for simple tasks and understand their basic functions.,A few times a week,"Translating texts or learning a language, Writing/drafting text (emails, essays, reports), Solving math/logic problems or coding",I copy and paste it directly without reading it thoroughly.,The AI produced a much better result than I could have.,It is a huge time saver.,Very little time (I usually accept the first answer it provides).,Very confident,"I do a quick search (e.g., Google, Wikipedia) to verify it.","Yes, occasionally.",I have never paid attention to this aspect.,"Skepticism, Other (laziness)",You only use it if it is strictly required for school or work.,A few times a week,A shortcut (to do the heavy lifting or do my assignments for me).,Disagree,Disagree,Strongly Agree,Strongly Agree,Strongly Agree,Strongly Disagree,Agree,Moderately concerned,Extremely concerned,Moderately concerned,Extremely concerned,Not at all concerned,Agree,Agree,Disagree,Agree,Strongly Agree,Strongly Disagree,it
30/03/2026 12:32:39,Italy,Female,2nd year,"4 - Advanced: I use AI tools regularly for various tasks and have a good understanding of their capabilities, limits, and potential biases.",A few times a week,"Translating texts or learning a language, Summarizing long documents or articles, Helping with homework / Lesson planning",I review the AI-generated output to identify potential errors and refine the text as necessary.,The AI and I would have produced a similar result.,"It enriches my work (gives me ideas I wouldn't have had), but takes about the same amount of time.",A moderate amount of time (I ask for a few adjustments or refinements).,Somewhat confident,I ask the AI itself if it is sure about the answer.,"Yes, occasionally.","No, never.","Curiosity, Enthusiasm, Suspicion",You wait until it becomes mainstream and most people are using it.,A few times a week,A creative assistant/collaborator (to brainstorm and co-create).,Agree,Agree,Disagree,Disagree,Strongly Agree,Disagree,Strongly Disagree,Not at all concerned,Moderately concerned,Extremely concerned,Slightly concerned,Moderately concerned,Agree,Disagree,Strongly Disagree,Disagree,Strongly Agree,Disagree,it
30/03/2026 12:28:41,Italy,Female,2nd year,3 - Intermediate: I use some AI tools occasionally for simple tasks and understand their basic functions.,A few times a week,Other (homework and project ideas),I review the AI-generated output to identify potential errors and refine the text as necessary.,The AI produced a much better result than I could have.,It is a huge time saver.,"A significant amount of time (I engage in long conversations, going back and forth until the output is perfect).",Very confident,"I do a quick search (e.g., Google, Wikipedia) to verify it.","Yes, occasionally.","Yes, frequently.","Curiosity, Enthusiasm",You try it out after hearing good things from friends or colleagues.,A few times a week,A smart search engine (to find information quickly and accurately).,Disagree,Agree,Disagree,Strongly Disagree,Agree,Disagree,Agree,Slightly concerned,Extremely concerned,Extremely concerned,Extremely concerned,Moderately concerned,Strongly Agree,Strongly Agree,Disagree,Strongly Agree,Agree,Agree,it
30/03/2026 12:28:20,Italy,Female,2nd year,3 - Intermediate: I use some AI tools occasionally for simple tasks and understand their basic functions.,A few times a week,"Writing/drafting text (emails, essays, reports), Solving math/logic problems or coding, Helping with homework / Lesson planning",I review the AI-generated output to identify potential errors and refine the text as necessary.,The AI produced a much better result than I could have.,It is a huge time saver.,A moderate amount of time (I ask for a few adjustments or refinements).,Very confident,I trust it completely and use it as is.,"Yes, occasionally.","No, never.",Suspicion,You wait until it becomes mainstream and most people are using it.,A few times a week,A smart search engine (to find information quickly and accurately).,Agree,Disagree,Agree,Disagree,Agree,Strongly Disagree,Disagree,Slightly concerned,Very concerned,Moderately concerned,Slightly concerned,Slightly concerned,Disagree,Disagree,Agree,Agree,Agree,Strongly Disagree,it
30/03/2026 12:26:05,Italy,Male,2nd year,3 - Intermediate: I use some AI tools occasionally for simple tasks and understand their basic functions.,Daily,"Translating texts or learning a language, Solving math/logic problems or coding, Generating images or presentations",I use it as a draft or inspiration and rewrite it heavily.,"My original work would have been better, but the AI was faster.",It is a huge time saver.,A moderate amount of time (I ask for a few adjustments or refinements).,Very confident,I ask the AI itself if it is sure about the answer.,"Yes, occasionally.","Yes, occasionally.",Hope,You wait until it becomes mainstream and most people are using it.,Rarely,A shortcut (to do the heavy lifting or do my assignments for me).,Agree,Agree,Disagree,Disagree,Strongly Agree,Strongly Disagree,Strongly Disagree,Not at all concerned,Not at all concerned,Very concerned,Moderately concerned,Slightly concerned,Disagree,Agree,Disagree,Strongly Disagree,Strongly Agree,Agree,it
30/03/2026 12:23:22,Italy,Non-binary,2nd year,3 - Intermediate: I use some AI tools occasionally for simple tasks and understand their basic functions.,A few times a month,Helping with homework / Lesson planning,I use it as a draft or inspiration and rewrite it heavily.,"My original work would have been better, but the AI was faster.",It is a waste of time (I spend more time prompting and correcting than doing it myself).,"A significant amount of time (I engage in long conversations, going back and forth until the output is perfect).",Somewhat confident,I systematically check primary and authoritative sources to confirm the data.,"Yes, frequently.","Yes, frequently.","Skepticism, Suspicion",You only use it if it is strictly required for school or work.,Rarely,A creative assistant/collaborator (to brainstorm and co-create).,Agree,Strongly Disagree,Strongly Disagree,Disagree,Strongly Disagree,Disagree,Strongly Disagree,Very concerned,Very concerned,Extremely concerned,Extremely concerned,Very concerned,Agree,Disagree,Strongly Disagree,Agree,Disagree,Strongly Disagree,it
30/03/2026 11:48:57,Italy,Female,1st year,"4 - Advanced: I use AI tools regularly for various tasks and have a good understanding of their capabilities, limits, and potential biases.",A few times a week,"Summarizing long documents or articles, Solving math/logic problems or coding, Helping with homework / Lesson planning","I read it to check for major errors, but keep it mostly intact.","My original work would have been better, but the AI was faster.","It enriches my work (gives me ideas I wouldn't have had), but takes about the same amount of time.","A significant amount of time (I engage in long conversations, going back and forth until the output is perfect).",Not very confident,"I do a quick search (e.g., Google, Wikipedia) to verify it.","Yes, occasionally.","Yes, occasionally.",Curiosity,You wait until it becomes mainstream and most people are using it.,A few times a week,A personal tutor/mentor (to explain concepts and help me learn).,Agree,Disagree,Disagree,Strongly Disagree,Disagree,Strongly Disagree,Strongly Disagree,Slightly concerned,Very concerned,Very concerned,Moderately concerned,Not at all concerned,Agree,Strongly Disagree,Agree,Disagree,Agree,Strongly Disagree,it
30/03/2026 11:42:15,Italy,Female,1st year,3 - Intermediate: I use some AI tools occasionally for simple tasks and understand their basic functions.,A few times a week,"Brainstorming ideas and getting inspiration, Summarizing long documents or articles, Helping with homework / Lesson planning",I use it as a draft or inspiration and rewrite it heavily.,"My original work would have been better, but the AI was faster.",It is a huge time saver.,A moderate amount of time (I ask for a few adjustments or refinements).,Somewhat confident,"I do a quick search (e.g., Google, Wikipedia) to verify it.","Yes, occasionally.","Yes, occasionally.","Curiosity, Skepticism, Suspicion",You try it out after hearing good things from friends or colleagues.,A few times a week,A personal tutor/mentor (to explain concepts and help me learn).,Strongly Disagree,Agree,Disagree,Disagree,Strongly Disagree,Strongly Disagree,Disagree,Moderately concerned,Slightly concerned,Slightly concerned,Moderately concerned,Moderately concerned,Disagree,Agree,Agree,Strongly Agree,Agree,Disagree,it
30/03/2026 11:41:18,Italy,Female,1st year,"2 - Novice: I know the basic concepts and have seen AI tools, but I rarely or never use them myself.",Never,"Translating texts or learning a language, I do not use AI tools",I only use AI to review or correct content I have entirely written myself.,"The AI's output was poor/incorrect, and I had to redo most of it.",It has no significant impact on my time or effort.,It takes so much time that sometimes I just give up and do the work myself.,Not very confident,"I do a quick search (e.g., Google, Wikipedia) to verify it.","Yes, occasionally.","No, never.","Anxiety, Fear, Suspicion",You only use it if it is strictly required for school or work.,Rarely,A shortcut (to do the heavy lifting or do my assignments for me).,Agree,Strongly Disagree,Agree,Strongly Disagree,Strongly Disagree,Disagree,Disagree,Slightly concerned,Very concerned,Extremely concerned,Extremely concerned,Not at all concerned,Strongly Agree,Strongly Disagree,Strongly Disagree,Strongly Disagree,Disagree,Strongly Disagree,it
30/03/2026 11:40:44,Italy,Female,1st year,3 - Intermediate: I use some AI tools occasionally for simple tasks and understand their basic functions.,A few times a week,"Translating texts or learning a language, Summarizing long documents or articles, Solving math/logic problems or coding, Helping with homework / Lesson planning, Generating images or presentations","I read it to check for major errors, but keep it mostly intact.","My original work would have been better, but the AI was faster.",It is a huge time saver.,A moderate amount of time (I ask for a few adjustments or refinements).,Somewhat confident,"I do a quick search (e.g., Google, Wikipedia) to verify it.","Yes, occasionally.",I have never paid attention to this aspect.,"Anxiety, Curiosity, Hope",You try it out after hearing good things from friends or colleagues.,A few times a week,A shortcut (to do the heavy lifting or do my assignments for me).,Agree,Disagree,Agree,Strongly Disagree,Disagree,Agree,Agree,Moderately concerned,Very concerned,Very concerned,Slightly concerned,Moderately concerned,Agree,Disagree,Agree,Agree,Agree,Disagree,it
30/03/2026 11:38:52,Italy,Female,1st year,3 - Intermediate: I use some AI tools occasionally for simple tasks and understand their basic functions.,A few times a month,Summarizing long documents or articles,I review the AI-generated output to identify potential errors and refine the text as necessary.,"My original work would have been better, but the AI was faster.","It enriches my work (gives me ideas I wouldn't have had), but takes about the same amount of time.",A moderate amount of time (I ask for a few adjustments or refinements).,Very confident,I ask the AI itself if it is sure about the answer.,"Yes, occasionally.","Yes, occasionally.","Curiosity, Skepticism, Suspicion",You try it out after hearing good things from friends or colleagues.,A few times a month,A personal tutor/mentor (to explain concepts and help me learn).,Agree,Agree,Disagree,Agree,Disagree,Strongly Disagree,Disagree,Not at all concerned,Moderately concerned,Not at all concerned,Very concerned,Slightly concerned,Agree,Agree,Strongly Agree,Strongly Agree,Strongly Agree,Strongly Disagree,it
30/03/2026 11:36:48,Italy,Female,1st year,"4 - Advanced: I use AI tools regularly for various tasks and have a good understanding of their capabilities, limits, and potential biases.",Daily,"Summarizing long documents or articles, Solving math/logic problems or coding, Generating images or presentations",I review the AI-generated output to identify potential errors and refine the text as necessary.,"My original work would have been better, but the AI was faster.",It has no significant impact on my time or effort.,A moderate amount of time (I ask for a few adjustments or refinements).,Very confident,"I do a quick search (e.g., Google, Wikipedia) to verify it.","Yes, occasionally.","Yes, frequently.","Anxiety, Curiosity, Enthusiasm",You only use it if it is strictly required for school or work.,A few times a week,A smart search engine (to find information quickly and accurately).,Agree,Agree,Agree,Strongly Disagree,Disagree,Disagree,Agree,Very concerned,Slightly concerned,Not at all concerned,Slightly concerned,Not at all concerned,Agree,Disagree,Strongly Disagree,Disagree,Agree,Strongly Disagree,it
30/03/2026 11:36:45,Italy,Female,1st year,3 - Intermediate: I use some AI tools occasionally for simple tasks and understand their basic functions.,A few times a month,Summarizing long documents or articles,I review the AI-generated output to identify potential errors and refine the text as necessary.,"My original work would have been better, but the AI was faster.","It enriches my work (gives me ideas I wouldn't have had), but takes about the same amount of time.",A moderate amount of time (I ask for a few adjustments or refinements).,Very confident,I systematically check primary and authoritative sources to confirm the data.,"Yes, occasionally.","Yes, occasionally.","Curiosity, Skepticism",You try it out after hearing good things from friends or colleagues.,A few times a month,A shortcut (to do the heavy lifting or do my assignments for me).,Agree,Strongly Agree,Strongly Agree,Strongly Disagree,Agree,Strongly Agree,Agree,Not at all concerned,Slightly concerned,Very concerned,Very concerned,Not at all concerned,Agree,Disagree,Strongly Disagree,Agree,Strongly Disagree,Disagree,it
30/03/2026 11:32:41,Italy,Female,1st year,"2 - Novice: I know the basic concepts and have seen AI tools, but I rarely or never use them myself.",Rarely,Solving math/logic problems or coding,I use it as a draft or inspiration and rewrite it heavily.,The AI produced a much better result than I could have.,"It enriches my work (gives me ideas I wouldn't have had), but takes about the same amount of time.",A moderate amount of time (I ask for a few adjustments or refinements).,Somewhat confident,I trust it completely and use it as is.,"Yes, occasionally.","Yes, occasionally.","Curiosity, Hope, Suspicion",You only use it if it is strictly required for school or work.,Rarely,A personal tutor/mentor (to explain concepts and help me learn).,Disagree,Agree,Agree,Disagree,Agree,Strongly Disagree,Disagree,Slightly concerned,Very concerned,Extremely concerned,Moderately concerned,Moderately concerned,Strongly Agree,Disagree,Disagree,Disagree,Agree,Agree,it
30/03/2026 11:31:27,Italy,Female,1st year,3 - Intermediate: I use some AI tools occasionally for simple tasks and understand their basic functions.,A few times a week,"Translating texts or learning a language, Summarizing long documents or articles, Writing/drafting text (emails, essays, reports), Helping with homework / Lesson planning, Generating images or presentations","I read it to check for major errors, but keep it mostly intact.",The AI and I would have produced a similar result.,It is a huge time saver.,Very little time (I usually accept the first answer it provides).,Very confident,"I do a quick search (e.g., Google, Wikipedia) to verify it.","Yes, occasionally.","Yes, frequently.",Enthusiasm,You try it out after hearing good things from friends or colleagues.,A few times a week,A smart search engine (to find information quickly and accurately).,Disagree,Agree,Agree,Agree,Disagree,Agree,Strongly Disagree,Very concerned,Not at all concerned,Not at all concerned,Not at all concerned,Not at all concerned,Strongly Agree,Strongly Agree,Strongly Agree,Strongly Agree,Strongly Agree,Strongly Agree,it
30/03/2026 11:30:36,Italy,Male,1st year,3 - Intermediate: I use some AI tools occasionally for simple tasks and understand their basic functions.,A few times a month,"Summarizing long documents or articles, Solving math/logic problems or coding, Helping with homework / Lesson planning",I use it as a draft or inspiration and rewrite it heavily.,"My original work would have been better, but the AI was faster.",It is a huge time saver.,A moderate amount of time (I ask for a few adjustments or refinements).,Somewhat confident,"I do a quick search (e.g., Google, Wikipedia) to verify it.","Yes, occasionally.",I have never paid attention to this aspect.,"Curiosity, Skepticism, Suspicion",You try it out after hearing good things from friends or colleagues.,A few times a month,A shortcut (to do the heavy lifting or do my assignments for me).,Disagree,Agree,Agree,Disagree,Strongly Disagree,Strongly Disagree,Disagree,Slightly concerned,Moderately concerned,Very concerned,Moderately concerned,Moderately concerned,Disagree,Disagree,Strongly Disagree,Disagree,Strongly Agree,Disagree,it
30/03/2026 11:30:17,Italy,Male,1st year,"2 - Novice: I know the basic concepts and have seen AI tools, but I rarely or never use them myself.",Rarely,"Summarizing long documents or articles, Helping with homework / Lesson planning","I read it to check for major errors, but keep it mostly intact.",The AI and I would have produced a similar result.,"It enriches my work (gives me ideas I wouldn't have had), but takes about the same amount of time.",A moderate amount of time (I ask for a few adjustments or refinements).,Not at all confident,"I do a quick search (e.g., Google, Wikipedia) to verify it.","Yes, occasionally.",I have never paid attention to this aspect.,Skepticism,You wait until it becomes mainstream and most people are using it.,Rarely,A personal tutor/mentor (to explain concepts and help me learn).,Agree,Disagree,Agree,Agree,Disagree,Disagree,Disagree,Very concerned,Extremely concerned,Extremely concerned,Very concerned,Moderately concerned,Agree,Disagree,Disagree,Agree,Agree,Disagree,it
30/03/2026 11:28:55,Italy,Female,1st year,"4 - Advanced: I use AI tools regularly for various tasks and have a good understanding of their capabilities, limits, and potential biases.",Daily,"Brainstorming ideas and getting inspiration, Writing/drafting text (emails, essays, reports), Helping with homework / Lesson planning",I review the AI-generated output to identify potential errors and refine the text as necessary.,The AI produced a much better result than I could have.,It is a huge time saver.,A moderate amount of time (I ask for a few adjustments or refinements).,Somewhat confident,"I do a quick search (e.g., Google, Wikipedia) to verify it.","Yes, frequently.",I have never paid attention to this aspect.,"Curiosity, Enthusiasm, Other",You try it out after hearing good things from friends or colleagues.,Daily,A smart search engine (to find information quickly and accurately).,Agree,Agree,Strongly Agree,Agree,Strongly Disagree,Agree,Disagree,Slightly concerned,Slightly concerned,Slightly concerned,Not at all concerned,Extremely concerned,Disagree,Strongly Agree,Agree,Strongly Agree,Strongly Agree,Strongly Disagree,it
30/03/2026 11:27:53,Italy,Female,1st year,"5 - Expert: I have a deep understanding of how AI works, use it extensively, and could comfortably teach others how to use it responsibly.",Daily,"Brainstorming ideas and getting inspiration, Translating texts or learning a language, Summarizing long documents or articles, Writing/drafting text (emails, essays, reports), Solving math/logic problems or coding, Helping with homework / Lesson planning, Generating images or presentations",I only use AI to review or correct content I have entirely written myself.,The AI and I would have produced a similar result.,It is a huge time saver.,A moderate amount of time (I ask for a few adjustments or refinements).,Very confident,"I do a quick search (e.g., Google, Wikipedia) to verify it.","Yes, occasionally.","No, never.","Curiosity, Hope, Enthusiasm",You only use it if it is strictly required for school or work.,Daily,A personal tutor/mentor (to explain concepts and help me learn).,Disagree,Strongly Agree,Disagree,Disagree,Disagree,Agree,Disagree,Very concerned,Moderately concerned,Not at all concerned,Not at all concerned,Not at all concerned,Agree,Agree,Strongly Agree,Strongly Agree,Strongly Agree,Agree,it
30/03/2026 11:27:29,Italy,Female,1st year,3 - Intermediate: I use some AI tools occasionally for simple tasks and understand their basic functions.,Daily,"Translating texts or learning a language, Summarizing long documents or articles, Writing/drafting text (emails, essays, reports), Solving math/logic problems or coding, Helping with homework / Lesson planning","I read it to check for major errors, but keep it mostly intact.",The AI and I would have produced a similar result.,It is a huge time saver.,A moderate amount of time (I ask for a few adjustments or refinements).,Somewhat confident,I trust it completely and use it as is.,"Yes, occasionally.",I have never paid attention to this aspect.,"Curiosity, Hope, Enthusiasm",You try it out after hearing good things from friends or colleagues.,A few times a week,A smart search engine (to find information quickly and accurately).,Disagree,Agree,Strongly Agree,Disagree,Agree,Agree,Disagree,Moderately concerned,Moderately concerned,Extremely concerned,Moderately concerned,Not at all concerned,Strongly Disagree,Agree,Strongly Agree,Disagree,Agree,Agree,it
30/03/2026 11:26:25,Italy,Female,1st year,"4 - Advanced: I use AI tools regularly for various tasks and have a good understanding of their capabilities, limits, and potential biases.",Daily,"Summarizing long documents or articles, Writing/drafting text (emails, essays, reports), Helping with homework / Lesson planning",I review the AI-generated output to identify potential errors and refine the text as necessary.,"My original work would have been better, but the AI was faster.",It is a huge time saver.,"A significant amount of time (I engage in long conversations, going back and forth until the output is perfect).",Very confident,"I do a quick search (e.g., Google, Wikipedia) to verify it.","No, never.","No, never.","Curiosity, Hope, Enthusiasm",You wait until it becomes mainstream and most people are using it.,A few times a week,A smart search engine (to find information quickly and accurately).,Strongly Disagree,Strongly Agree,Agree,Strongly Disagree,Agree,Strongly Agree,Strongly Disagree,Not at all concerned,Moderately concerned,Not at all concerned,Not at all concerned,Extremely concerned,Disagree,Strongly Agree,Strongly Agree,Strongly Agree,Strongly Agree,Agree,it
30/03/2026 07:48:58,Italy,Male,1st year,"4 - Advanced: I use AI tools regularly for various tasks and have a good understanding of their capabilities, limits, and potential biases.",Daily,Other (gym/fitness),"I read it to check for major errors, but keep it mostly intact.",The AI produced a much better result than I could have.,"It enriches my work (gives me ideas I wouldn't have had), but takes about the same amount of time.",A moderate amount of time (I ask for a few adjustments or refinements).,Very confident,I trust it completely and use it as is.,"Yes, occasionally.","No, never.","Curiosity, Enthusiasm, Suspicion",You are one of the first to try it out.,A few times a week,A smart search engine (to find information quickly and accurately).,Agree,Disagree,Strongly Agree,Agree,Strongly Agree,Strongly Agree,Agree,Slightly concerned,Extremely concerned,Not at all concerned,Moderately concerned,Extremely concerned,Disagree,Strongly Agree,Strongly Agree,Strongly Agree,Disagree,Strongly Disagree,it
30/03/2026 07:01:01,Italy,Female,3rd year,3 - Intermediate: I use some AI tools occasionally for simple tasks and understand their basic functions.,A few times a week,Helping with homework / Lesson planning,I use it as a draft or inspiration and rewrite it heavily.,The AI and I would have produced a similar result.,"It enriches my work (gives me ideas I wouldn't have had), but takes about the same amount of time.",A moderate amount of time (I ask for a few adjustments or refinements).,Somewhat confident,"I do a quick search (e.g., Google, Wikipedia) to verify it.","Yes, occasionally.","Yes, frequently.",Curiosity,You try it out after hearing good things from friends or colleagues.,A few times a week,A personal tutor/mentor (to explain concepts and help me learn).,Strongly Agree,Agree,Strongly Agree,Strongly Disagree,Disagree,Agree,Strongly Disagree,Moderately concerned,Not at all concerned,Not at all concerned,Not at all concerned,Slightly concerned,Disagree,Agree,Strongly Agree,Strongly Agree,Strongly Agree,Disagree,it
29/03/2026 17:26:26,Italy,Female,1st year,"4 - Advanced: I use AI tools regularly for various tasks and have a good understanding of their capabilities, limits, and potential biases.",A few times a week,"Brainstorming ideas and getting inspiration, Summarizing long documents or articles, Writing/drafting text (emails, essays, reports)","I read it to check for major errors, but keep it mostly intact.",The AI produced a much better result than I could have.,"It enriches my work (gives me ideas I wouldn't have had), but takes about the same amount of time.",A moderate amount of time (I ask for a few adjustments or refinements).,Somewhat confident,I systematically check primary and authoritative sources to confirm the data.,"Yes, frequently.","Yes, occasionally.","Curiosity, Fear, Enthusiasm",You wait until it becomes mainstream and most people are using it.,Daily,A creative assistant/collaborator (to brainstorm and co-create).,Agree,Disagree,Disagree,Agree,Disagree,Agree,Agree,Extremely concerned,Slightly concerned,Slightly concerned,Slightly concerned,Very concerned,Agree,Agree,Agree,Disagree,Agree,Disagree,it
28/03/2026 12:42:11,Italy,Female,1st year,"4 - Advanced: I use AI tools regularly for various tasks and have a good understanding of their capabilities, limits, and potential biases.",Daily,"Brainstorming ideas and getting inspiration, Writing/drafting text (emails, essays, reports), Helping with homework / Lesson planning",I review the AI-generated output to identify potential errors and refine the text as necessary.,The AI produced a much better result than I could have.,It is a huge time saver.,A moderate amount of time (I ask for a few adjustments or refinements).,Somewhat confident,"I do a quick search (e.g., Google, Wikipedia) to verify it.","Yes, frequently.",I have never paid attention to this aspect.,"Curiosity, Enthusiasm, Suspicion",You try it out after hearing good things from friends or colleagues.,A few times a week,A smart search engine (to find information quickly and accurately).,Agree,Disagree,Agree,Agree,Disagree,Strongly Agree,Strongly Disagree,Moderately concerned,Moderately concerned,Moderately concerned,Not at all concerned,Not at all concerned,Agree,Strongly Agree,Disagree,Strongly Agree,Strongly Agree,Strongly Disagree,it
27/03/2026 15:37:39,Italy,Female,2nd year,3 - Intermediate: I use some AI tools occasionally for simple tasks and understand their basic functions.,A few times a week,"Brainstorming ideas and getting inspiration, Helping with homework / Lesson planning",I use it as a draft or inspiration and rewrite it heavily.,"My original work would have been better, but the AI was faster.","It enriches my work (gives me ideas I wouldn't have had), but takes about the same amount of time.",A moderate amount of time (I ask for a few adjustments or refinements).,Somewhat confident,"I do a quick search (e.g., Google, Wikipedia) to verify it.",I didn't know AI could do that.,"Yes, occasionally.","Curiosity, Skepticism",You only use it if it is strictly required for school or work.,Rarely,A smart search engine (to find information quickly and accurately).,Disagree,Agree,Agree,Strongly Disagree,Disagree,Strongly Disagree,Agree,Slightly concerned,Moderately concerned,Very concerned,Slightly concerned,Very concerned,Strongly Disagree,Disagree,Agree,Strongly Agree,Disagree,Strongly Disagree,it
27/03/2026 12:54:16,Italy,Male,2nd year,"2 - Novice: I know the basic concepts and have seen AI tools, but I rarely or never use them myself.",Rarely,"Generating images or presentations, Other (images for fun)",I copy and paste it directly without reading it thoroughly.,"My original work would have been better, but the AI was faster.",It is a waste of time (I spend more time prompting and correcting than doing it myself).,Very little time (I usually accept the first answer it provides).,Not very confident,"I do a quick search (e.g., Google, Wikipedia) to verify it.",I didn't know AI could do that.,I have never paid attention to this aspect.,Curiosity,You try it out after hearing good things from friends or colleagues.,Rarely,An entertainment tool (just for fun).,Agree,Disagree,Disagree,Strongly Disagree,Disagree,Disagree,Strongly Disagree,Slightly concerned,Slightly concerned,Slightly concerned,Slightly concerned,Slightly concerned,Agree,Agree,Disagree,Agree,Strongly Disagree,Agree,it
27/03/2026 12:50:46,Italy,Male,2nd year,3 - Intermediate: I use some AI tools occasionally for simple tasks and understand their basic functions.,A few times a week,"Translating texts or learning a language, Summarizing long documents or articles",I review the AI-generated output to identify potential errors and refine the text as necessary.,The AI and I would have produced a similar result.,"It enriches my work (gives me ideas I wouldn't have had), but takes about the same amount of time.",A moderate amount of time (I ask for a few adjustments or refinements).,Somewhat confident,I ask the AI itself if it is sure about the answer.,"Yes, occasionally.",I have never paid attention to this aspect.,"Curiosity, Skepticism, Enthusiasm",You wait until it becomes mainstream and most people are using it.,A few times a week,A personal tutor/mentor (to explain concepts and help me learn).,Agree,Agree,Agree,Agree,Disagree,Agree,Strongly Disagree,Very concerned,Not at all concerned,Not at all concerned,Not at all concerned,Moderately concerned,Disagree,Agree,Strongly Agree,Strongly Agree,Strongly Agree,Disagree,it
27/03/2026 12:50:12,Italy,Female,2nd year,"5 - Expert: I have a deep understanding of how AI works, use it extensively, and could comfortably teach others how to use it responsibly.",Daily,"Brainstorming ideas and getting inspiration, Summarizing long documents or articles",I review the AI-generated output to identify potential errors and refine the text as necessary.,The AI and I would have produced a similar result.,It is a huge time saver.,"A significant amount of time (I engage in long conversations, going back and forth until the output is perfect).",Somewhat confident,I systematically check primary and authoritative sources to confirm the data.,"Yes, occasionally.","Yes, occasionally.","Curiosity, Enthusiasm",You only use it if it is strictly required for school or work.,A few times a month,A smart search engine (to find information quickly and accurately).,Agree,Agree,Strongly Agree,Strongly Disagree,Disagree,Strongly Agree,Strongly Disagree,Moderately concerned,Slightly concerned,Slightly concerned,Not at all concerned,Not at all concerned,Disagree,Strongly Agree,Strongly Agree,Strongly Agree,Strongly Agree,Agree,it
27/03/2026 12:47:26,Italy,Female,2nd year,"4 - Advanced: I use AI tools regularly for various tasks and have a good understanding of their capabilities, limits, and potential biases.",Daily,"Translating texts or learning a language, Summarizing long documents or articles, Writing/drafting text (emails, essays, reports), Helping with homework / Lesson planning","I read it to check for major errors, but keep it mostly intact.",The AI produced a much better result than I could have.,It is a huge time saver.,A moderate amount of time (I ask for a few adjustments or refinements).,Somewhat confident,I ask the AI itself if it is sure about the answer.,"Yes, occasionally.","No, never.","Curiosity, Hope, Enthusiasm",You try it out after hearing good things from friends or colleagues.,Daily,A personal tutor/mentor (to explain concepts and help me learn).,Agree,Agree,Agree,Strongly Agree,Agree,Agree,Disagree,Slightly concerned,Very concerned,Moderately concerned,Slightly concerned,Not at all concerned,Disagree,Agree,Strongly Agree,Strongly Agree,Strongly Agree,Strongly Agree,it
27/03/2026 12:47:18,Italy,Prefer not to say,3rd year,3 - Intermediate: I use some AI tools occasionally for simple tasks and understand their basic functions.,Rarely,I do not use AI tools,I review the AI-generated output to identify potential errors and refine the text as necessary.,"My original work would have been better, but the AI was faster.",It is a waste of time (I spend more time prompting and correcting than doing it myself).,"A significant amount of time (I engage in long conversations, going back and forth until the output is perfect).",Very confident,I systematically check primary and authoritative sources to confirm the data.,"Yes, occasionally.","Yes, frequently.",Fear,You only use it if it is strictly required for school or work.,Rarely,A creative assistant/collaborator (to brainstorm and co-create).,Strongly Disagree,Strongly Disagree,Disagree,Strongly Disagree,Strongly Disagree,Agree,Strongly Disagree,Moderately concerned,Extremely concerned,Very concerned,Very concerned,Moderately concerned,Strongly Agree,Disagree,Strongly Disagree,Strongly Disagree,Strongly Disagree,Strongly Disagree,it
27/03/2026 12:46:35,Italy,Female,2nd year,"4 - Advanced: I use AI tools regularly for various tasks and have a good understanding of their capabilities, limits, and potential biases.",Daily,"Translating texts or learning a language, Summarizing long documents or articles, Helping with homework / Lesson planning","I read it to check for major errors, but keep it mostly intact.",The AI and I would have produced a similar result.,"It enriches my work (gives me ideas I wouldn't have had), but takes about the same amount of time.",A moderate amount of time (I ask for a few adjustments or refinements).,Very confident,I ask the AI itself if it is sure about the answer.,"Yes, occasionally.","Yes, frequently.","Curiosity, Hope, Enthusiasm",You wait until it becomes mainstream and most people are using it.,Daily,A smart search engine (to find information quickly and accurately).,Agree,Agree,Agree,Strongly Disagree,Strongly Agree,Agree,Strongly Disagree,Slightly concerned,Very concerned,Not at all concerned,Not at all concerned,Not at all concerned,Disagree,Disagree,Agree,Agree,Strongly Agree,Strongly Disagree,it
27/03/2026 12:45:17,Italy,Male,2nd year,3 - Intermediate: I use some AI tools occasionally for simple tasks and understand their basic functions.,A few times a week,"Summarizing long documents or articles, Helping with homework / Lesson planning, Generating images or presentations",I review the AI-generated output to identify potential errors and refine the text as necessary.,"My original work would have been better, but the AI was faster.","It enriches my work (gives me ideas I wouldn't have had), but takes about the same amount of time.",A moderate amount of time (I ask for a few adjustments or refinements).,Very confident,"I do a quick search (e.g., Google, Wikipedia) to verify it.","Yes, occasionally.",I have never paid attention to this aspect.,"Curiosity, Enthusiasm, Suspicion",You try it out after hearing good things from friends or colleagues.,A few times a week,A personal tutor/mentor (to explain concepts and help me learn).,Disagree,Disagree,Disagree,Strongly Disagree,Strongly Disagree,Disagree,Strongly Disagree,Slightly concerned,Not at all concerned,Not at all concerned,Not at all concerned,Slightly concerned,Agree,Strongly Disagree,Disagree,Disagree,Disagree,Strongly Disagree,it
27/03/2026 12:42:47,Italy,Female,2nd year,3 - Intermediate: I use some AI tools occasionally for simple tasks and understand their basic functions.,A few times a week,"Brainstorming ideas and getting inspiration, Summarizing long documents or articles, Writing/drafting text (emails, essays, reports), Helping with homework / Lesson planning",I review the AI-generated output to identify potential errors and refine the text as necessary.,"My original work would have been better, but the AI was faster.","It enriches my work (gives me ideas I wouldn't have had), but takes about the same amount of time.",A moderate amount of time (I ask for a few adjustments or refinements).,Somewhat confident,"I do a quick search (e.g., Google, Wikipedia) to verify it.","Yes, occasionally.","Yes, occasionally.","Curiosity, Suspicion",You try it out after hearing good things from friends or colleagues.,A few times a week,A personal tutor/mentor (to explain concepts and help me learn).,Disagree,Disagree,Agree,Strongly Disagree,Disagree,Agree,Strongly Disagree,Very concerned,Moderately concerned,Slightly concerned,Slightly concerned,Very concerned,Agree,Agree,Disagree,Agree,Strongly Agree,Disagree,it
27/03/2026 12:42:42,Italy,Female,2nd year,3 - Intermediate: I use some AI tools occasionally for simple tasks and understand their basic functions.,A few times a week,"Summarizing long documents or articles, Writing/drafting text (emails, essays, reports), Solving math/logic problems or coding",I review the AI-generated output to identify potential errors and refine the text as necessary.,"My original work would have been better, but the AI was faster.","It enriches my work (gives me ideas I wouldn't have had), but takes about the same amount of time.",A moderate amount of time (I ask for a few adjustments or refinements).,Somewhat confident,"I do a quick search (e.g., Google, Wikipedia) to verify it.","Yes, occasionally.","Yes, occasionally.","Curiosity, Suspicion",You try it out after hearing good things from friends or colleagues.,A few times a week,A personal tutor/mentor (to explain concepts and help me learn).,Disagree,Disagree,Agree,Strongly Disagree,Disagree,Agree,Strongly Disagree,Very concerned,Moderately concerned,Slightly concerned,Slightly concerned,Moderately concerned,Agree,Agree,Disagree,Agree,Strongly Agree,Disagree,it
27/03/2026 12:42:07,Italy,Female,2nd year,3 - Intermediate: I use some AI tools occasionally for simple tasks and understand their basic functions.,A few times a week,Summarizing long documents or articles,I use it as a draft or inspiration and rewrite it heavily.,"My original work would have been better, but the AI was faster.",It is a huge time saver.,A moderate amount of time (I ask for a few adjustments or refinements).,Very confident,"I do a quick search (e.g., Google, Wikipedia) to verify it.","No, never.","No, never.",Skepticism,You wait until it becomes mainstream and most people are using it.,A few times a week,A smart search engine (to find information quickly and accurately).,Agree,Strongly Disagree,Strongly Disagree,Strongly Disagree,Agree,Agree,Agree,Extremely concerned,Not at all concerned,Slightly concerned,Slightly concerned,Very concerned,Strongly Disagree,Agree,Agree,Strongly Agree,Strongly Agree,Strongly Disagree,it
27/03/2026 11:06:51,Italy,Male,3rd year,3 - Intermediate: I use some AI tools occasionally for simple tasks and understand their basic functions.,A few times a week,"Translating texts or learning a language, Summarizing long documents or articles, Helping with homework / Lesson planning","I read it to check for major errors, but keep it mostly intact.",The AI and I would have produced a similar result.,It is a huge time saver.,A moderate amount of time (I ask for a few adjustments or refinements).,Not very confident,I ask the AI itself if it is sure about the answer.,"No, never.",I have never paid attention to this aspect.,"Anxiety, Curiosity",You wait until it becomes mainstream and most people are using it.,A few times a week,A personal tutor/mentor (to explain concepts and help me learn).,Agree,Agree,Agree,Disagree,Agree,Disagree,Strongly Disagree,Slightly concerned,Slightly concerned,Moderately concerned,Slightly concerned,Very concerned,Disagree,Agree,Agree,Strongly Agree,Agree,Disagree,it
27/03/2026 10:53:12,Italy,Male,2nd year,3 - Intermediate: I use some AI tools occasionally for simple tasks and understand their basic functions.,A few times a month,Helping with homework / Lesson planning,I review the AI-generated output to identify potential errors and refine the text as necessary.,"My original work would have been better, but the AI was faster.",It is a huge time saver.,A moderate amount of time (I ask for a few adjustments or refinements).,Somewhat confident,"I do a quick search (e.g., Google, Wikipedia) to verify it.",I didn't know AI could do that.,"No, never.","Skepticism, Suspicion",You try it out after hearing good things from friends or colleagues.,A few times a month,A shortcut (to do the heavy lifting or do my assignments for me).,Agree,Strongly Disagree,Disagree,Disagree,Disagree,Agree,Strongly Disagree,Moderately concerned,Not at all concerned,Very concerned,Not at all concerned,Moderately concerned,Agree,Agree,Agree,Strongly Agree,Agree,Strongly Disagree,it
27/03/2026 10:51:54,Italy,Female,2nd year,"4 - Advanced: I use AI tools regularly for various tasks and have a good understanding of their capabilities, limits, and potential biases.",A few times a week,"Brainstorming ideas and getting inspiration, Summarizing long documents or articles, Helping with homework / Lesson planning",I use it as a draft or inspiration and rewrite it heavily.,The AI and I would have produced a similar result.,It is a huge time saver.,A moderate amount of time (I ask for a few adjustments or refinements).,Somewhat confident,"I do a quick search (e.g., Google, Wikipedia) to verify it.","Yes, occasionally.",I have never paid attention to this aspect.,"Curiosity, Enthusiasm, Suspicion",You try it out after hearing good things from friends or colleagues.,A few times a week,A smart search engine (to find information quickly and accurately).,Agree,Agree,Agree,Disagree,Disagree,Agree,Strongly Disagree,Very concerned,Moderately concerned,Very concerned,Very concerned,Moderately concerned,Agree,Agree,Agree,Strongly Agree,Disagree,Strongly Disagree,it
27/03/2026 10:48:33,Italy,Female,2nd year,"2 - Novice: I know the basic concepts and have seen AI tools, but I rarely or never use them myself.",A few times a month,Brainstorming ideas and getting inspiration,I only use AI to review or correct content I have entirely written myself.,"My original work would have been better, but the AI was faster.",It has no significant impact on my time or effort.,A moderate amount of time (I ask for a few adjustments or refinements).,Not very confident,"I do a quick search (e.g., Google, Wikipedia) to verify it.","Yes, occasionally.",I have never paid attention to this aspect.,"Fear, Suspicion",You wait until it becomes mainstream and most people are using it.,Rarely,A smart search engine (to find information quickly and accurately).,Agree,Disagree,Strongly Agree,Strongly Disagree,Strongly Disagree,Agree,Strongly Disagree,Very concerned,Extremely concerned,Slightly concerned,Not at all concerned,Moderately concerned,Agree,Agree,Agree,Strongly Agree,Agree,Strongly Disagree,it
27/03/2026 10:48:06,Italy,Female,2nd year,"2 - Novice: I know the basic concepts and have seen AI tools, but I rarely or never use them myself.",A few times a week,"Translating texts or learning a language, Summarizing long documents or articles, Solving math/logic problems or coding, Helping with homework / Lesson planning",I only use AI to review or correct content I have entirely written myself.,The AI and I would have produced a similar result.,"It enriches my work (gives me ideas I wouldn't have had), but takes about the same amount of time.",A moderate amount of time (I ask for a few adjustments or refinements).,Somewhat confident,"I do a quick search (e.g., Google, Wikipedia) to verify it.","No, never.","No, never.",Curiosity,You try it out after hearing good things from friends or colleagues.,Daily,A personal tutor/mentor (to explain concepts and help me learn).,Disagree,Agree,Agree,Disagree,Agree,Disagree,Disagree,Very concerned,Very concerned,Extremely concerned,Slightly concerned,Not at all concerned,Disagree,Agree,Agree,Agree,Agree,Disagree,it
27/03/2026 10:48:05,Italy,Female,2nd year,3 - Intermediate: I use some AI tools occasionally for simple tasks and understand their basic functions.,A few times a month,Generating images or presentations,I only use AI to review or correct content I have entirely written myself.,"My original work would have been better, but the AI was faster.","It enriches my work (gives me ideas I wouldn't have had), but takes about the same amount of time.","A significant amount of time (I engage in long conversations, going back and forth until the output is perfect).",Somewhat confident,"I do a quick search (e.g., Google, Wikipedia) to verify it.",I didn't know AI could do that.,"No, never.","Curiosity, Suspicion",You try it out after hearing good things from friends or colleagues.,Rarely,A smart search engine (to find information quickly and accurately).,Agree,Agree,Disagree,Agree,Disagree,Strongly Disagree,Strongly Disagree,Moderately concerned,Very concerned,Moderately concerned,Slightly concerned,Very concerned,Strongly Agree,Agree,Agree,Strongly Agree,Strongly Agree,Strongly Disagree,it
27/03/2026 10:46:26,Italy,Female,2nd year,"4 - Advanced: I use AI tools regularly for various tasks and have a good understanding of their capabilities, limits, and potential biases.",Daily,"Summarizing long documents or articles, Solving math/logic problems or coding, Helping with homework / Lesson planning","I read it to check for major errors, but keep it mostly intact.",The AI produced a much better result than I could have.,It is a huge time saver.,A moderate amount of time (I ask for a few adjustments or refinements).,Somewhat confident,"I do a quick search (e.g., Google, Wikipedia) to verify it.","Yes, occasionally.","Yes, frequently.","Curiosity, Enthusiasm, Suspicion",You wait until it becomes mainstream and most people are using it.,A few times a week,A smart search engine (to find information quickly and accurately).,Disagree,Disagree,Agree,Strongly Disagree,Disagree,Agree,Strongly Disagree,Moderately concerned,Not at all concerned,Not at all concerned,Moderately concerned,Very concerned,Strongly Agree,Agree,Agree,Agree,Strongly Disagree,Agree,it
27/03/2026 10:46:20,Italy,Male,2nd year,3 - Intermediate: I use some AI tools occasionally for simple tasks and understand their basic functions.,A few times a week,"Brainstorming ideas and getting inspiration, Helping with homework / Lesson planning, Generating images or presentations",I review the AI-generated output to identify potential errors and refine the text as necessary.,"My original work would have been better, but the AI was faster.",It is a huge time saver.,A moderate amount of time (I ask for a few adjustments or refinements).,Somewhat confident,"I do a quick search (e.g., Google, Wikipedia) to verify it.",I didn't know AI could do that.,I have never paid attention to this aspect.,"Curiosity, Hope, Enthusiasm",You try it out after hearing good things from friends or colleagues.,A few times a week,A personal tutor/mentor (to explain concepts and help me learn).,Agree,Disagree,Disagree,Agree,Agree,Disagree,Agree,Moderately concerned,Slightly concerned,Not at all concerned,Not at all concerned,Not at all concerned,Disagree,Strongly Agree,Agree,Agree,Agree,Disagree,it
27/03/2026 10:45:52,Italy,Male,2nd year,"4 - Advanced: I use AI tools regularly for various tasks and have a good understanding of their capabilities, limits, and potential biases.",A few times a week,"Brainstorming ideas and getting inspiration, Writing/drafting text (emails, essays, reports), Helping with homework / Lesson planning",I review the AI-generated output to identify potential errors and refine the text as necessary.,The AI and I would have produced a similar result.,"It enriches my work (gives me ideas I wouldn't have had), but takes about the same amount of time.","A significant amount of time (I engage in long conversations, going back and forth until the output is perfect).",Very confident,"I do a quick search (e.g., Google, Wikipedia) to verify it.","Yes, occasionally.","No, never.","Curiosity, Enthusiasm",You try it out after hearing good things from friends or colleagues.,A few times a week,A creative assistant/collaborator (to brainstorm and co-create).,Disagree,Agree,Disagree,Disagree,Strongly Disagree,Agree,Disagree,Slightly concerned,Not at all concerned,Not at all concerned,Slightly concerned,Moderately concerned,Disagree,Agree,Agree,Agree,Strongly Agree,Disagree,it
27/03/2026 10:44:02,Italy,Male,2nd year,1 - Absolute Beginner: I know almost nothing. I have heard the term but don't really know what it is or how to use it.,Daily,"Translating texts or learning a language, Summarizing long documents or articles, Helping with homework / Lesson planning",I use it as a draft or inspiration and rewrite it heavily.,The AI and I would have produced a similar result.,It is a huge time saver.,A moderate amount of time (I ask for a few adjustments or refinements).,Not very confident,I ask the AI itself if it is sure about the answer.,"Yes, occasionally.","Yes, occasionally.","Anxiety, Curiosity",You try it out after hearing good things from friends or colleagues.,Daily,A shortcut (to do the heavy lifting or do my assignments for me).,Agree,Agree,Agree,Disagree,Agree,Strongly Disagree,Disagree,Slightly concerned,Very concerned,Moderately concerned,Slightly concerned,Very concerned,Strongly Agree,Agree,Disagree,Agree,Strongly Agree,Disagree,it
27/03/2026 17:02:24,Spain,Male,2nd year,1 - Absolute Beginner: I know almost nothing. I have heard the term but don't really know what it is or how to use it.,Daily,Translating texts or learning a language,I review the AI-generated output to identify potential errors and refine the text as necessary.,The AI produced a much better result than I could have.,It is a huge time saver.,Very little time (I usually accept the first answer it provides).,Very confident,I trust it completely and use it as is.,"Yes, occasionally.","Yes, frequently.",Curiosity,You are one of the first to try it out.,Daily,A personal tutor/mentor (to explain concepts and help me learn).,Agree,Agree,Strongly Disagree,Agree,Strongly Disagree,Disagree,Strongly Disagree,Slightly concerned,Slightly concerned,Slightly concerned,Not at all concerned,Slightly concerned,Strongly Disagree,Disagree,Agree,Strongly Disagree,Disagree,Agree,es
27/03/2026 17:00:59,Spain,Male,2nd year,"2 - Novice: I know the basic concepts and have seen AI tools, but I rarely or never use them myself.",A few times a week,"Brainstorming ideas and getting inspiration, Helping with homework / Lesson planning, Generating images or presentations","I read it to check for major errors, but keep it mostly intact.",The AI and I would have produced a similar result.,It is a huge time saver.,A moderate amount of time (I ask for a few adjustments or refinements).,Very confident,I ask the AI itself if it is sure about the answer.,"No, never.","No, never.","Curiosity, Enthusiasm",You are one of the first to try it out.,Daily,A smart search engine (to find information quickly and accurately).,Agree,Agree,Agree,Disagree,Agree,Agree,Agree,Moderately concerned,Slightly concerned,Slightly concerned,Slightly concerned,Moderately concerned,Agree,Strongly Agree,Agree,Agree,Agree,Strongly Disagree,es
27/03/2026 16:58:17,Spain,Male,2nd year,3 - Intermediate: I use some AI tools occasionally for simple tasks and understand their basic functions.,Daily,"Brainstorming ideas and getting inspiration, Summarizing long documents or articles, Generating images or presentations",I review the AI-generated output to identify potential errors and refine the text as necessary.,The AI and I would have produced a similar result.,"It enriches my work (gives me ideas I wouldn't have had), but takes about the same amount of time.",A moderate amount of time (I ask for a few adjustments or refinements).,Very confident,I ask the AI itself if it is sure about the answer.,"Yes, occasionally.",I have never paid attention to this aspect.,"Curiosity, Hope, Suspicion",You are one of the first to try it out.,A few times a month,A personal tutor/mentor (to explain concepts and help me learn).,Strongly Agree,Disagree,Agree,Agree,Strongly Disagree,Disagree,Agree,Not at all concerned,Slightly concerned,Very concerned,Very concerned,Very concerned,Disagree,Disagree,Strongly Agree,Agree,Agree,Strongly Agree,es
27/03/2026 16:58:16,Spain,Male,2nd year,3 - Intermediate: I use some AI tools occasionally for simple tasks and understand their basic functions.,A few times a week,"Brainstorming ideas and getting inspiration, Solving math/logic problems or coding, Helping with homework / Lesson planning",I use it as a draft or inspiration and rewrite it heavily.,The AI and I would have produced a similar result.,"It enriches my work (gives me ideas I wouldn't have had), but takes about the same amount of time.",A moderate amount of time (I ask for a few adjustments or refinements).,Somewhat confident,I trust it completely and use it as is.,"No, never.","Yes, occasionally.",Curiosity,You only use it if it is strictly required for school or work.,A few times a month,A personal tutor/mentor (to explain concepts and help me learn).,Agree,Strongly Disagree,Disagree,Disagree,Agree,Agree,Strongly Disagree,Not at all concerned,Not at all concerned,Very concerned,Slightly concerned,Not at all concerned,Disagree,Agree,Agree,Agree,Agree,Disagree,es
27/03/2026 16:58:08,Spain,Male,2nd year,"4 - Advanced: I use AI tools regularly for various tasks and have a good understanding of their capabilities, limits, and potential biases.",A few times a week,"Summarizing long documents or articles, Solving math/logic problems or coding, Helping with homework / Lesson planning, Generating images or presentations","I read it to check for major errors, but keep it mostly intact.","My original work would have been better, but the AI was faster.",It has no significant impact on my time or effort.,A moderate amount of time (I ask for a few adjustments or refinements).,Somewhat confident,I ask the AI itself if it is sure about the answer.,"Yes, occasionally.","No, never.","Anxiety, Fear, Hope, Enthusiasm",You try it out after hearing good things from friends or colleagues.,A few times a week,A personal tutor/mentor (to explain concepts and help me learn).,Agree,Disagree,Disagree,Agree,Strongly Disagree,Disagree,Strongly Disagree,Slightly concerned,Very concerned,Extremely concerned,Extremely concerned,Slightly concerned,Agree,Strongly Agree,Disagree,Agree,Strongly Disagree,Disagree,es
27/03/2026 16:57:31,Spain,Male,2nd year,"2 - Novice: I know the basic concepts and have seen AI tools, but I rarely or never use them myself.",Rarely,"Brainstorming ideas and getting inspiration, Summarizing long documents or articles",I review the AI-generated output to identify potential errors and refine the text as necessary.,The AI and I would have produced a similar result.,It is a waste of time (I spend more time prompting and correcting than doing it myself).,A moderate amount of time (I ask for a few adjustments or refinements).,Very confident,"I do a quick search (e.g., Google, Wikipedia) to verify it.","No, never.",I have never paid attention to this aspect.,Enthusiasm,You only use it if it is strictly required for school or work.,Rarely,A creative assistant/collaborator (to brainstorm and co-create).,Agree,Strongly Agree,Disagree,Agree,Strongly Disagree,Disagree,Disagree,Slightly concerned,Very concerned,Extremely concerned,Moderately concerned,Not at all concerned,Disagree,Strongly Disagree,Strongly Disagree,Disagree,Strongly Agree,Agree,es
27/03/2026 16:56:09,Spain,Male,2nd year,3 - Intermediate: I use some AI tools occasionally for simple tasks and understand their basic functions.,A few times a week,"Translating texts or learning a language, Summarizing long documents or articles, Generating images or presentations",I only use AI to review or correct content I have entirely written myself.,The AI produced a much better result than I could have.,It is a huge time saver.,Very little time (I usually accept the first answer it provides).,Very confident,"I do a quick search (e.g., Google, Wikipedia) to verify it.","Yes, occasionally.","Yes, occasionally.","Anxiety, Curiosity, Skepticism",You try it out after hearing good things from friends or colleagues.,A few times a week,A creative assistant/collaborator (to brainstorm and co-create).,Agree,Agree,Agree,Agree,Agree,Agree,Disagree,Moderately concerned,Moderately concerned,Moderately concerned,Moderately concerned,Moderately concerned,Agree,Agree,Agree,Agree,Agree,Agree,es
27/03/2026 16:55:56,Spain,Male,2nd year,3 - Intermediate: I use some AI tools occasionally for simple tasks and understand their basic functions.,Daily,"Brainstorming ideas and getting inspiration, Summarizing long documents or articles, Writing/drafting text (emails, essays, reports), Helping with homework / Lesson planning, Generating images or presentations","I read it to check for major errors, but keep it mostly intact.",The AI and I would have produced a similar result.,"It enriches my work (gives me ideas I wouldn't have had), but takes about the same amount of time.",A moderate amount of time (I ask for a few adjustments or refinements).,Very confident,"I do a quick search (e.g., Google, Wikipedia) to verify it.","Yes, occasionally.",I have never paid attention to this aspect.,Curiosity,You try it out after hearing good things from friends or colleagues.,Rarely,A smart search engine (to find information quickly and accurately).,Agree,Disagree,Agree,Strongly Disagree,Disagree,Agree,Agree,Not at all concerned,Very concerned,Very concerned,Moderately concerned,Moderately concerned,Strongly Disagree,Agree,Disagree,Agree,Disagree,Agree,es
27/03/2026 16:55:56,Spain,Male,2nd year,3 - Intermediate: I use some AI tools occasionally for simple tasks and understand their basic functions.,A few times a week,"Brainstorming ideas and getting inspiration, Summarizing long documents or articles, Helping with homework / Lesson planning, Generating images or presentations","I read it to check for major errors, but keep it mostly intact.",The AI and I would have produced a similar result.,"It enriches my work (gives me ideas I wouldn't have had), but takes about the same amount of time.",A moderate amount of time (I ask for a few adjustments or refinements).,Somewhat confident,I ask the AI itself if it is sure about the answer.,"Yes, frequently.","Yes, occasionally.","Curiosity, Hope",You try it out after hearing good things from friends or colleagues.,A few times a week,A personal tutor/mentor (to explain concepts and help me learn).,Agree,Agree,Agree,Agree,Agree,Agree,Agree,Moderately concerned,Moderately concerned,Moderately concerned,Moderately concerned,Moderately concerned,Agree,Agree,Agree,Agree,Agree,Agree,es
27/03/2026 16:55:52,Spain,Male,2nd year,"4 - Advanced: I use AI tools regularly for various tasks and have a good understanding of their capabilities, limits, and potential biases.",A few times a month,Other (information search),"I read it to check for major errors, but keep it mostly intact.",The AI and I would have produced a similar result.,It is a huge time saver.,A moderate amount of time (I ask for a few adjustments or refinements).,Somewhat confident,I ask the AI itself if it is sure about the answer.,"Yes, occasionally.","No, never.",Curiosity,You try it out after hearing good things from friends or colleagues.,A few times a week,A personal tutor/mentor (to explain concepts and help me learn).,Strongly Agree,Agree,Agree,Strongly Disagree,Disagree,Agree,Agree,Moderately concerned,Moderately concerned,Moderately concerned,Moderately concerned,Moderately concerned,Agree,Disagree,Agree,Agree,Agree,Agree,es
27/03/2026 16:55:36,Spain,Male,2nd year,"2 - Novice: I know the basic concepts and have seen AI tools, but I rarely or never use them myself.",A few times a week,"Brainstorming ideas and getting inspiration, Translating texts or learning a language",I only use AI to review or correct content I have entirely written myself.,The AI produced a much better result than I could have.,It is a huge time saver.,"A significant amount of time (I engage in long conversations, going back and forth until the output is perfect).",Not very confident,"I do a quick search (e.g., Google, Wikipedia) to verify it.","Yes, occasionally.","Yes, occasionally.",Curiosity,You try it out after hearing good things from friends or colleagues.,A few times a month,A creative assistant/collaborator (to brainstorm and co-create).,Agree,Agree,Agree,Strongly Agree,Agree,Agree,Strongly Agree,Moderately concerned,Moderately concerned,Very concerned,Extremely concerned,Extremely concerned,Agree,Agree,Strongly Agree,Strongly Agree,Agree,Strongly Agree,es
27/03/2026 16:55:32,Spain,Male,2nd year,"4 - Advanced: I use AI tools regularly for various tasks and have a good understanding of their capabilities, limits, and potential biases.",A few times a week,"Brainstorming ideas and getting inspiration, Summarizing long documents or articles, Solving math/logic problems or coding, Generating images or presentations",I review the AI-generated output to identify potential errors and refine the text as necessary.,The AI and I would have produced a similar result.,It is a huge time saver.,A moderate amount of time (I ask for a few adjustments or refinements).,Somewhat confident,"I do a quick search (e.g., Google, Wikipedia) to verify it.","No, never.","No, never.","Excitement, Curiosity, Hope",You try it out after hearing good things from friends or colleagues.,A few times a week,A smart search engine (to find information quickly and accurately).,Agree,Disagree,Disagree,Agree,Agree,Agree,Disagree,Moderately concerned,Moderately concerned,Moderately concerned,Moderately concerned,Moderately concerned,Disagree,Agree,Agree,Agree,Agree,Agree,es
27/03/2026 16:55:24,Spain,Male,2nd year,"4 - Advanced: I use AI tools regularly for various tasks and have a good understanding of their capabilities, limits, and potential biases.",Daily,"Brainstorming ideas and getting inspiration, Summarizing long documents or articles, Writing/drafting text (emails, essays, reports), Solving math/logic problems or coding, Generating images or presentations",I review the AI-generated output to identify potential errors and refine the text as necessary.,The AI and I would have produced a similar result.,"It enriches my work (gives me ideas I wouldn't have had), but takes about the same amount of time.",A moderate amount of time (I ask for a few adjustments or refinements).,Somewhat confident,I ask the AI itself if it is sure about the answer.,"Yes, frequently.","Yes, frequently.","Curiosity, Fear, Suspicion",You wait until it becomes mainstream and most people are using it.,A few times a week,A personal tutor/mentor (to explain concepts and help me learn).,Agree,Strongly Disagree,Strongly Disagree,Strongly Disagree,Strongly Disagree,Strongly Disagree,Strongly Disagree,Not at all concerned,Slightly concerned,Slightly concerned,Slightly concerned,Slightly concerned,Disagree,Agree,Agree,Agree,Agree,Agree,es
27/03/2026 16:54:12,Spain (Catalonia),Male,2nd year,3 - Intermediate: I use some AI tools occasionally for simple tasks and understand their basic functions.,A few times a week,"Brainstorming ideas and getting inspiration, Translating texts or learning a language, Summarizing long documents or articles, Writing/drafting text (emails, essays, reports), Solving math/logic problems or coding, Helping with homework / Lesson planning, Generating images or presentations",I copy and paste it directly without reading it thoroughly.,The AI produced a much better result than I could have.,"It enriches my work (gives me ideas I wouldn't have had), but takes about the same amount of time.",It takes so much time that sometimes I just give up and do the work myself.,Very confident,I trust it completely and use it as is.,"Yes, frequently.",I have never paid attention to this aspect.,"Anxiety, Hope, Suspicion",You only use it if it is strictly required for school or work.,A few times a week,A shortcut (to do the heavy lifting or do my assignments for me).,Agree,Agree,Agree,Disagree,Strongly Agree,Strongly Disagree,Agree,Not at all concerned,Not at all concerned,Not at all concerned,Not at all concerned,Slightly concerned,Agree,Strongly Disagree,Strongly Disagree,Agree,Disagree,Strongly Agree,es
27/03/2026 16:52:30,Spain,Male,2nd year,"4 - Advanced: I use AI tools regularly for various tasks and have a good understanding of their capabilities, limits, and potential biases.",Daily,"Brainstorming ideas and getting inspiration, Writing/drafting text (emails, essays, reports), Solving math/logic problems or coding","I read it to check for major errors, but keep it mostly intact.",The AI produced a much better result than I could have.,It is a huge time saver.,A moderate amount of time (I ask for a few adjustments or refinements).,Very confident,I ask the AI itself if it is sure about the answer.,"Yes, occasionally.","Yes, frequently.","Excitement, Anxiety, Fear",You try it out after hearing good things from friends or colleagues.,Daily,A personal tutor/mentor (to explain concepts and help me learn).,Strongly Agree,Disagree,Agree,Agree,Disagree,Agree,Agree,Slightly concerned,Extremely concerned,Very concerned,Not at all concerned,Slightly concerned,Agree,Strongly Disagree,Disagree,Agree,Disagree,Disagree,es
27/03/2026 16:52:13,Spain,Male,2nd year,3 - Intermediate: I use some AI tools occasionally for simple tasks and understand their basic functions.,A few times a week,"Translating texts or learning a language, Summarizing long documents or articles",I use it as a draft or inspiration and rewrite it heavily.,"My original work would have been better, but the AI was faster.","It enriches my work (gives me ideas I wouldn't have had), but takes about the same amount of time.",A moderate amount of time (I ask for a few adjustments or refinements).,Somewhat confident,I ask the AI itself if it is sure about the answer.,"Yes, occasionally.","Yes, occasionally.",Curiosity,You try it out after hearing good things from friends or colleagues.,A few times a week,A personal tutor/mentor (to explain concepts and help me learn).,Agree,Agree,Strongly Disagree,Disagree,Strongly Disagree,Strongly Disagree,Agree,Not at all concerned,Slightly concerned,Not at all concerned,Not at all concerned,Slightly concerned,Disagree,Strongly Disagree,Disagree,Agree,Strongly Disagree,Disagree,es
27/03/2026 16:51:01,Italy,Female,4th year,"2 - Novice: I know the basic concepts and have seen AI tools, but I rarely or never use them myself.",A few times a month,"Summarizing long documents or articles, Solving math/logic problems or coding, Generating images or presentations",I review the AI-generated output to identify potential errors and refine the text as necessary.,The AI produced a much better result than I could have.,"It enriches my work (gives me ideas I wouldn't have had), but takes about the same amount of time.","A significant amount of time (I engage in long conversations, going back and forth until the output is perfect).",Very confident,I systematically check primary and authoritative sources to confirm the data.,"Yes, frequently.","Yes, frequently.","Excitement, Curiosity, Fear",You wait until it becomes mainstream and most people are using it.,A few times a week,A personal tutor/mentor (to explain concepts and help me learn).,Strongly Agree,Disagree,Strongly Disagree,Agree,Disagree,Strongly Disagree,Agree,Moderately concerned,Not at all concerned,Moderately concerned,Not at all concerned,Moderately concerned,Disagree,Strongly Disagree,Strongly Agree,Agree,Strongly Disagree,Disagree,es
27/03/2026 12:22:54,Spain,Male,1st year,"5 - Expert: I have a deep understanding of how AI works, use it extensively, and could comfortably teach others how to use it responsibly.",Daily,"Brainstorming ideas and getting inspiration, Summarizing long documents or articles, Helping with homework / Lesson planning",I review the AI-generated output to identify potential errors and refine the text as necessary.,The AI and I would have produced a similar result.,It is a huge time saver.,"A significant amount of time (I engage in long conversations, going back and forth until the output is perfect).",Very confident,"I do a quick search (e.g., Google, Wikipedia) to verify it.","No, never.","Yes, occasionally.","Excitement, Fear, Hope",You are one of the first to try it out.,A few times a month,A shortcut (to do the heavy lifting or do my assignments for me).,Agree,Agree,Agree,Agree,Agree,Agree,Agree,Not at all concerned,Not at all concerned,Not at all concerned,Not at all concerned,Slightly concerned,Strongly Agree,Agree,Strongly Agree,Disagree,Strongly Agree,Agree,es
27/03/2026 12:22:36,Spain,Female,5th year,"4 - Advanced: I use AI tools regularly for various tasks and have a good understanding of their capabilities, limits, and potential biases.",Daily,"Brainstorming ideas and getting inspiration, Translating texts or learning a language, Summarizing long documents or articles, Writing/drafting text (emails, essays, reports), Solving math/logic problems or coding, Helping with homework / Lesson planning, Generating images or presentations","I read it to check for major errors, but keep it mostly intact.",The AI produced a much better result than I could have.,It is a huge time saver.,"A significant amount of time (I engage in long conversations, going back and forth until the output is perfect).",Somewhat confident,"I do a quick search (e.g., Google, Wikipedia) to verify it.","Yes, occasionally.",I have never paid attention to this aspect.,"Curiosity, Hope, Skepticism, Enthusiasm, Suspicion",You are one of the first to try it out.,Daily,A creative assistant/collaborator (to brainstorm and co-create).,Strongly Agree,Agree,Disagree,Agree,Disagree,Agree,Agree,Slightly concerned,Not at all concerned,Not at all concerned,Not at all concerned,Not at all concerned,Disagree,Strongly Agree,Strongly Agree,Agree,Agree,Agree,es
27/03/2026 12:11:41,Spain,Male,1st year,"4 - Advanced: I use AI tools regularly for various tasks and have a good understanding of their capabilities, limits, and potential biases.",A few times a week,Summarizing long documents or articles,I review the AI-generated output to identify potential errors and refine the text as necessary.,The AI and I would have produced a similar result.,It is a huge time saver.,A moderate amount of time (I ask for a few adjustments or refinements).,Very confident,I ask the AI itself if it is sure about the answer.,"Yes, occasionally.","Yes, occasionally.","Excitement, Curiosity",You try it out after hearing good things from friends or colleagues.,A few times a week,A smart search engine (to find information quickly and accurately).,Strongly Agree,Agree,Agree,Agree,Agree,Agree,Agree,Moderately concerned,Moderately concerned,Moderately concerned,Moderately concerned,Moderately concerned,Disagree,Agree,Agree,Agree,Agree,Agree,es
27/03/2026 12:03:07,Spain,Male,5th year,"4 - Advanced: I use AI tools regularly for various tasks and have a good understanding of their capabilities, limits, and potential biases.",Daily,"Brainstorming ideas and getting inspiration, Translating texts or learning a language, Summarizing long documents or articles, Writing/drafting text (emails, essays, reports), Solving math/logic problems or coding, Generating images or presentations",I review the AI-generated output to identify potential errors and refine the text as necessary.,The AI produced a much better result than I could have.,"It enriches my work (gives me ideas I wouldn't have had), but takes about the same amount of time.",A moderate amount of time (I ask for a few adjustments or refinements).,Very confident,I trust it completely and use it as is.,"Yes, occasionally.","Yes, occasionally.","Excitement, Fear, Hope",You try it out after hearing good things from friends or colleagues.,A few times a week,A smart search engine (to find information quickly and accurately).,Agree,Strongly Agree,Agree,Agree,Agree,Disagree,Disagree,Not at all concerned,Not at all concerned,Not at all concerned,Slightly concerned,Slightly concerned,Disagree,Agree,Agree,Agree,Disagree,Agree,es
27/03/2026 12:01:14,Spain,Male,5th year,"2 - Novice: I know the basic concepts and have seen AI tools, but I rarely or never use them myself.",Daily,"Summarizing long documents or articles, Solving math/logic problems or coding, Helping with homework / Lesson planning, Generating images or presentations",I review the AI-generated output to identify potential errors and refine the text as necessary.,The AI produced a much better result than I could have.,It is a huge time saver.,Very little time (I usually accept the first answer it provides).,Not very confident,"I do a quick search (e.g., Google, Wikipedia) to verify it.","Yes, occasionally.","Yes, occasionally.",Curiosity,You only use it if it is strictly required for school or work.,Daily,A smart search engine (to find information quickly and accurately).,Strongly Agree,Agree,Agree,Disagree,Agree,Strongly Agree,Disagree,Slightly concerned,Moderately concerned,Very concerned,Moderately concerned,Not at all concerned,Agree,Agree,Agree,Disagree,Agree,Strongly Disagree,es
27/03/2026 12:00:39,Spain,Male,5th year,3 - Intermediate: I use some AI tools occasionally for simple tasks and understand their basic functions.,Daily,"Brainstorming ideas and getting inspiration, Translating texts or learning a language, Summarizing long documents or articles, Writing/drafting text (emails, essays, reports), Solving math/logic problems or coding, Helping with homework / Lesson planning",I use it as a draft or inspiration and rewrite it heavily.,The AI produced a much better result than I could have.,It is a huge time saver.,A moderate amount of time (I ask for a few adjustments or refinements).,Very confident,I trust it completely and use it as is.,"No, never.","No, never.","Excitement, Curiosity, Skepticism",You only use it if it is strictly required for school or work.,Daily,A smart search engine (to find information quickly and accurately).,Agree,Agree,Agree,Disagree,Disagree,Agree,Disagree,Moderately concerned,Moderately concerned,Moderately concerned,Moderately concerned,Moderately concerned,Strongly Agree,Agree,Disagree,Agree,Disagree,Agree,es
27/03/2026 11:55:17,Italy,Male,5th year,"2 - Novice: I know the basic concepts and have seen AI tools, but I rarely or never use them myself.",Daily,Summarizing long documents or articles,I only use AI to review or correct content I have entirely written myself.,The AI produced a much better result than I could have.,"It enriches my work (gives me ideas I wouldn't have had), but takes about the same amount of time.",A moderate amount of time (I ask for a few adjustments or refinements).,Very confident,I ask the AI itself if it is sure about the answer.,I didn't know AI could do that.,I have never paid attention to this aspect.,"Excitement, Curiosity, Enthusiasm",You try it out after hearing good things from friends or colleagues.,A few times a week,A creative assistant/collaborator (to brainstorm and co-create).,Agree,Agree,Agree,Strongly Agree,Agree,Disagree,Agree,Slightly concerned,Slightly concerned,Moderately concerned,Slightly concerned,Slightly concerned,Disagree,Agree,Agree,Agree,Agree,Agree,es
27/03/2026 11:53:04,Spain,Male,5th year,3 - Intermediate: I use some AI tools occasionally for simple tasks and understand their basic functions.,Rarely,Other (collecting information),I use it as a draft or inspiration and rewrite it heavily.,The AI and I would have produced a similar result.,It has no significant impact on my time or effort.,Very little time (I usually accept the first answer it provides).,Very confident,"I do a quick search (e.g., Google, Wikipedia) to verify it.","Yes, occasionally.",I have never paid attention to this aspect.,Skepticism,You only use it if it is strictly required for school or work.,Rarely,A smart search engine (to find information quickly and accurately).,Agree,Disagree,Strongly Disagree,Disagree,Disagree,Disagree,Strongly Disagree,Slightly concerned,Very concerned,Very concerned,Not at all concerned,Not at all concerned,Agree,Disagree,Disagree,Disagree,Strongly Disagree,Strongly Disagree,es
27/03/2026 11:53:01,Spain,Male,5th year,"4 - Advanced: I use AI tools regularly for various tasks and have a good understanding of their capabilities, limits, and potential biases.",A few times a week,"Solving math/logic problems or coding, Helping with homework / Lesson planning",I review the AI-generated output to identify potential errors and refine the text as necessary.,The AI produced a much better result than I could have.,It is a huge time saver.,Very little time (I usually accept the first answer it provides).,Somewhat confident,I ask the AI itself if it is sure about the answer.,"Yes, occasionally.","No, never.","Hope, Skepticism, Suspicion",You try it out after hearing good things from friends or colleagues.,A few times a week,A shortcut (to do the heavy lifting or do my assignments for me).,Strongly Agree,Disagree,Agree,Agree,Agree,Agree,Agree,Moderately concerned,Slightly concerned,Slightly concerned,Slightly concerned,Slightly concerned,Agree,Strongly Agree,Agree,Agree,Disagree,Strongly Agree,es
27/03/2026 11:52:09,Spain,Male,5th year,3 - Intermediate: I use some AI tools occasionally for simple tasks and understand their basic functions.,Daily,"Brainstorming ideas and getting inspiration, Translating texts or learning a language, Summarizing long documents or articles, Writing/drafting text (emails, essays, reports), Solving math/logic problems or coding, Helping with homework / Lesson planning, Generating images or presentations","I read it to check for major errors, but keep it mostly intact.",The AI and I would have produced a similar result.,It is a huge time saver.,"A significant amount of time (I engage in long conversations, going back and forth until the output is perfect).",Very confident,"I do a quick search (e.g., Google, Wikipedia) to verify it.","Yes, frequently.","Yes, occasionally.",Hope,You wait until it becomes mainstream and most people are using it.,Rarely,A personal tutor/mentor (to explain concepts and help me learn).,Strongly Disagree,Agree,Disagree,Agree,Agree,Agree,Agree,Moderately concerned,Very concerned,Very concerned,Very concerned,Very concerned,Disagree,Agree,Agree,Disagree,Agree,Agree,es
27/03/2026 11:51:07,Ghana,Male,5th year,3 - Intermediate: I use some AI tools occasionally for simple tasks and understand their basic functions.,A few times a week,"Writing/drafting text (emails, essays, reports), Helping with homework / Lesson planning",I only use AI to review or correct content I have entirely written myself.,The AI produced a much better result than I could have.,It is a huge time saver.,A moderate amount of time (I ask for a few adjustments or refinements).,Somewhat confident,I ask the AI itself if it is sure about the answer.,"Yes, occasionally.",I have never paid attention to this aspect.,"Excitement, Curiosity, Hope",You only use it if it is strictly required for school or work.,A few times a week,A smart search engine (to find information quickly and accurately).,Disagree,Agree,Agree,Disagree,Disagree,Strongly Disagree,Disagree,Very concerned,Slightly concerned,Moderately concerned,Moderately concerned,Slightly concerned,Disagree,Agree,Disagree,Agree,Strongly Disagree,Disagree,es
27/03/2026 11:51:06,Spain,Male,1st year,"5 - Expert: I have a deep understanding of how AI works, use it extensively, and could comfortably teach others how to use it responsibly.",A few times a week,"Brainstorming ideas and getting inspiration, Translating texts or learning a language, Summarizing long documents or articles, Writing/drafting text (emails, essays, reports), Solving math/logic problems or coding, Helping with homework / Lesson planning, Generating images or presentations",I review the AI-generated output to identify potential errors and refine the text as necessary.,"My original work would have been better, but the AI was faster.",It is a huge time saver.,"A significant amount of time (I engage in long conversations, going back and forth until the output is perfect).",Very confident,"I do a quick search (e.g., Google, Wikipedia) to verify it.","No, never.","No, never.","Curiosity, Hope, Suspicion",You only use it if it is strictly required for school or work.,A few times a week,A smart search engine (to find information quickly and accurately).,Agree,Agree,Agree,Strongly Agree,Strongly Agree,Agree,Strongly Disagree,Very concerned,Extremely concerned,Extremely concerned,Slightly concerned,Moderately concerned,Disagree,Agree,Strongly Agree,Agree,Disagree,Agree,es
27/03/2026 11:51:04,Spain,Male,1st year,"4 - Advanced: I use AI tools regularly for various tasks and have a good understanding of their capabilities, limits, and potential biases.",Daily,"Summarizing long documents or articles, Writing/drafting text (emails, essays, reports), Generating images or presentations",I use it as a draft or inspiration and rewrite it heavily.,The AI and I would have produced a similar result.,It is a huge time saver.,"A significant amount of time (I engage in long conversations, going back and forth until the output is perfect).",Somewhat confident,"I do a quick search (e.g., Google, Wikipedia) to verify it.","Yes, occasionally.","Yes, occasionally.","Excitement, Curiosity, Hope",You wait until it becomes mainstream and most people are using it.,Daily,A creative assistant/collaborator (to brainstorm and co-create).,Agree,Agree,Agree,Agree,Agree,Agree,Agree,Moderately concerned,Moderately concerned,Moderately concerned,Moderately concerned,Moderately concerned,Disagree,Agree,Agree,Agree,Agree,Agree,es
27/03/2026 11:50:00,Spain,Male,5th year,"4 - Advanced: I use AI tools regularly for various tasks and have a good understanding of their capabilities, limits, and potential biases.",Daily,"Helping with homework / Lesson planning, Generating images or presentations, Other (diet planning)",I review the AI-generated output to identify potential errors and refine the text as necessary.,The AI and I would have produced a similar result.,"It enriches my work (gives me ideas I wouldn't have had), but takes about the same amount of time.","A significant amount of time (I engage in long conversations, going back and forth until the output is perfect).",Somewhat confident,I trust it completely and use it as is.,"Yes, occasionally.","No, never.","Curiosity, Hope, Enthusiasm",You try it out after hearing good things from friends or colleagues.,A few times a week,A personal tutor/mentor (to explain concepts and help me learn).,Disagree,Agree,Strongly Agree,Agree,Strongly Agree,Disagree,Strongly Disagree,Moderately concerned,Very concerned,Extremely concerned,Not at all concerned,Slightly concerned,Agree,Agree,Strongly Agree,Agree,Strongly Agree,Disagree,es
27/03/2026 11:49:51,Spain,Male,5th year,"4 - Advanced: I use AI tools regularly for various tasks and have a good understanding of their capabilities, limits, and potential biases.",Daily,"Brainstorming ideas and getting inspiration, Summarizing long documents or articles, Solving math/logic problems or coding, Helping with homework / Lesson planning","I read it to check for major errors, but keep it mostly intact.","The AI's output was poor/incorrect, and I had to redo most of it.",It has no significant impact on my time or effort.,"A significant amount of time (I engage in long conversations, going back and forth until the output is perfect).",Somewhat confident,I ask the AI itself if it is sure about the answer.,"Yes, occasionally.","Yes, frequently.","Hope, Enthusiasm",You try it out after hearing good things from friends or colleagues.,A few times a month,A shortcut (to do the heavy lifting or do my assignments for me).,Agree,Agree,Agree,Agree,Agree,Agree,Agree,Very concerned,Very concerned,Very concerned,Very concerned,Very concerned,Agree,Agree,Disagree,Agree,Disagree,Agree,es
27/03/2026 11:49:02,Spain,Female,1st year,"5 - Expert: I have a deep understanding of how AI works, use it extensively, and could comfortably teach others how to use it responsibly.",A few times a week,"Brainstorming ideas and getting inspiration, Summarizing long documents or articles, Writing/drafting text (emails, essays, reports), Solving math/logic problems or coding, Helping with homework / Lesson planning",I review the AI-generated output to identify potential errors and refine the text as necessary.,The AI produced a much better result than I could have.,It is a huge time saver.,"A significant amount of time (I engage in long conversations, going back and forth until the output is perfect).",Somewhat confident,"I do a quick search (e.g., Google, Wikipedia) to verify it.","Yes, occasionally.","Yes, occasionally.",Other,You try it out after hearing good things from friends or colleagues.,Daily,A personal tutor/mentor (to explain concepts and help me learn).,Agree,Agree,Agree,Disagree,Agree,Agree,Disagree,Slightly concerned,Moderately concerned,Moderately concerned,Moderately concerned,Very concerned,Agree,Disagree,Agree,Agree,Strongly Agree,Strongly Disagree,es
27/03/2026 11:48:53,Spain,Female,1st year,"5 - Expert: I have a deep understanding of how AI works, use it extensively, and could comfortably teach others how to use it responsibly.",Daily,"Brainstorming ideas and getting inspiration, Translating texts or learning a language, Summarizing long documents or articles, Helping with homework / Lesson planning",I use it as a draft or inspiration and rewrite it heavily.,The AI and I would have produced a similar result.,It is a huge time saver.,"A significant amount of time (I engage in long conversations, going back and forth until the output is perfect).",Somewhat confident,"I do a quick search (e.g., Google, Wikipedia) to verify it.","No, never.","Yes, occasionally.",Hope,You try it out after hearing good things from friends or colleagues.,A few times a week,A personal tutor/mentor (to explain concepts and help me learn).,Agree,Disagree,Strongly Agree,Disagree,Disagree,Agree,Strongly Agree,Moderately concerned,Slightly concerned,Very concerned,Slightly concerned,Not at all concerned,Disagree,Disagree,Strongly Agree,Strongly Agree,Strongly Agree,Agree,es
27/03/2026 11:48:42,Spain,Male,1st year,"5 - Expert: I have a deep understanding of how AI works, use it extensively, and could comfortably teach others how to use it responsibly.",A few times a week,"Summarizing long documents or articles, Solving math/logic problems or coding, Helping with homework / Lesson planning, Generating images or presentations",I review the AI-generated output to identify potential errors and refine the text as necessary.,The AI produced a much better result than I could have.,"It enriches my work (gives me ideas I wouldn't have had), but takes about the same amount of time.",A moderate amount of time (I ask for a few adjustments or refinements).,Not very confident,I ask the AI itself if it is sure about the answer.,"Yes, occasionally.","No, never.","Excitement, Curiosity, Enthusiasm, Suspicion",You only use it if it is strictly required for school or work.,Rarely,A personal tutor/mentor (to explain concepts and help me learn).,Agree,Strongly Agree,Disagree,Strongly Agree,Disagree,Agree,Agree,Moderately concerned,Very concerned,Very concerned,Very concerned,Extremely concerned,Strongly Agree,Disagree,Agree,Agree,Agree,Agree,es
27/03/2026 11:47:48,Spain,Female,1st year,"5 - Expert: I have a deep understanding of how AI works, use it extensively, and could comfortably teach others how to use it responsibly.",Daily,"Brainstorming ideas and getting inspiration, Writing/drafting text (emails, essays, reports)",I review the AI-generated output to identify potential errors and refine the text as necessary.,The AI produced a much better result than I could have.,"It enriches my work (gives me ideas I wouldn't have had), but takes about the same amount of time.","A significant amount of time (I engage in long conversations, going back and forth until the output is perfect).",Very confident,I ask the AI itself if it is sure about the answer.,"Yes, frequently.","Yes, occasionally.","Excitement, Anxiety, Curiosity",You wait until it becomes mainstream and most people are using it.,Daily,A smart search engine (to find information quickly and accurately).,Agree,Agree,Agree,Agree,Agree,Agree,Agree,Very concerned,Very concerned,Very concerned,Very concerned,Very concerned,Disagree,Agree,Agree,Agree,Agree,Agree,es
27/03/2026 11:47:47,Spain,Male,1st year,"5 - Expert: I have a deep understanding of how AI works, use it extensively, and could comfortably teach others how to use it responsibly.",A few times a week,Other (entertainment),I use it as a draft or inspiration and rewrite it heavily.,The AI produced a much better result than I could have.,It has no significant impact on my time or effort.,Very little time (I usually accept the first answer it provides).,Not very confident,I ask the AI itself if it is sure about the answer.,"Yes, frequently.","Yes, frequently.","Curiosity, Skepticism",You wait until it becomes mainstream and most people are using it.,Never,An entertainment tool (just for fun).,Strongly Disagree,Disagree,Agree,Agree,Agree,Agree,Disagree,Moderately concerned,Very concerned,Very concerned,Moderately concerned,Slightly concerned,Agree,Agree,Disagree,Disagree,Strongly Disagree,Strongly Disagree,es
27/03/2026 11:47:32,Spain,Female,1st year,"5 - Expert: I have a deep understanding of how AI works, use it extensively, and could comfortably teach others how to use it responsibly.",A few times a week,"Brainstorming ideas and getting inspiration, Translating texts or learning a language, Summarizing long documents or articles, Generating images or presentations",I review the AI-generated output to identify potential errors and refine the text as necessary.,"My original work would have been better, but the AI was faster.","It enriches my work (gives me ideas I wouldn't have had), but takes about the same amount of time.","A significant amount of time (I engage in long conversations, going back and forth until the output is perfect).",Somewhat confident,"I do a quick search (e.g., Google, Wikipedia) to verify it.","Yes, occasionally.","Yes, occasionally.",Hope,You wait until it becomes mainstream and most people are using it.,A few times a week,A creative assistant/collaborator (to brainstorm and co-create).,Disagree,Disagree,Agree,Disagree,Disagree,Disagree,Agree,Very concerned,Moderately concerned,Slightly concerned,Very concerned,Very concerned,Agree,Disagree,Strongly Agree,Agree,Strongly Disagree,Agree,es
27/03/2026 11:46:30,Spain,Female,5th year,3 - Intermediate: I use some AI tools occasionally for simple tasks and understand their basic functions.,A few times a week,"Translating texts or learning a language, Summarizing long documents or articles, Writing/drafting text (emails, essays, reports)",I review the AI-generated output to identify potential errors and refine the text as necessary.,The AI and I would have produced a similar result.,It has no significant impact on my time or effort.,"A significant amount of time (I engage in long conversations, going back and forth until the output is perfect).",Not very confident,I ask the AI itself if it is sure about the answer.,"Yes, frequently.","Yes, occasionally.",Curiosity,You only use it if it is strictly required for school or work.,A few times a week,A creative assistant/collaborator (to brainstorm and co-create).,Agree,Agree,Agree,Agree,Agree,Agree,Agree,Moderately concerned,Moderately concerned,Moderately concerned,Moderately concerned,Moderately concerned,Agree,Disagree,Agree,Agree,Disagree,Agree,es
27/03/2026 11:46:09,Spain,Female,1st year,"4 - Advanced: I use AI tools regularly for various tasks and have a good understanding of their capabilities, limits, and potential biases.",A few times a week,"Brainstorming ideas and getting inspiration, Writing/drafting text (emails, essays, reports), Helping with homework / Lesson planning",I review the AI-generated output to identify potential errors and refine the text as necessary.,The AI and I would have produced a similar result.,"It enriches my work (gives me ideas I wouldn't have had), but takes about the same amount of time.","A significant amount of time (I engage in long conversations, going back and forth until the output is perfect).",Somewhat confident,I ask the AI itself if it is sure about the answer.,"No, never.","Yes, occasionally.","Excitement, Curiosity, Enthusiasm, Suspicion",You wait until it becomes mainstream and most people are using it.,A few times a week,A personal tutor/mentor (to explain concepts and help me learn).,Strongly Agree,Agree,Agree,Strongly Agree,Agree,Strongly Disagree,Disagree,Moderately concerned,Slightly concerned,Slightly concerned,Not at all concerned,Slightly concerned,Disagree,Agree,Disagree,Agree,Agree,Disagree,es
27/03/2026 11:46:00,Spain,Male,1st year,"5 - Expert: I have a deep understanding of how AI works, use it extensively, and could comfortably teach others how to use it responsibly.",Daily,"Brainstorming ideas and getting inspiration, Summarizing long documents or articles, Writing/drafting text (emails, essays, reports), Solving math/logic problems or coding, Helping with homework / Lesson planning",I review the AI-generated output to identify potential errors and refine the text as necessary.,The AI and I would have produced a similar result.,"It enriches my work (gives me ideas I wouldn't have had), but takes about the same amount of time.","A significant amount of time (I engage in long conversations, going back and forth until the output is perfect).",Very confident,"I do a quick search (e.g., Google, Wikipedia) to verify it.","No, never.",I have never paid attention to this aspect.,"Excitement, Curiosity",You are one of the first to try it out.,A few times a month,A personal tutor/mentor (to explain concepts and help me learn).,Agree,Agree,Disagree,Strongly Disagree,Disagree,Agree,Strongly Disagree,Moderately concerned,Slightly concerned,Very concerned,Moderately concerned,Moderately concerned,Disagree,Agree,Strongly Agree,Agree,Agree,Agree,es
27/03/2026 11:45:45,Spain,Female,1st year,"5 - Expert: I have a deep understanding of how AI works, use it extensively, and could comfortably teach others how to use it responsibly.",A few times a week,"Brainstorming ideas and getting inspiration, Translating texts or learning a language, Summarizing long documents or articles, Generating images or presentations",I review the AI-generated output to identify potential errors and refine the text as necessary.,The AI produced a much better result than I could have.,It is a huge time saver.,A moderate amount of time (I ask for a few adjustments or refinements).,Somewhat confident,"I do a quick search (e.g., Google, Wikipedia) to verify it.",I didn't know AI could do that.,"Yes, occasionally.",Curiosity,You wait until it becomes mainstream and most people are using it.,A few times a week,A personal tutor/mentor (to explain concepts and help me learn).,Agree,Agree,Agree,Disagree,Disagree,Disagree,Agree,Very concerned,Moderately concerned,Slightly concerned,Moderately concerned,Moderately concerned,Agree,Agree,Disagree,Agree,Agree,Strongly Disagree,es
27/03/2026 11:45:44,Spain,Female,1st year,"5 - Expert: I have a deep understanding of how AI works, use it extensively, and could comfortably teach others how to use it responsibly.",A few times a week,"Brainstorming ideas and getting inspiration, Summarizing long documents or articles",I review the AI-generated output to identify potential errors and refine the text as necessary.,The AI produced a much better result than I could have.,"It enriches my work (gives me ideas I wouldn't have had), but takes about the same amount of time.","A significant amount of time (I engage in long conversations, going back and forth until the output is perfect).",Very confident,I ask the AI itself if it is sure about the answer.,I didn't know AI could do that.,I have never paid attention to this aspect.,Curiosity,You try it out after hearing good things from friends or colleagues.,A few times a week,A personal tutor/mentor (to explain concepts and help me learn).,Agree,Agree,Agree,Agree,Agree,Agree,Agree,Slightly concerned,Not at all concerned,Slightly concerned,Slightly concerned,Moderately concerned,Agree,Disagree,Strongly Disagree,Disagree,Disagree,Strongly Disagree,es
27/03/2026 11:45:30,Spain,Male,1st year,"5 - Expert: I have a deep understanding of how AI works, use it extensively, and could comfortably teach others how to use it responsibly.",Daily,"Translating texts or learning a language, Summarizing long documents or articles, Writing/drafting text (emails, essays, reports), Solving math/logic problems or coding, Helping with homework / Lesson planning, Generating images or presentations",I review the AI-generated output to identify potential errors and refine the text as necessary.,"My original work would have been better, but the AI was faster.",It is a huge time saver.,"A significant amount of time (I engage in long conversations, going back and forth until the output is perfect).",Very confident,"I do a quick search (e.g., Google, Wikipedia) to verify it.","Yes, frequently.","Yes, occasionally.","Excitement, Hope",You are one of the first to try it out.,Daily,A smart search engine (to find information quickly and accurately).,Strongly Disagree,Disagree,Agree,Strongly Disagree,Disagree,Agree,Disagree,Not at all concerned,Moderately concerned,Moderately concerned,Slightly concerned,Slightly concerned,Agree,Agree,Disagree,Agree,Strongly Agree,Agree,es
27/03/2026 11:45:02,Spain,Male,1st year,3 - Intermediate: I use some AI tools occasionally for simple tasks and understand their basic functions.,A few times a week,"Brainstorming ideas and getting inspiration, Summarizing long documents or articles, Generating images or presentations",I use it as a draft or inspiration and rewrite it heavily.,The AI produced a much better result than I could have.,It is a huge time saver.,A moderate amount of time (I ask for a few adjustments or refinements).,Somewhat confident,"I do a quick search (e.g., Google, Wikipedia) to verify it.",I didn't know AI could do that.,I have never paid attention to this aspect.,"Excitement, Anxiety, Hope",You try it out after hearing good things from friends or colleagues.,Rarely,A personal tutor/mentor (to explain concepts and help me learn).,Disagree,Agree,Agree,Agree,Agree,Agree,Agree,Moderately concerned,Not at all concerned,Not at all concerned,Not at all concerned,Not at all concerned,Strongly Agree,Strongly Disagree,Strongly Disagree,Strongly Disagree,Strongly Disagree,Strongly Disagree,es
27/03/2026 11:44:08,Spain,Male,1st year,3 - Intermediate: I use some AI tools occasionally for simple tasks and understand their basic functions.,A few times a week,"Brainstorming ideas and getting inspiration, Translating texts or learning a language, Summarizing long documents or articles, Writing/drafting text (emails, essays, reports), Solving math/logic problems or coding, Helping with homework / Lesson planning, Generating images or presentations","I read it to check for major errors, but keep it mostly intact.",The AI produced a much better result than I could have.,It has no significant impact on my time or effort.,"A significant amount of time (I engage in long conversations, going back and forth until the output is perfect).",Somewhat confident,I trust it completely and use it as is.,"Yes, occasionally.","Yes, occasionally.","Excitement, Curiosity",You try it out after hearing good things from friends or colleagues.,Rarely,A creative assistant/collaborator (to brainstorm and co-create).,Agree,Agree,Disagree,Agree,Agree,Disagree,Strongly Agree,Moderately concerned,Very concerned,Moderately concerned,Extremely concerned,Extremely concerned,Agree,Strongly Agree,Disagree,Agree,Agree,Strongly Disagree,es
27/03/2026 11:42:20,Spain,Male,1st year,"5 - Expert: I have a deep understanding of how AI works, use it extensively, and could comfortably teach others how to use it responsibly.",Daily,"Brainstorming ideas and getting inspiration, Summarizing long documents or articles, Helping with homework / Lesson planning",I review the AI-generated output to identify potential errors and refine the text as necessary.,The AI produced a much better result than I could have.,"It enriches my work (gives me ideas I wouldn't have had), but takes about the same amount of time.",A moderate amount of time (I ask for a few adjustments or refinements).,Somewhat confident,I ask the AI itself if it is sure about the answer.,"Yes, occasionally.",I have never paid attention to this aspect.,"Excitement, Anxiety, Skepticism",You wait until it becomes mainstream and most people are using it.,A few times a week,A smart search engine (to find information quickly and accurately).,Disagree,Agree,Disagree,Agree,Disagree,Strongly Agree,Disagree,Slightly concerned,Moderately concerned,Extremely concerned,Very concerned,Very concerned,Agree,Disagree,Agree,Agree,Agree,Agree,es
27/03/2026 11:42:16,Spain,Female,1st year,"5 - Expert: I have a deep understanding of how AI works, use it extensively, and could comfortably teach others how to use it responsibly.",Daily,"Summarizing long documents or articles, Writing/drafting text (emails, essays, reports), Solving math/logic problems or coding, Generating images or presentations",I review the AI-generated output to identify potential errors and refine the text as necessary.,The AI and I would have produced a similar result.,It is a huge time saver.,"A significant amount of time (I engage in long conversations, going back and forth until the output is perfect).",Not very confident,"I do a quick search (e.g., Google, Wikipedia) to verify it.","Yes, occasionally.","Yes, occasionally.","Curiosity, Skepticism",You try it out after hearing good things from friends or colleagues.,Daily,A smart search engine (to find information quickly and accurately).,Agree,Agree,Agree,Agree,Disagree,Strongly Disagree,Disagree,Very concerned,Slightly concerned,Moderately concerned,Moderately concerned,Very concerned,Disagree,Agree,Agree,Agree,Disagree,Agree,es
27/03/2026 11:42:15,Spain,Female,1st year,"5 - Expert: I have a deep understanding of how AI works, use it extensively, and could comfortably teach others how to use it responsibly.",Daily,"Writing/drafting text (emails, essays, reports), Helping with homework / Lesson planning, Generating images or presentations",I review the AI-generated output to identify potential errors and refine the text as necessary.,The AI and I would have produced a similar result.,It is a huge time saver.,A moderate amount of time (I ask for a few adjustments or refinements).,Very confident,"I do a quick search (e.g., Google, Wikipedia) to verify it.","Yes, occasionally.",I have never paid attention to this aspect.,"Curiosity, Suspicion",You try it out after hearing good things from friends or colleagues.,Daily,A personal tutor/mentor (to explain concepts and help me learn).,Agree,Agree,Agree,Disagree,Agree,Agree,Agree,Slightly concerned,Slightly concerned,Slightly concerned,Slightly concerned,Slightly concerned,Disagree,Agree,Disagree,Strongly Agree,Disagree,Agree,es
27/03/2026 11:42:11,Spain,Female,1st year,"5 - Expert: I have a deep understanding of how AI works, use it extensively, and could comfortably teach others how to use it responsibly.",Daily,"Brainstorming ideas and getting inspiration, Summarizing long documents or articles, Solving math/logic problems or coding, Helping with homework / Lesson planning, Generating images or presentations",I review the AI-generated output to identify potential errors and refine the text as necessary.,The AI and I would have produced a similar result.,"It enriches my work (gives me ideas I wouldn't have had), but takes about the same amount of time.","A significant amount of time (I engage in long conversations, going back and forth until the output is perfect).",Somewhat confident,"I do a quick search (e.g., Google, Wikipedia) to verify it.","Yes, frequently.",I have never paid attention to this aspect.,Suspicion,You try it out after hearing good things from friends or colleagues.,A few times a week,A personal tutor/mentor (to explain concepts and help me learn).,Disagree,Strongly Agree,Strongly Agree,Agree,Strongly Disagree,Disagree,Disagree,Not at all concerned,Slightly concerned,Not at all concerned,Not at all concerned,Not at all concerned,Agree,Agree,Agree,Strongly Agree,Strongly Agree,Strongly Agree,es
27/03/2026 11:42:06,Spain,Male,1st year,3 - Intermediate: I use some AI tools occasionally for simple tasks and understand their basic functions.,Rarely,"Brainstorming ideas and getting inspiration, Summarizing long documents or articles, Generating images or presentations",I only use AI to review or correct content I have entirely written myself.,The AI and I would have produced a similar result.,It has no significant impact on my time or effort.,Very little time (I usually accept the first answer it provides).,Very confident,"I do a quick search (e.g., Google, Wikipedia) to verify it.",I didn't know AI could do that.,"Yes, frequently.",Curiosity,You only use it if it is strictly required for school or work.,Rarely,A creative assistant/collaborator (to brainstorm and co-create).,Agree,Agree,Agree,Agree,Agree,Agree,Agree,Moderately concerned,Moderately concerned,Moderately concerned,Moderately concerned,Moderately concerned,Agree,Agree,Agree,Agree,Agree,Agree,es
27/03/2026 11:42:05,Spain,Male,1st year,"5 - Expert: I have a deep understanding of how AI works, use it extensively, and could comfortably teach others how to use it responsibly.",A few times a week,"Summarizing long documents or articles, Solving math/logic problems or coding, Helping with homework / Lesson planning, Generating images or presentations",I use it as a draft or inspiration and rewrite it heavily.,"My original work would have been better, but the AI was faster.","It enriches my work (gives me ideas I wouldn't have had), but takes about the same amount of time.",A moderate amount of time (I ask for a few adjustments or refinements).,Somewhat confident,"I do a quick search (e.g., Google, Wikipedia) to verify it.","Yes, frequently.",I have never paid attention to this aspect.,"Excitement, Curiosity, Enthusiasm",You try it out after hearing good things from friends or colleagues.,A few times a week,A smart search engine (to find information quickly and accurately).,Strongly Agree,Disagree,Agree,Agree,Disagree,Disagree,Strongly Disagree,Slightly concerned,Slightly concerned,Very concerned,Slightly concerned,Extremely concerned,Strongly Disagree,Strongly Agree,Agree,Strongly Agree,Strongly Agree,Strongly Disagree,es
27/03/2026 11:41:48,Spain,Male,5th year,3 - Intermediate: I use some AI tools occasionally for simple tasks and understand their basic functions.,Daily,"Brainstorming ideas and getting inspiration, Translating texts or learning a language, Summarizing long documents or articles, Writing/drafting text (emails, essays, reports), Solving math/logic problems or coding, Helping with homework / Lesson planning, Generating images or presentations",I review the AI-generated output to identify potential errors and refine the text as necessary.,The AI produced a much better result than I could have.,"It enriches my work (gives me ideas I wouldn't have had), but takes about the same amount of time.",A moderate amount of time (I ask for a few adjustments or refinements).,Somewhat confident,I ask the AI itself if it is sure about the answer.,"Yes, occasionally.","Yes, occasionally.","Excitement, Hope",You try it out after hearing good things from friends or colleagues.,A few times a week,A creative assistant/collaborator (to brainstorm and co-create).,Strongly Agree,Strongly Agree,Strongly Agree,Strongly Agree,Strongly Agree,Strongly Agree,Strongly Agree,Very concerned,Extremely concerned,Extremely concerned,Extremely concerned,Extremely concerned,Disagree,Strongly Agree,Strongly Agree,Agree,Strongly Agree,Strongly Agree,es
27/03/2026 11:41:34,Spain,Male,1st year,"5 - Expert: I have a deep understanding of how AI works, use it extensively, and could comfortably teach others how to use it responsibly.",A few times a week,"Translating texts or learning a language, Summarizing long documents or articles, Generating images or presentations",I review the AI-generated output to identify potential errors and refine the text as necessary.,"My original work would have been better, but the AI was faster.","It enriches my work (gives me ideas I wouldn't have had), but takes about the same amount of time.",A moderate amount of time (I ask for a few adjustments or refinements).,Not very confident,"I do a quick search (e.g., Google, Wikipedia) to verify it.","Yes, occasionally.","Yes, occasionally.","Fear, Suspicion",You only use it if it is strictly required for school or work.,A few times a month,A smart search engine (to find information quickly and accurately).,Disagree,Disagree,Agree,Disagree,Disagree,Agree,Disagree,Very concerned,Moderately concerned,Slightly concerned,Slightly concerned,Very concerned,Agree,Agree,Agree,Disagree,Disagree,Agree,es
27/03/2026 11:41:20,Spain,Female,1st year,"5 - Expert: I have a deep understanding of how AI works, use it extensively, and could comfortably teach others how to use it responsibly.",A few times a week,"Brainstorming ideas and getting inspiration, Translating texts or learning a language, Summarizing long documents or articles, Writing/drafting text (emails, essays, reports), Helping with homework / Lesson planning, Generating images or presentations",I review the AI-generated output to identify potential errors and refine the text as necessary.,The AI produced a much better result than I could have.,"It enriches my work (gives me ideas I wouldn't have had), but takes about the same amount of time.",A moderate amount of time (I ask for a few adjustments or refinements).,Somewhat confident,"I do a quick search (e.g., Google, Wikipedia) to verify it.","Yes, occasionally.",I have never paid attention to this aspect.,"Curiosity, Hope, Enthusiasm",You try it out after hearing good things from friends or colleagues.,A few times a week,A personal tutor/mentor (to explain concepts and help me learn).,Strongly Agree,Disagree,Disagree,Strongly Disagree,Agree,Strongly Disagree,Strongly Disagree,Slightly concerned,Very concerned,Extremely concerned,Very concerned,Moderately concerned,Strongly Agree,Disagree,Agree,Agree,Strongly Agree,Agree,es
27/03/2026 11:41:06,Spain,Male,1st year,"5 - Expert: I have a deep understanding of how AI works, use it extensively, and could comfortably teach others how to use it responsibly.",Daily,"Brainstorming ideas and getting inspiration, Summarizing long documents or articles, Helping with homework / Lesson planning, Generating images or presentations",I only use AI to review or correct content I have entirely written myself.,The AI and I would have produced a similar result.,"It enriches my work (gives me ideas I wouldn't have had), but takes about the same amount of time.","A significant amount of time (I engage in long conversations, going back and forth until the output is perfect).",Very confident,"I do a quick search (e.g., Google, Wikipedia) to verify it.","Yes, frequently.","Yes, frequently.","Curiosity, Skepticism",You are one of the first to try it out.,Daily,A smart search engine (to find information quickly and accurately).,Strongly Agree,Strongly Disagree,Strongly Disagree,Disagree,Disagree,Strongly Disagree,Disagree,Slightly concerned,Moderately concerned,Very concerned,Slightly concerned,Not at all concerned,Agree,Strongly Disagree,Strongly Disagree,Disagree,Disagree,Disagree,es
27/03/2026 11:38:03,Spain,Male,1st year,"5 - Expert: I have a deep understanding of how AI works, use it extensively, and could comfortably teach others how to use it responsibly.",A few times a week,"Summarizing long documents or articles, Solving math/logic problems or coding, Helping with homework / Lesson planning",I review the AI-generated output to identify potential errors and refine the text as necessary.,The AI and I would have produced a similar result.,It is a huge time saver.,Very little time (I usually accept the first answer it provides).,Very confident,I trust it completely and use it as is.,"Yes, occasionally.","Yes, frequently.","Excitement, Hope",You try it out after hearing good things from friends or colleagues.,A few times a week,A smart search engine (to find information quickly and accurately).,Strongly Agree,Agree,Agree,Disagree,Agree,Agree,Agree,Extremely concerned,Extremely concerned,Extremely concerned,Extremely concerned,Extremely concerned,Agree,Strongly Agree,Strongly Agree,Strongly Agree,Strongly Agree,Strongly Agree,es
27/03/2026 11:37:22,Spain,Male,1st year,"4 - Advanced: I use AI tools regularly for various tasks and have a good understanding of their capabilities, limits, and potential biases.",A few times a week,Summarizing long documents or articles,I review the AI-generated output to identify potential errors and refine the text as necessary.,The AI and I would have produced a similar result.,"It enriches my work (gives me ideas I wouldn't have had), but takes about the same amount of time.",A moderate amount of time (I ask for a few adjustments or refinements).,Somewhat confident,"I do a quick search (e.g., Google, Wikipedia) to verify it.","Yes, occasionally.","Yes, occasionally.",Enthusiasm,You try it out after hearing good things from friends or colleagues.,Rarely,A smart search engine (to find information quickly and accurately).,Agree,Agree,Disagree,Disagree,Strongly Agree,Agree,Agree,Very concerned,Moderately concerned,Very concerned,Moderately concerned,Slightly concerned,Strongly Disagree,Agree,Disagree,Agree,Strongly Agree,Agree,es
27/03/2026 11:32:11,Spain,Female,2nd year,"5 - Expert: I have a deep understanding of how AI works, use it extensively, and could comfortably teach others how to use it responsibly.",Daily,"Brainstorming ideas and getting inspiration, Summarizing long documents or articles, Helping with homework / Lesson planning",I use it as a draft or inspiration and rewrite it heavily.,"The AI's output was poor/incorrect, and I had to redo most of it.",It has no significant impact on my time or effort.,"A significant amount of time (I engage in long conversations, going back and forth until the output is perfect).",Somewhat confident,I systematically check primary and authoritative sources to confirm the data.,"Yes, frequently.","Yes, frequently.","Curiosity, Skepticism, Suspicion",You only use it if it is strictly required for school or work.,Daily,A creative assistant/collaborator (to brainstorm and co-create).,Strongly Disagree,Disagree,Strongly Disagree,Disagree,Disagree,Disagree,Strongly Disagree,Moderately concerned,Moderately concerned,Very concerned,Extremely concerned,Very concerned,Agree,Agree,Agree,Agree,Disagree,Strongly Agree,es
27/03/2026 11:26:54,Spain,Female,2nd year,"5 - Expert: I have a deep understanding of how AI works, use it extensively, and could comfortably teach others how to use it responsibly.",Daily,"Summarizing long documents or articles, Writing/drafting text (emails, essays, reports), Solving math/logic problems or coding, Helping with homework / Lesson planning, Generating images or presentations",I review the AI-generated output to identify potential errors and refine the text as necessary.,The AI produced a much better result than I could have.,"It enriches my work (gives me ideas I wouldn't have had), but takes about the same amount of time.",A moderate amount of time (I ask for a few adjustments or refinements).,Somewhat confident,I systematically check primary and authoritative sources to confirm the data.,"Yes, occasionally.",I have never paid attention to this aspect.,"Excitement, Curiosity, Hope",You try it out after hearing good things from friends or colleagues.,A few times a week,A personal tutor/mentor (to explain concepts and help me learn).,Agree,Agree,Strongly Agree,Agree,Agree,Agree,Agree,Very concerned,Very concerned,Very concerned,Moderately concerned,Moderately concerned,Agree,Agree,Agree,Agree,Agree,Agree,es
27/03/2026 11:13:05,Spain,Female,2nd year,"5 - Expert: I have a deep understanding of how AI works, use it extensively, and could comfortably teach others how to use it responsibly.",Daily,"Summarizing long documents or articles, Writing/drafting text (emails, essays, reports), Generating images or presentations",I only use AI to review or correct content I have entirely written myself.,"My original work would have been better, but the AI was faster.",It is a huge time saver.,"A significant amount of time (I engage in long conversations, going back and forth until the output is perfect).",Somewhat confident,I ask the AI itself if it is sure about the answer.,"Yes, frequently.","Yes, frequently.",Curiosity,You only use it if it is strictly required for school or work.,A few times a week,A smart search engine (to find information quickly and accurately).,Strongly Agree,Agree,Agree,Strongly Disagree,Disagree,Disagree,Disagree,Not at all concerned,Not at all concerned,Extremely concerned,Not at all concerned,Slightly concerned,Strongly Agree,Strongly Agree,Strongly Agree,Strongly Agree,Strongly Agree,Strongly Agree,es
27/03/2026 11:12:40,Spain,Female,2nd year,"5 - Expert: I have a deep understanding of how AI works, use it extensively, and could comfortably teach others how to use it responsibly.",Daily,"Brainstorming ideas and getting inspiration, Helping with homework / Lesson planning, Generating images or presentations",I use it as a draft or inspiration and rewrite it heavily.,"My original work would have been better, but the AI was faster.","It enriches my work (gives me ideas I wouldn't have had), but takes about the same amount of time.",A moderate amount of time (I ask for a few adjustments or refinements).,Very confident,"I do a quick search (e.g., Google, Wikipedia) to verify it.","Yes, occasionally.",I have never paid attention to this aspect.,"Curiosity, Suspicion",You try it out after hearing good things from friends or colleagues.,A few times a week,A creative assistant/collaborator (to brainstorm and co-create).,Disagree,Agree,Disagree,Agree,Agree,Agree,Agree,Slightly concerned,Slightly concerned,Moderately concerned,Slightly concerned,Slightly concerned,Disagree,Agree,Agree,Strongly Agree,Strongly Agree,Disagree,es
27/03/2026 11:07:49,Spain,Female,2nd year,"5 - Expert: I have a deep understanding of how AI works, use it extensively, and could comfortably teach others how to use it responsibly.",A few times a week,"Brainstorming ideas and getting inspiration, Summarizing long documents or articles, Generating images or presentations",I review the AI-generated output to identify potential errors and refine the text as necessary.,"My original work would have been better, but the AI was faster.",It is a huge time saver.,A moderate amount of time (I ask for a few adjustments or refinements).,Somewhat confident,"I do a quick search (e.g., Google, Wikipedia) to verify it.","No, never.","No, never.",Suspicion,You try it out after hearing good things from friends or colleagues.,A few times a week,A smart search engine (to find information quickly and accurately).,Disagree,Disagree,Agree,Disagree,Strongly Disagree,Disagree,Strongly Disagree,Slightly concerned,Very concerned,Not at all concerned,Slightly concerned,Very concerned,Agree,Agree,Agree,Agree,Agree,Strongly Disagree,es
27/03/2026 11:06:04,Spain,Female,2nd year,"5 - Expert: I have a deep understanding of how AI works, use it extensively, and could comfortably teach others how to use it responsibly.",A few times a week,"Brainstorming ideas and getting inspiration, Translating texts or learning a language, Generating images or presentations",I review the AI-generated output to identify potential errors and refine the text as necessary.,The AI and I would have produced a similar result.,"It enriches my work (gives me ideas I wouldn't have had), but takes about the same amount of time.",A moderate amount of time (I ask for a few adjustments or refinements).,Somewhat confident,I ask the AI itself if it is sure about the answer.,"No, never.","Yes, occasionally.","Curiosity, Skepticism",You wait until it becomes mainstream and most people are using it.,A few times a month,A creative assistant/collaborator (to brainstorm and co-create).,Agree,Disagree,Disagree,Disagree,Disagree,Disagree,Disagree,Slightly concerned,Not at all concerned,Not at all concerned,Slightly concerned,Not at all concerned,Agree,Disagree,Disagree,Disagree,Disagree,Disagree,es
27/03/2026 11:06:00,Spain,Female,2nd year,"5 - Expert: I have a deep understanding of how AI works, use it extensively, and could comfortably teach others how to use it responsibly.",A few times a week,"Brainstorming ideas and getting inspiration, Translating texts or learning a language, Summarizing long documents or articles, Writing/drafting text (emails, essays, reports), Solving math/logic problems or coding, Helping with homework / Lesson planning, Generating images or presentations","I read it to check for major errors, but keep it mostly intact.",The AI produced a much better result than I could have.,It is a huge time saver.,A moderate amount of time (I ask for a few adjustments or refinements).,Very confident,I ask the AI itself if it is sure about the answer.,"Yes, occasionally.","Yes, occasionally.",Curiosity,You try it out after hearing good things from friends or colleagues.,A few times a week,A smart search engine (to find information quickly and accurately).,Agree,Agree,Agree,Agree,Agree,Agree,Agree,Moderately concerned,Moderately concerned,Moderately concerned,Moderately concerned,Moderately concerned,Disagree,Agree,Agree,Agree,Agree,Agree,es
27/03/2026 11:05:50,Spain,Female,2nd year,"5 - Expert: I have a deep understanding of how AI works, use it extensively, and could comfortably teach others how to use it responsibly.",A few times a week,Brainstorming ideas and getting inspiration,"I read it to check for major errors, but keep it mostly intact.",The AI produced a much better result than I could have.,It is a huge time saver.,"A significant amount of time (I engage in long conversations, going back and forth until the output is perfect).",Somewhat confident,"I do a quick search (e.g., Google, Wikipedia) to verify it.","Yes, occasionally.","Yes, occasionally.",Curiosity,You are one of the first to try it out.,A few times a week,A personal tutor/mentor (to explain concepts and help me learn).,Agree,Agree,Disagree,Agree,Agree,Agree,Agree,Moderately concerned,Moderately concerned,Slightly concerned,Moderately concerned,Moderately concerned,Disagree,Disagree,Agree,Agree,Disagree,Disagree,es
27/03/2026 11:05:24,Spain,Female,2nd year,"5 - Expert: I have a deep understanding of how AI works, use it extensively, and could comfortably teach others how to use it responsibly.",A few times a week,"Brainstorming ideas and getting inspiration, Summarizing long documents or articles, Helping with homework / Lesson planning, Generating images or presentations",I use it as a draft or inspiration and rewrite it heavily.,"The AI's output was poor/incorrect, and I had to redo most of it.","It enriches my work (gives me ideas I wouldn't have had), but takes about the same amount of time.","A significant amount of time (I engage in long conversations, going back and forth until the output is perfect).",Somewhat confident,I systematically check primary and authoritative sources to confirm the data.,"Yes, occasionally.","No, never.","Excitement, Hope, Suspicion",You try it out after hearing good things from friends or colleagues.,Daily,A creative assistant/collaborator (to brainstorm and co-create).,Agree,Agree,Strongly Agree,Strongly Agree,Strongly Disagree,Disagree,Agree,Extremely concerned,Very concerned,Very concerned,Very concerned,Very concerned,Strongly Agree,Agree,Agree,Agree,Agree,Disagree,es
27/03/2026 11:04:49,Spain,Male,2nd year,"5 - Expert: I have a deep understanding of how AI works, use it extensively, and could comfortably teach others how to use it responsibly.",A few times a month,"Brainstorming ideas and getting inspiration, Summarizing long documents or articles, Helping with homework / Lesson planning, Generating images or presentations",I review the AI-generated output to identify potential errors and refine the text as necessary.,The AI produced a much better result than I could have.,It is a huge time saver.,A moderate amount of time (I ask for a few adjustments or refinements).,Very confident,I ask the AI itself if it is sure about the answer.,"No, never.","No, never.","Excitement, Fear",You are one of the first to try it out.,Daily,A creative assistant/collaborator (to brainstorm and co-create).,Agree,Strongly Disagree,Disagree,Agree,Disagree,Disagree,Strongly Disagree,Not at all concerned,Very concerned,Very concerned,Moderately concerned,Moderately concerned,Agree,Disagree,Agree,Disagree,Agree,Strongly Agree,es
27/03/2026 11:04:34,Spain,Female,2nd year,"5 - Expert: I have a deep understanding of how AI works, use it extensively, and could comfortably teach others how to use it responsibly.",A few times a week,"Brainstorming ideas and getting inspiration, Translating texts or learning a language","I read it to check for major errors, but keep it mostly intact.",The AI and I would have produced a similar result.,It has no significant impact on my time or effort.,A moderate amount of time (I ask for a few adjustments or refinements).,Somewhat confident,"I do a quick search (e.g., Google, Wikipedia) to verify it.","Yes, frequently.","Yes, frequently.","Excitement, Hope, Skepticism",You try it out after hearing good things from friends or colleagues.,A few times a week,A smart search engine (to find information quickly and accurately).,Agree,Agree,Agree,Agree,Agree,Agree,Agree,Slightly concerned,Slightly concerned,Slightly concerned,Slightly concerned,Slightly concerned,Disagree,Agree,Agree,Agree,Agree,Agree,es
27/03/2026 10:24:35,Spain,Male,1st year,"5 - Expert: I have a deep understanding of how AI works, use it extensively, and could comfortably teach others how to use it responsibly.",Daily,"Summarizing long documents or articles, Solving math/logic problems or coding, Generating images or presentations",I use it as a draft or inspiration and rewrite it heavily.,"My original work would have been better, but the AI was faster.","It enriches my work (gives me ideas I wouldn't have had), but takes about the same amount of time.",A moderate amount of time (I ask for a few adjustments or refinements).,Very confident,I systematically check primary and authoritative sources to confirm the data.,"Yes, frequently.","Yes, frequently.","Curiosity, Skepticism, Suspicion",You try it out after hearing good things from friends or colleagues.,A few times a month,A personal tutor/mentor (to explain concepts and help me learn).,Agree,Disagree,Disagree,Strongly Disagree,Strongly Disagree,Agree,Strongly Disagree,Extremely concerned,Extremely concerned,Extremely concerned,Extremely concerned,Extremely concerned,Strongly Disagree,Agree,Strongly Agree,Agree,Strongly Disagree,Strongly Disagree,es
27/03/2026 10:14:09,Spain,Male,1st year,3 - Intermediate: I use some AI tools occasionally for simple tasks and understand their basic functions.,A few times a week,"Brainstorming ideas and getting inspiration, Writing/drafting text (emails, essays, reports)","I read it to check for major errors, but keep it mostly intact.",The AI produced a much better result than I could have.,"It enriches my work (gives me ideas I wouldn't have had), but takes about the same amount of time.",A moderate amount of time (I ask for a few adjustments or refinements).,Very confident,I ask the AI itself if it is sure about the answer.,"Yes, frequently.",I have never paid attention to this aspect.,"Curiosity, Enthusiasm",You try it out after hearing good things from friends or colleagues.,A few times a week,A smart search engine (to find information quickly and accurately).,Disagree,Disagree,Agree,Disagree,Agree,Strongly Disagree,Strongly Disagree,Not at all concerned,Slightly concerned,Extremely concerned,Moderately concerned,Moderately concerned,Agree,Agree,Strongly Agree,Agree,Agree,Disagree,es
27/03/2026 10:12:23,Spain,Male,1st year,3 - Intermediate: I use some AI tools occasionally for simple tasks and understand their basic functions.,A few times a week,"Brainstorming ideas and getting inspiration, Translating texts or learning a language, Writing/drafting text (emails, essays, reports)",I review the AI-generated output to identify potential errors and refine the text as necessary.,The AI produced a much better result than I could have.,It is a huge time saver.,A moderate amount of time (I ask for a few adjustments or refinements).,Very confident,"I do a quick search (e.g., Google, Wikipedia) to verify it.","Yes, occasionally.","Yes, occasionally.","Excitement, Hope, Enthusiasm",You wait until it becomes mainstream and most people are using it.,A few times a week,A smart search engine (to find information quickly and accurately).,Agree,Agree,Strongly Disagree,Strongly Agree,Strongly Disagree,Disagree,Disagree,Slightly concerned,Slightly concerned,Moderately concerned,Not at all concerned,Slightly concerned,Agree,Disagree,Strongly Disagree,Agree,Strongly Disagree,Strongly Disagree,es
27/03/2026 10:12:12,Spain,Male,1st year,"4 - Advanced: I use AI tools regularly for various tasks and have a good understanding of their capabilities, limits, and potential biases.",Daily,Other (personal matters),I use it as a draft or inspiration and rewrite it heavily.,"My original work would have been better, but the AI was faster.","It enriches my work (gives me ideas I wouldn't have had), but takes about the same amount of time.",A moderate amount of time (I ask for a few adjustments or refinements).,Not very confident,I ask the AI itself if it is sure about the answer.,"Yes, occasionally.","Yes, occasionally.",,You try it out after hearing good things from friends or colleagues.,A few times a week,A personal tutor/mentor (to explain concepts and help me learn).,Agree,Agree,Agree,Agree,Agree,Agree,Agree,Moderately concerned,Moderately concerned,Moderately concerned,Moderately concerned,Moderately concerned,Agree,Agree,Agree,Agree,Agree,Disagree,es
27/03/2026 10:11:26,Spain,Male,1st year,"2 - Novice: I know the basic concepts and have seen AI tools, but I rarely or never use them myself.",A few times a week,Summarizing long documents or articles,I review the AI-generated output to identify potential errors and refine the text as necessary.,The AI produced a much better result than I could have.,"It enriches my work (gives me ideas I wouldn't have had), but takes about the same amount of time.",A moderate amount of time (I ask for a few adjustments or refinements).,Somewhat confident,I ask the AI itself if it is sure about the answer.,"Yes, frequently.","No, never.",Excitement,You are one of the first to try it out.,A few times a week,A creative assistant/collaborator (to brainstorm and co-create).,Agree,Disagree,Strongly Disagree,Strongly Disagree,Disagree,Disagree,Strongly Disagree,Not at all concerned,Slightly concerned,Slightly concerned,Slightly concerned,Slightly concerned,Agree,Strongly Disagree,Strongly Disagree,Strongly Disagree,Strongly Disagree,Strongly Disagree,es
27/03/2026 10:10:57,Spain,Male,1st year,"4 - Advanced: I use AI tools regularly for various tasks and have a good understanding of their capabilities, limits, and potential biases.",A few times a week,"Summarizing long documents or articles, Writing/drafting text (emails, essays, reports), Solving math/logic problems or coding, Helping with homework / Lesson planning",I copy and paste it directly without reading it thoroughly.,The AI produced a much better result than I could have.,It is a huge time saver.,A moderate amount of time (I ask for a few adjustments or refinements).,Somewhat confident,I ask the AI itself if it is sure about the answer.,"Yes, occasionally.","Yes, occasionally.","Curiosity, Skepticism, Enthusiasm",You try it out after hearing good things from friends or colleagues.,A few times a month,A creative assistant/collaborator (to brainstorm and co-create).,Agree,Disagree,Disagree,Strongly Disagree,Agree,Strongly Disagree,Strongly Disagree,Not at all concerned,Slightly concerned,Slightly concerned,Not at all concerned,Slightly concerned,Disagree,Disagree,Strongly Disagree,Agree,Disagree,Disagree,es
27/03/2026 10:10:54,Spain,Male,1st year,"5 - Expert: I have a deep understanding of how AI works, use it extensively, and could comfortably teach others how to use it responsibly.",A few times a week,Summarizing long documents or articles,"I read it to check for major errors, but keep it mostly intact.","My original work would have been better, but the AI was faster.",It is a huge time saver.,It takes so much time that sometimes I just give up and do the work myself.,Not very confident,"I do a quick search (e.g., Google, Wikipedia) to verify it.","Yes, frequently.","Yes, frequently.",Excitement,You try it out after hearing good things from friends or colleagues.,A few times a week,A personal tutor/mentor (to explain concepts and help me learn).,Agree,Disagree,Disagree,Disagree,Disagree,Disagree,Disagree,Slightly concerned,Slightly concerned,Slightly concerned,Slightly concerned,Slightly concerned,Strongly Disagree,Disagree,Disagree,Disagree,Disagree,Disagree,es
27/03/2026 10:10:34,Spain,Male,1st year,"5 - Expert: I have a deep understanding of how AI works, use it extensively, and could comfortably teach others how to use it responsibly.",A few times a week,"Brainstorming ideas and getting inspiration, Translating texts or learning a language, Summarizing long documents or articles, Writing/drafting text (emails, essays, reports), Solving math/logic problems or coding, Helping with homework / Lesson planning, Generating images or presentations",I review the AI-generated output to identify potential errors and refine the text as necessary.,"My original work would have been better, but the AI was faster.","It enriches my work (gives me ideas I wouldn't have had), but takes about the same amount of time.",Very little time (I usually accept the first answer it provides).,Somewhat confident,I systematically check primary and authoritative sources to confirm the data.,"Yes, frequently.","Yes, occasionally.","Excitement, Anxiety, Curiosity, Hope, Skepticism, Enthusiasm, Suspicion",You try it out after hearing good things from friends or colleagues.,A few times a week,A creative assistant/collaborator (to brainstorm and co-create).,Agree,Disagree,Strongly Disagree,Agree,Disagree,Disagree,Disagree,Slightly concerned,Not at all concerned,Not at all concerned,Slightly concerned,Slightly concerned,Disagree,Strongly Disagree,Disagree,Strongly Disagree,Strongly Disagree,Disagree,es
27/03/2026 10:10:11,Spain,Male,1st year,"4 - Advanced: I use AI tools regularly for various tasks and have a good understanding of their capabilities, limits, and potential biases.",A few times a week,"Brainstorming ideas and getting inspiration, Translating texts or learning a language, Summarizing long documents or articles, Writing/drafting text (emails, essays, reports), Solving math/logic problems or coding, Helping with homework / Lesson planning, Generating images or presentations","I read it to check for major errors, but keep it mostly intact.",The AI produced a much better result than I could have.,"It enriches my work (gives me ideas I wouldn't have had), but takes about the same amount of time.","A significant amount of time (I engage in long conversations, going back and forth until the output is perfect).",Somewhat confident,I trust it completely and use it as is.,"Yes, occasionally.","Yes, occasionally.",Curiosity,You are one of the first to try it out.,A few times a month,A shortcut (to do the heavy lifting or do my assignments for me).,Agree,Strongly Disagree,Disagree,Strongly Agree,Agree,Disagree,Strongly Disagree,Slightly concerned,Slightly concerned,Slightly concerned,Slightly concerned,Slightly concerned,Agree,Disagree,Disagree,Disagree,Disagree,Disagree,es
27/03/2026 10:09:53,Spain,Male,1st year,"5 - Expert: I have a deep understanding of how AI works, use it extensively, and could comfortably teach others how to use it responsibly.",A few times a week,"Summarizing long documents or articles, Solving math/logic problems or coding, Helping with homework / Lesson planning",I review the AI-generated output to identify potential errors and refine the text as necessary.,The AI and I would have produced a similar result.,It has no significant impact on my time or effort.,Very little time (I usually accept the first answer it provides).,Very confident,I trust it completely and use it as is.,"Yes, occasionally.","Yes, occasionally.","Excitement, Hope, Skepticism, Suspicion",You wait until it becomes mainstream and most people are using it.,Daily,A personal tutor/mentor (to explain concepts and help me learn).,Strongly Agree,Strongly Disagree,Disagree,Disagree,Agree,Strongly Disagree,Agree,Very concerned,Moderately concerned,Moderately concerned,Slightly concerned,Moderately concerned,Disagree,Agree,Agree,Disagree,Agree,Disagree,es
27/03/2026 10:09:09,Spain,Male,1st year,3 - Intermediate: I use some AI tools occasionally for simple tasks and understand their basic functions.,A few times a week,Brainstorming ideas and getting inspiration,I use it as a draft or inspiration and rewrite it heavily.,The AI and I would have produced a similar result.,"It enriches my work (gives me ideas I wouldn't have had), but takes about the same amount of time.",A moderate amount of time (I ask for a few adjustments or refinements).,Somewhat confident,I ask the AI itself if it is sure about the answer.,"Yes, occasionally.","Yes, occasionally.",Anxiety,You are one of the first to try it out.,A few times a week,A shortcut (to do the heavy lifting or do my assignments for me).,Agree,Agree,Disagree,Disagree,Agree,Agree,Disagree,Not at all concerned,Slightly concerned,Slightly concerned,Not at all concerned,Slightly concerned,Disagree,Disagree,Strongly Agree,Agree,Strongly Agree,Strongly Agree,es
27/03/2026 10:02:55,Spain,Female,5th year,3 - Intermediate: I use some AI tools occasionally for simple tasks and understand their basic functions.,A few times a week,"Brainstorming ideas and getting inspiration, Translating texts or learning a language, Summarizing long documents or articles, Solving math/logic problems or coding, Helping with homework / Lesson planning",I review the AI-generated output to identify potential errors and refine the text as necessary.,The AI and I would have produced a similar result.,"It enriches my work (gives me ideas I wouldn't have had), but takes about the same amount of time.","A significant amount of time (I engage in long conversations, going back and forth until the output is perfect).",Somewhat confident,"I do a quick search (e.g., Google, Wikipedia) to verify it.","Yes, occasionally.",I have never paid attention to this aspect.,"Anxiety, Curiosity, Skepticism",You try it out after hearing good things from friends or colleagues.,A few times a week,A creative assistant/collaborator (to brainstorm and co-create).,Agree,Agree,Agree,Strongly Disagree,Disagree,Strongly Agree,Agree,Not at all concerned,Moderately concerned,Slightly concerned,Moderately concerned,Very concerned,Strongly Agree,Disagree,Strongly Agree,Strongly Agree,Strongly Agree,Disagree,es
27/03/2026 09:49:43,Spain,Female,1st year,"4 - Advanced: I use AI tools regularly for various tasks and have a good understanding of their capabilities, limits, and potential biases.",Daily,"Translating texts or learning a language, Helping with homework / Lesson planning, Other (real problems and daily routines)",I review the AI-generated output to identify potential errors and refine the text as necessary.,The AI and I would have produced a similar result.,It has no significant impact on my time or effort.,"A significant amount of time (I engage in long conversations, going back and forth until the output is perfect).",Very confident,"I do a quick search (e.g., Google, Wikipedia) to verify it.","Yes, occasionally.","Yes, occasionally.","Fear, Other",You are one of the first to try it out.,A few times a week,A personal tutor/mentor (to explain concepts and help me learn).,Strongly Disagree,Agree,Disagree,Strongly Disagree,Disagree,Agree,Disagree,Slightly concerned,Not at all concerned,Not at all concerned,Not at all concerned,Very concerned,Strongly Disagree,Agree,Strongly Agree,Strongly Agree,Strongly Agree,Agree,es
27/03/2026 09:45:19,Spain,Female,1st year,3 - Intermediate: I use some AI tools occasionally for simple tasks and understand their basic functions.,Daily,"Summarizing long documents or articles, Helping with homework / Lesson planning, Generating images or presentations",I review the AI-generated output to identify potential errors and refine the text as necessary.,The AI produced a much better result than I could have.,It is a huge time saver.,"A significant amount of time (I engage in long conversations, going back and forth until the output is perfect).",Not very confident,I systematically check primary and authoritative sources to confirm the data.,"No, never.","No, never.","Excitement, Curiosity",You only use it if it is strictly required for school or work.,Daily,A personal tutor/mentor (to explain concepts and help me learn).,Agree,Agree,Agree,Agree,Agree,Agree,Agree,Moderately concerned,Slightly concerned,Slightly concerned,Moderately concerned,Slightly concerned,Strongly Disagree,Strongly Disagree,Disagree,Strongly Disagree,Disagree,Disagree,es
27/03/2026 09:42:34,Spain,Female,1st year,3 - Intermediate: I use some AI tools occasionally for simple tasks and understand their basic functions.,A few times a month,"Brainstorming ideas and getting inspiration, Summarizing long documents or articles, Writing/drafting text (emails, essays, reports), Solving math/logic problems or coding, Generating images or presentations",I review the AI-generated output to identify potential errors and refine the text as necessary.,"My original work would have been better, but the AI was faster.","It enriches my work (gives me ideas I wouldn't have had), but takes about the same amount of time.",A moderate amount of time (I ask for a few adjustments or refinements).,Somewhat confident,"I do a quick search (e.g., Google, Wikipedia) to verify it.",I didn't know AI could do that.,"No, never.","Excitement, Curiosity, Fear, Hope, Suspicion",You only use it if it is strictly required for school or work.,A few times a month,A smart search engine (to find information quickly and accurately).,Agree,Agree,Agree,Disagree,Disagree,Disagree,Strongly Disagree,Not at all concerned,Moderately concerned,Very concerned,Moderately concerned,Moderately concerned,Disagree,Strongly Disagree,Strongly Agree,Agree,Agree,Strongly Disagree,es
27/03/2026 09:41:43,Spain,Female,1st year,1 - Absolute Beginner: I know almost nothing. I have heard the term but don't really know what it is or how to use it.,Daily,Translating texts or learning a language,I review the AI-generated output to identify potential errors and refine the text as necessary.,"The AI's output was poor/incorrect, and I had to redo most of it.",It is a huge time saver.,"A significant amount of time (I engage in long conversations, going back and forth until the output is perfect).",Somewhat confident,I ask the AI itself if it is sure about the answer.,"Yes, occasionally.","Yes, frequently.",Anxiety,You are one of the first to try it out.,Rarely,A shortcut (to do the heavy lifting or do my assignments for me).,Disagree,Disagree,Agree,Disagree,Agree,Strongly Disagree,Strongly Agree,Not at all concerned,Slightly concerned,Moderately concerned,Very concerned,Extremely concerned,Strongly Disagree,Strongly Disagree,Strongly Disagree,Agree,Agree,Agree,es
27/03/2026 09:41:36,Spain (Catalonia),Male,1st year,"4 - Advanced: I use AI tools regularly for various tasks and have a good understanding of their capabilities, limits, and potential biases.",Daily,"Summarizing long documents or articles, Writing/drafting text (emails, essays, reports), Helping with homework / Lesson planning, Generating images or presentations",I copy and paste it directly without reading it thoroughly.,"My original work would have been better, but the AI was faster.",It is a huge time saver.,A moderate amount of time (I ask for a few adjustments or refinements).,Very confident,I trust it completely and use it as is.,"Yes, occasionally.","No, never.",,You try it out after hearing good things from friends or colleagues.,Daily,A shortcut (to do the heavy lifting or do my assignments for me).,Disagree,Disagree,Agree,Disagree,Agree,Agree,Disagree,Slightly concerned,Slightly concerned,Slightly concerned,Slightly concerned,Slightly concerned,Disagree,Disagree,Disagree,Disagree,Disagree,Disagree,es
27/03/2026 09:41:22,Spain,Female,1st year,"4 - Advanced: I use AI tools regularly for various tasks and have a good understanding of their capabilities, limits, and potential biases.",A few times a week,"Translating texts or learning a language, Summarizing long documents or articles, Writing/drafting text (emails, essays, reports), Helping with homework / Lesson planning, Generating images or presentations",I use it as a draft or inspiration and rewrite it heavily.,The AI produced a much better result than I could have.,"It enriches my work (gives me ideas I wouldn't have had), but takes about the same amount of time.","A significant amount of time (I engage in long conversations, going back and forth until the output is perfect).",Very confident,I ask the AI itself if it is sure about the answer.,"Yes, frequently.",I have never paid attention to this aspect.,,You try it out after hearing good things from friends or colleagues.,A few times a week,A personal tutor/mentor (to explain concepts and help me learn).,Agree,Agree,Agree,Disagree,Disagree,Disagree,Agree,Moderately concerned,Moderately concerned,Moderately concerned,Moderately concerned,Moderately concerned,Agree,Disagree,Agree,Agree,Agree,Strongly Disagree,es
27/03/2026 09:40:25,Spain,Male,1st year,"2 - Novice: I know the basic concepts and have seen AI tools, but I rarely or never use them myself.",A few times a week,"Brainstorming ideas and getting inspiration, Summarizing long documents or articles, Solving math/logic problems or coding, Generating images or presentations",I review the AI-generated output to identify potential errors and refine the text as necessary.,The AI produced a much better result than I could have.,"It enriches my work (gives me ideas I wouldn't have had), but takes about the same amount of time.",Very little time (I usually accept the first answer it provides).,Very confident,I ask the AI itself if it is sure about the answer.,"Yes, occasionally.","Yes, frequently.",Excitement,You wait until it becomes mainstream and most people are using it.,A few times a week,A creative assistant/collaborator (to brainstorm and co-create).,Agree,Disagree,Agree,Disagree,Agree,Strongly Agree,Disagree,Not at all concerned,Slightly concerned,Moderately concerned,Slightly concerned,Slightly concerned,Agree,Strongly Disagree,Agree,Disagree,Agree,Disagree,es
27/03/2026 09:40:12,Spain,Male,1st year,3 - Intermediate: I use some AI tools occasionally for simple tasks and understand their basic functions.,A few times a week,"Helping with homework / Lesson planning, Generating images or presentations",I review the AI-generated output to identify potential errors and refine the text as necessary.,The AI and I would have produced a similar result.,It is a huge time saver.,A moderate amount of time (I ask for a few adjustments or refinements).,Somewhat confident,I ask the AI itself if it is sure about the answer.,I didn't know AI could do that.,"Yes, frequently.","Curiosity, Hope, Enthusiasm",You only use it if it is strictly required for school or work.,A few times a week,A smart search engine (to find information quickly and accurately).,Agree,Agree,Agree,Agree,Strongly Agree,Disagree,Disagree,Not at all concerned,Slightly concerned,Slightly concerned,Slightly concerned,Not at all concerned,Agree,Agree,Agree,Disagree,Agree,Disagree,es
27/03/2026 09:40:07,Spain,Male,1st year,"4 - Advanced: I use AI tools regularly for various tasks and have a good understanding of their capabilities, limits, and potential biases.",A few times a week,"Brainstorming ideas and getting inspiration, Translating texts or learning a language, Summarizing long documents or articles, Writing/drafting text (emails, essays, reports), Solving math/logic problems or coding, Helping with homework / Lesson planning, Generating images or presentations",I review the AI-generated output to identify potential errors and refine the text as necessary.,The AI produced a much better result than I could have.,It is a huge time saver.,A moderate amount of time (I ask for a few adjustments or refinements).,Very confident,"I do a quick search (e.g., Google, Wikipedia) to verify it.","Yes, occasionally.",I have never paid attention to this aspect.,"Curiosity, Hope",You try it out after hearing good things from friends or colleagues.,A few times a week,A smart search engine (to find information quickly and accurately).,Agree,Agree,Agree,Agree,Disagree,Disagree,Disagree,Not at all concerned,Slightly concerned,Not at all concerned,Moderately concerned,Extremely concerned,Disagree,Agree,Disagree,Agree,Agree,Strongly Disagree,es
27/03/2026 09:39:48,Spain,Female,1st year,"4 - Advanced: I use AI tools regularly for various tasks and have a good understanding of their capabilities, limits, and potential biases.",A few times a week,"Brainstorming ideas and getting inspiration, Summarizing long documents or articles, Writing/drafting text (emails, essays, reports), Solving math/logic problems or coding, Helping with homework / Lesson planning, Generating images or presentations, I do not use AI tools",I use it as a draft or inspiration and rewrite it heavily.,The AI produced a much better result than I could have.,"It enriches my work (gives me ideas I wouldn't have had), but takes about the same amount of time.",A moderate amount of time (I ask for a few adjustments or refinements).,Somewhat confident,"I do a quick search (e.g., Google, Wikipedia) to verify it.","Yes, frequently.",I have never paid attention to this aspect.,"Curiosity, Enthusiasm",You try it out after hearing good things from friends or colleagues.,A few times a week,A personal tutor/mentor (to explain concepts and help me learn).,Agree,Agree,Agree,Disagree,Disagree,Agree,Agree,Moderately concerned,Moderately concerned,Slightly concerned,Moderately concerned,Extremely concerned,Disagree,Agree,Agree,Agree,Strongly Agree,Disagree,es
27/03/2026 09:39:19,Spain,Male,1st year,3 - Intermediate: I use some AI tools occasionally for simple tasks and understand their basic functions.,Daily,"Brainstorming ideas and getting inspiration, Translating texts or learning a language, Summarizing long documents or articles, Solving math/logic problems or coding","I read it to check for major errors, but keep it mostly intact.",The AI and I would have produced a similar result.,It is a huge time saver.,A moderate amount of time (I ask for a few adjustments or refinements).,Very confident,"I do a quick search (e.g., Google, Wikipedia) to verify it.","Yes, occasionally.","No, never.",Curiosity,You wait until it becomes mainstream and most people are using it.,A few times a week,A smart search engine (to find information quickly and accurately).,Agree,Agree,Agree,Strongly Disagree,Agree,Agree,Disagree,Not at all concerned,Slightly concerned,Slightly concerned,Moderately concerned,Slightly concerned,Agree,Agree,Agree,Disagree,Agree,Agree,es
27/03/2026 09:39:11,Spain,Female,1st year,"5 - Expert: I have a deep understanding of how AI works, use it extensively, and could comfortably teach others how to use it responsibly.",Daily,"Brainstorming ideas and getting inspiration, Summarizing long documents or articles, Helping with homework / Lesson planning",I review the AI-generated output to identify potential errors and refine the text as necessary.,The AI produced a much better result than I could have.,It has no significant impact on my time or effort.,"A significant amount of time (I engage in long conversations, going back and forth until the output is perfect).",Not very confident,I ask the AI itself if it is sure about the answer.,"Yes, occasionally.","No, never.","Excitement, Curiosity, Hope, Enthusiasm, Suspicion",You wait until it becomes mainstream and most people are using it.,A few times a month,A personal tutor/mentor (to explain concepts and help me learn).,Agree,Agree,Disagree,Agree,Disagree,Agree,Agree,Extremely concerned,Slightly concerned,Moderately concerned,Slightly concerned,Extremely concerned,Strongly Disagree,Strongly Agree,Agree,Agree,Agree,Disagree,es
27/03/2026 09:39:08,Spain,Female,1st year,"4 - Advanced: I use AI tools regularly for various tasks and have a good understanding of their capabilities, limits, and potential biases.",Daily,"Brainstorming ideas and getting inspiration, Translating texts or learning a language, Summarizing long documents or articles, Writing/drafting text (emails, essays, reports), Solving math/logic problems or coding, Helping with homework / Lesson planning, Generating images or presentations",I review the AI-generated output to identify potential errors and refine the text as necessary.,The AI and I would have produced a similar result.,It has no significant impact on my time or effort.,"A significant amount of time (I engage in long conversations, going back and forth until the output is perfect).",Somewhat confident,I ask the AI itself if it is sure about the answer.,"Yes, occasionally.","Yes, occasionally.","Curiosity, Hope, Enthusiasm",You wait until it becomes mainstream and most people are using it.,A few times a month,A smart search engine (to find information quickly and accurately).,Agree,Agree,Disagree,Strongly Agree,Agree,Agree,Agree,Very concerned,Slightly concerned,Very concerned,Moderately concerned,Extremely concerned,Agree,Disagree,Agree,Agree,Disagree,Agree,es
27/03/2026 09:38:46,Spain (Catalonia),Male,1st year,3 - Intermediate: I use some AI tools occasionally for simple tasks and understand their basic functions.,A few times a week,"Brainstorming ideas and getting inspiration, Solving math/logic problems or coding","I read it to check for major errors, but keep it mostly intact.","My original work would have been better, but the AI was faster.",It is a huge time saver.,"A significant amount of time (I engage in long conversations, going back and forth until the output is perfect).",Not very confident,I systematically check primary and authoritative sources to confirm the data.,"No, never.","Yes, frequently.","Hope, Suspicion",You wait until it becomes mainstream and most people are using it.,A few times a month,An entertainment tool (just for fun).,Agree,Strongly Disagree,Disagree,Strongly Disagree,Disagree,Disagree,Strongly Agree,Moderately concerned,Slightly concerned,Slightly concerned,Not at all concerned,Slightly concerned,Agree,Strongly Disagree,Strongly Disagree,Strongly Disagree,Agree,Strongly Disagree,es
27/03/2026 09:37:40,Spain,Male,1st year,"4 - Advanced: I use AI tools regularly for various tasks and have a good understanding of their capabilities, limits, and potential biases.",Daily,"Brainstorming ideas and getting inspiration, Translating texts or learning a language, Summarizing long documents or articles, Generating images or presentations",I review the AI-generated output to identify potential errors and refine the text as necessary.,The AI produced a much better result than I could have.,It is a huge time saver.,A moderate amount of time (I ask for a few adjustments or refinements).,Somewhat confident,"I do a quick search (e.g., Google, Wikipedia) to verify it.","Yes, occasionally.","Yes, occasionally.","Excitement, Curiosity, Enthusiasm",You are one of the first to try it out.,Daily,A shortcut (to do the heavy lifting or do my assignments for me).,Agree,Agree,Agree,Agree,Agree,Agree,Agree,Moderately concerned,Moderately concerned,Slightly concerned,Moderately concerned,Very concerned,Disagree,Agree,Agree,Agree,Disagree,Agree,es
27/03/2026 09:35:50,Spain,Male,1st year,"2 - Novice: I know the basic concepts and have seen AI tools, but I rarely or never use them myself.",Daily,Summarizing long documents or articles,I copy and paste it directly without reading it thoroughly.,The AI and I would have produced a similar result.,It has no significant impact on my time or effort.,"A significant amount of time (I engage in long conversations, going back and forth until the output is perfect).",Somewhat confident,I ask the AI itself if it is sure about the answer.,"Yes, occasionally.","No, never.",Curiosity,You are one of the first to try it out.,A few times a week,A personal tutor/mentor (to explain concepts and help me learn).,Agree,Strongly Agree,Strongly Agree,Agree,Strongly Agree,Agree,Agree,Moderately concerned,Moderately concerned,Very concerned,Moderately concerned,Slightly concerned,Agree,Agree,Agree,Disagree,Agree,Disagree,es
27/03/2026 09:34:43,Spain,Male,4th year,3 - Intermediate: I use some AI tools occasionally for simple tasks and understand their basic functions.,A few times a week,"Translating texts or learning a language, Summarizing long documents or articles, Writing/drafting text (emails, essays, reports), Helping with homework / Lesson planning, Generating images or presentations",I use it as a draft or inspiration and rewrite it heavily.,The AI produced a much better result than I could have.,"It enriches my work (gives me ideas I wouldn't have had), but takes about the same amount of time.",A moderate amount of time (I ask for a few adjustments or refinements).,Somewhat confident,"I do a quick search (e.g., Google, Wikipedia) to verify it.","Yes, occasionally.","Yes, occasionally.","Excitement, Curiosity",You wait until it becomes mainstream and most people are using it.,A few times a week,A personal tutor/mentor (to explain concepts and help me learn).,Strongly Agree,Agree,Disagree,Agree,Disagree,Agree,Agree,Extremely concerned,Slightly concerned,Slightly concerned,Not at all concerned,Not at all concerned,Agree,Strongly Agree,Agree,Strongly Disagree,Disagree,Strongly Disagree,es
27/03/2026 09:32:27,Spain,Male,1st year,3 - Intermediate: I use some AI tools occasionally for simple tasks and understand their basic functions.,A few times a week,Brainstorming ideas and getting inspiration,I review the AI-generated output to identify potential errors and refine the text as necessary.,The AI produced a much better result than I could have.,It has no significant impact on my time or effort.,"A significant amount of time (I engage in long conversations, going back and forth until the output is perfect).",Somewhat confident,I trust it completely and use it as is.,"Yes, occasionally.","Yes, occasionally.",Curiosity,You are one of the first to try it out.,A few times a week,A smart search engine (to find information quickly and accurately).,Agree,Agree,Agree,Agree,Agree,Agree,Agree,Moderately concerned,Moderately concerned,Moderately concerned,Moderately concerned,Moderately concerned,Disagree,Agree,Agree,Agree,Agree,Agree,es
27/03/2026 09:32:10,Spain,Male,4th year,"5 - Expert: I have a deep understanding of how AI works, use it extensively, and could comfortably teach others how to use it responsibly.",A few times a week,"Brainstorming ideas and getting inspiration, Summarizing long documents or articles, Solving math/logic problems or coding",I use it as a draft or inspiration and rewrite it heavily.,The AI and I would have produced a similar result.,It is a huge time saver.,"A significant amount of time (I engage in long conversations, going back and forth until the output is perfect).",Somewhat confident,I ask the AI itself if it is sure about the answer.,"No, never.","No, never.","Excitement, Curiosity, Hope",You try it out after hearing good things from friends or colleagues.,A few times a week,A personal tutor/mentor (to explain concepts and help me learn).,Agree,Agree,Agree,Agree,Agree,Agree,Agree,Extremely concerned,Moderately concerned,Moderately concerned,Moderately concerned,Moderately concerned,Strongly Agree,Strongly Agree,Strongly Agree,Agree,Strongly Agree,Agree,es
27/03/2026 09:31:33,Spain,Male,4th year,"4 - Advanced: I use AI tools regularly for various tasks and have a good understanding of their capabilities, limits, and potential biases.",Daily,"Brainstorming ideas and getting inspiration, Translating texts or learning a language, Summarizing long documents or articles, Writing/drafting text (emails, essays, reports), Solving math/logic problems or coding",I review the AI-generated output to identify potential errors and refine the text as necessary.,The AI and I would have produced a similar result.,It is a huge time saver.,"A significant amount of time (I engage in long conversations, going back and forth until the output is perfect).",Somewhat confident,"I do a quick search (e.g., Google, Wikipedia) to verify it.","Yes, frequently.","Yes, occasionally.","Excitement, Fear, Suspicion",You try it out after hearing good things from friends or colleagues.,Daily,A creative assistant/collaborator (to brainstorm and co-create).,Agree,Disagree,Disagree,Disagree,Agree,Agree,Strongly Disagree,Slightly concerned,Extremely concerned,Very concerned,Very concerned,Very concerned,Strongly Agree,Strongly Agree,Strongly Agree,Strongly Agree,Strongly Agree,Agree,es
27/03/2026 09:31:33,Spain,Male,4th year,"4 - Advanced: I use AI tools regularly for various tasks and have a good understanding of their capabilities, limits, and potential biases.",A few times a week,"Translating texts or learning a language, Summarizing long documents or articles, Solving math/logic problems or coding, Generating images or presentations",I review the AI-generated output to identify potential errors and refine the text as necessary.,The AI and I would have produced a similar result.,"It enriches my work (gives me ideas I wouldn't have had), but takes about the same amount of time.","A significant amount of time (I engage in long conversations, going back and forth until the output is perfect).",Somewhat confident,"I do a quick search (e.g., Google, Wikipedia) to verify it.","Yes, occasionally.",I have never paid attention to this aspect.,"Curiosity, Hope, Enthusiasm",You wait until it becomes mainstream and most people are using it.,A few times a week,A personal tutor/mentor (to explain concepts and help me learn).,Agree,Agree,Strongly Agree,Agree,Disagree,Agree,Agree,Not at all concerned,Slightly concerned,Very concerned,Very concerned,Very concerned,Agree,Disagree,Agree,Agree,Disagree,Disagree,es
27/03/2026 09:31:24,Spain,Male,4th year,3 - Intermediate: I use some AI tools occasionally for simple tasks and understand their basic functions.,A few times a week,"Translating texts or learning a language, Summarizing long documents or articles, Writing/drafting text (emails, essays, reports), Solving math/logic problems or coding, Helping with homework / Lesson planning",I review the AI-generated output to identify potential errors and refine the text as necessary.,"My original work would have been better, but the AI was faster.",It is a huge time saver.,"A significant amount of time (I engage in long conversations, going back and forth until the output is perfect).",Somewhat confident,"I do a quick search (e.g., Google, Wikipedia) to verify it.","Yes, occasionally.","Yes, occasionally.","Curiosity, Fear, Skepticism",You try it out after hearing good things from friends or colleagues.,A few times a week,A smart search engine (to find information quickly and accurately).,Agree,Agree,Disagree,Agree,Agree,Disagree,Strongly Disagree,Not at all concerned,Slightly concerned,Very concerned,Slightly concerned,Moderately concerned,Disagree,Agree,Disagree,Agree,Strongly Disagree,Strongly Disagree,es
27/03/2026 09:31:11,Spain,Male,4th year,"4 - Advanced: I use AI tools regularly for various tasks and have a good understanding of their capabilities, limits, and potential biases.",A few times a week,"Brainstorming ideas and getting inspiration, Summarizing long documents or articles, Writing/drafting text (emails, essays, reports), Solving math/logic problems or coding, Helping with homework / Lesson planning, Generating images or presentations","I read it to check for major errors, but keep it mostly intact.",The AI produced a much better result than I could have.,It is a huge time saver.,A moderate amount of time (I ask for a few adjustments or refinements).,Somewhat confident,"I do a quick search (e.g., Google, Wikipedia) to verify it.","Yes, occasionally.","No, never.",,You try it out after hearing good things from friends or colleagues.,A few times a week,A smart search engine (to find information quickly and accurately).,Disagree,Agree,Agree,Strongly Agree,Agree,Disagree,Strongly Disagree,Slightly concerned,Slightly concerned,Slightly concerned,Slightly concerned,Slightly concerned,Agree,Agree,Agree,Agree,Agree,Agree,es
27/03/2026 09:31:09,Spain,Male,4th year,3 - Intermediate: I use some AI tools occasionally for simple tasks and understand their basic functions.,A few times a week,"Brainstorming ideas and getting inspiration, Translating texts or learning a language, Summarizing long documents or articles, Writing/drafting text (emails, essays, reports), Helping with homework / Lesson planning, Generating images or presentations",I use it as a draft or inspiration and rewrite it heavily.,"My original work would have been better, but the AI was faster.",It is a huge time saver.,A moderate amount of time (I ask for a few adjustments or refinements).,Somewhat confident,"I do a quick search (e.g., Google, Wikipedia) to verify it.","Yes, frequently.","Yes, occasionally.","Fear, Hope",You try it out after hearing good things from friends or colleagues.,A few times a week,A personal tutor/mentor (to explain concepts and help me learn).,Agree,Disagree,Agree,Strongly Disagree,Agree,Agree,Disagree,Moderately concerned,Very concerned,Slightly concerned,Moderately concerned,Moderately concerned,Strongly Agree,Disagree,Disagree,Agree,Disagree,Strongly Disagree,es
27/03/2026 09:30:54,Spain,Male,4th year,3 - Intermediate: I use some AI tools occasionally for simple tasks and understand their basic functions.,Rarely,"Translating texts or learning a language, Solving math/logic problems or coding, Helping with homework / Lesson planning, Generating images or presentations, Other (solving various problems)",I review the AI-generated output to identify potential errors and refine the text as necessary.,The AI and I would have produced a similar result.,It is a huge time saver.,Very little time (I usually accept the first answer it provides).,Somewhat confident,"I do a quick search (e.g., Google, Wikipedia) to verify it.","Yes, occasionally.","Yes, frequently.","Curiosity, Fear, Suspicion",You try it out after hearing good things from friends or colleagues.,A few times a month,A smart search engine (to find information quickly and accurately).,Disagree,Disagree,Agree,Strongly Disagree,Agree,Agree,Agree,Very concerned,Moderately concerned,Slightly concerned,Very concerned,Moderately concerned,Disagree,Agree,Strongly Disagree,Disagree,Agree,Strongly Disagree,es
27/03/2026 09:30:22,Spain,Male,4th year,3 - Intermediate: I use some AI tools occasionally for simple tasks and understand their basic functions.,A few times a week,"Summarizing long documents or articles, Writing/drafting text (emails, essays, reports), Solving math/logic problems or coding, Helping with homework / Lesson planning, Generating images or presentations","I read it to check for major errors, but keep it mostly intact.","My original work would have been better, but the AI was faster.",It is a huge time saver.,A moderate amount of time (I ask for a few adjustments or refinements).,Somewhat confident,"I do a quick search (e.g., Google, Wikipedia) to verify it.","Yes, occasionally.","Yes, occasionally.","Curiosity, Hope, Enthusiasm, Suspicion",You wait until it becomes mainstream and most people are using it.,A few times a week,A creative assistant/collaborator (to brainstorm and co-create).,Disagree,Agree,Strongly Agree,Disagree,Disagree,Agree,Agree,Not at all concerned,Moderately concerned,Moderately concerned,Moderately concerned,Moderately concerned,Disagree,Agree,Agree,Disagree,Disagree,Disagree,es
27/03/2026 09:30:21,Spain,Male,4th year,"4 - Advanced: I use AI tools regularly for various tasks and have a good understanding of their capabilities, limits, and potential biases.",A few times a week,"Brainstorming ideas and getting inspiration, Translating texts or learning a language, Summarizing long documents or articles, Writing/drafting text (emails, essays, reports), Solving math/logic problems or coding, Helping with homework / Lesson planning, Generating images or presentations",I review the AI-generated output to identify potential errors and refine the text as necessary.,The AI produced a much better result than I could have.,It is a huge time saver.,A moderate amount of time (I ask for a few adjustments or refinements).,Very confident,"I do a quick search (e.g., Google, Wikipedia) to verify it.","Yes, occasionally.",I have never paid attention to this aspect.,"Excitement, Curiosity, Enthusiasm",You are one of the first to try it out.,Daily,A smart search engine (to find information quickly and accurately).,Disagree,Agree,Strongly Agree,Strongly Agree,Agree,Strongly Agree,Strongly Agree,Very concerned,Not at all concerned,Not at all concerned,Not at all concerned,Not at all concerned,Strongly Disagree,Disagree,Strongly Agree,Strongly Agree,Agree,Strongly Disagree,es
27/03/2026 09:28:43,Spain,Male,1st year,"4 - Advanced: I use AI tools regularly for various tasks and have a good understanding of their capabilities, limits, and potential biases.",Daily,"Brainstorming ideas and getting inspiration, Summarizing long documents or articles, Writing/drafting text (emails, essays, reports), Solving math/logic problems or coding, Helping with homework / Lesson planning, Generating images or presentations",I review the AI-generated output to identify potential errors and refine the text as necessary.,The AI and I would have produced a similar result.,It is a huge time saver.,Very little time (I usually accept the first answer it provides).,Very confident,I trust it completely and use it as is.,"Yes, occasionally.","Yes, frequently.","Excitement, Curiosity",You are one of the first to try it out.,A few times a week,A smart search engine (to find information quickly and accurately).,Agree,Agree,Agree,Agree,Agree,Agree,Agree,Slightly concerned,Slightly concerned,Slightly concerned,Slightly concerned,Slightly concerned,Agree,Agree,Agree,Agree,Agree,Agree,es
27/03/2026 09:28:42,Spain,Male,1st year,"4 - Advanced: I use AI tools regularly for various tasks and have a good understanding of their capabilities, limits, and potential biases.",Daily,"Brainstorming ideas and getting inspiration, Summarizing long documents or articles, Helping with homework / Lesson planning",I review the AI-generated output to identify potential errors and refine the text as necessary.,The AI produced a much better result than I could have.,"It enriches my work (gives me ideas I wouldn't have had), but takes about the same amount of time.",Very little time (I usually accept the first answer it provides).,Very confident,I trust it completely and use it as is.,"Yes, frequently.","Yes, frequently.",Excitement,You are one of the first to try it out.,Daily,A creative assistant/collaborator (to brainstorm and co-create).,Agree,Strongly Agree,Agree,Strongly Agree,Agree,Strongly Agree,Agree,Extremely concerned,Very concerned,Very concerned,Extremely concerned,Very concerned,Agree,Strongly Agree,Agree,Strongly Agree,Agree,Strongly Agree,es
27/03/2026 09:28:42,Spain,Male,1st year,"4 - Advanced: I use AI tools regularly for various tasks and have a good understanding of their capabilities, limits, and potential biases.",Daily,"Summarizing long documents or articles, Solving math/logic problems or coding, Helping with homework / Lesson planning",I review the AI-generated output to identify potential errors and refine the text as necessary.,The AI and I would have produced a similar result.,It is a huge time saver.,A moderate amount of time (I ask for a few adjustments or refinements).,Very confident,"I do a quick search (e.g., Google, Wikipedia) to verify it.","Yes, frequently.","Yes, occasionally.","Excitement, Curiosity, Hope",You try it out after hearing good things from friends or colleagues.,Daily,A smart search engine (to find information quickly and accurately).,Strongly Agree,Agree,Agree,Strongly Disagree,Disagree,Agree,Agree,Slightly concerned,Very concerned,Slightly concerned,Moderately concerned,Slightly concerned,Disagree,Disagree,Disagree,Agree,Disagree,Agree,es
27/03/2026 09:26:26,Spain,Male,1st year,"4 - Advanced: I use AI tools regularly for various tasks and have a good understanding of their capabilities, limits, and potential biases.",Daily,"Summarizing long documents or articles, Helping with homework / Lesson planning, Generating images or presentations",I review the AI-generated output to identify potential errors and refine the text as necessary.,The AI and I would have produced a similar result.,"It enriches my work (gives me ideas I wouldn't have had), but takes about the same amount of time.",A moderate amount of time (I ask for a few adjustments or refinements).,Very confident,I ask the AI itself if it is sure about the answer.,"Yes, occasionally.","Yes, occasionally.",Hope,You try it out after hearing good things from friends or colleagues.,Daily,A personal tutor/mentor (to explain concepts and help me learn).,Agree,Strongly Disagree,Disagree,Disagree,Disagree,Disagree,Disagree,Moderately concerned,Slightly concerned,Slightly concerned,Moderately concerned,Moderately concerned,Disagree,Strongly Disagree,Strongly Disagree,Strongly Disagree,Strongly Disagree,Strongly Disagree,es
27/03/2026 09:25:58,Spain,Male,1st year,"5 - Expert: I have a deep understanding of how AI works, use it extensively, and could comfortably teach others how to use it responsibly.",Daily,"Brainstorming ideas and getting inspiration, Translating texts or learning a language, Summarizing long documents or articles, Writing/drafting text (emails, essays, reports), Solving math/logic problems or coding, Helping with homework / Lesson planning, Generating images or presentations",I use it as a draft or inspiration and rewrite it heavily.,The AI produced a much better result than I could have.,"It enriches my work (gives me ideas I wouldn't have had), but takes about the same amount of time.",A moderate amount of time (I ask for a few adjustments or refinements).,Somewhat confident,I ask the AI itself if it is sure about the answer.,"Yes, frequently.","Yes, occasionally.","Hope, Suspicion",You try it out after hearing good things from friends or colleagues.,Daily,A smart search engine (to find information quickly and accurately).,Strongly Agree,Agree,Strongly Agree,Strongly Agree,Strongly Agree,Strongly Agree,Strongly Agree,Very concerned,Extremely concerned,Extremely concerned,Extremely concerned,Extremely concerned,Agree,Agree,Agree,Agree,Agree,Agree,es
27/03/2026 09:24:48,Spain,Male,4th year,"5 - Expert: I have a deep understanding of how AI works, use it extensively, and could comfortably teach others how to use it responsibly.",Daily,"Translating texts or learning a language, Summarizing long documents or articles, Writing/drafting text (emails, essays, reports), Solving math/logic problems or coding, Helping with homework / Lesson planning, Generating images or presentations",I only use AI to review or correct content I have entirely written myself.,The AI produced a much better result than I could have.,It is a waste of time (I spend more time prompting and correcting than doing it myself).,"A significant amount of time (I engage in long conversations, going back and forth until the output is perfect).",Very confident,I trust it completely and use it as is.,"Yes, frequently.","Yes, frequently.",,You wait until it becomes mainstream and most people are using it.,Daily,A creative assistant/collaborator (to brainstorm and co-create).,Strongly Agree,Agree,Strongly Disagree,Agree,Strongly Disagree,Strongly Disagree,Disagree,Not at all concerned,Not at all concerned,Not at all concerned,Not at all concerned,Not at all concerned,Agree,Strongly Agree,Strongly Agree,Strongly Agree,Strongly Agree,Strongly Agree,es
01/04/2026 11:21:48,Slovenia,Female,1st year,3 - Intermediate: I use some AI tools occasionally for simple tasks and understand their basic functions.,A few times a month,Solving math/logic problems or coding,I use it as a draft or inspiration and rewrite it heavily.,The AI and I would have produced a similar result.,"It enriches my work (gives me ideas I wouldn't have had), but takes about the same amount of time.",A moderate amount of time (I ask for a few adjustments or refinements).,Not very confident,"I do a quick search (e.g., Google, Wikipedia) to verify it.","No, never.",I have never paid attention to this aspect.,Curiosity,You only use it if it is strictly required for school or work.,A few times a month,A personal tutor/mentor (to explain concepts and help me learn).,Agree,Agree,Agree,Disagree,Disagree,Disagree,Disagree,Moderately concerned,Slightly concerned,Moderately concerned,Slightly concerned,Not at all concerned,Disagree,Strongly Disagree,Agree,Disagree,Agree,Strongly Disagree,sl
01/04/2026 11:20:32,Slovenia,Female,1st year,3 - Intermediate: I use some AI tools occasionally for simple tasks and understand their basic functions.,A few times a week,"Brainstorming ideas and getting inspiration, Summarizing long documents or articles, Writing/drafting text (emails, essays, reports)",I only use AI to review or correct content I have entirely written myself.,The AI produced a much better result than I could have.,"It enriches my work (gives me ideas I wouldn't have had), but takes about the same amount of time.","A significant amount of time (I engage in long conversations, going back and forth until the output is perfect).",Very confident,"I do a quick search (e.g., Google, Wikipedia) to verify it.","Yes, occasionally.",I have never paid attention to this aspect.,Skepticism,You only use it if it is strictly required for school or work.,Rarely,A shortcut (to do the heavy lifting or do my assignments for me).,Agree,Disagree,Agree,Disagree,Disagree,Disagree,Agree,Slightly concerned,Moderately concerned,Moderately concerned,Moderately concerned,Slightly concerned,Agree,Agree,Disagree,Agree,Agree,Agree,sl
01/04/2026 11:19:02,Slovenia,Male,1st year,3 - Intermediate: I use some AI tools occasionally for simple tasks and understand their basic functions.,A few times a month,"Brainstorming ideas and getting inspiration, Translating texts or learning a language, Helping with homework / Lesson planning, Generating images or presentations",I only use AI to review or correct content I have entirely written myself.,"My original work would have been better, but the AI was faster.","It enriches my work (gives me ideas I wouldn't have had), but takes about the same amount of time.","A significant amount of time (I engage in long conversations, going back and forth until the output is perfect).",Somewhat confident,I systematically check primary and authoritative sources to confirm the data.,"Yes, occasionally.","Yes, occasionally.","Curiosity, Fear",You only use it if it is strictly required for school or work.,A few times a month,A creative assistant/collaborator (to brainstorm and co-create).,Agree,Agree,Agree,Strongly Disagree,Disagree,Disagree,Strongly Disagree,Moderately concerned,Moderately concerned,Moderately concerned,Moderately concerned,Slightly concerned,Strongly Agree,Agree,Agree,Disagree,Agree,Agree,sl
01/04/2026 11:17:47,Slovenia,Female,1st year,3 - Intermediate: I use some AI tools occasionally for simple tasks and understand their basic functions.,Daily,"Translating texts or learning a language, Summarizing long documents or articles, Writing/drafting text (emails, essays, reports), Solving math/logic problems or coding, Helping with homework / Lesson planning","I read it to check for major errors, but keep it mostly intact.",The AI produced a much better result than I could have.,It is a huge time saver.,A moderate amount of time (I ask for a few adjustments or refinements).,Somewhat confident,"I do a quick search (e.g., Google, Wikipedia) to verify it.","Yes, occasionally.",I have never paid attention to this aspect.,"Curiosity, Hope, Enthusiasm",You try it out after hearing good things from friends or colleagues.,Daily,A smart search engine (to find information quickly and accurately).,Agree,Agree,Agree,Disagree,Agree,Agree,Disagree,Extremely concerned,Slightly concerned,Not at all concerned,Moderately concerned,Moderately concerned,Disagree,Strongly Agree,Strongly Agree,Strongly Agree,Strongly Agree,Agree,sl
01/04/2026 11:17:46,Slovenia,Male,1st year,"4 - Advanced: I use AI tools regularly for various tasks and have a good understanding of their capabilities, limits, and potential biases.",A few times a month,"Brainstorming ideas and getting inspiration, Translating texts or learning a language, Generating images or presentations",I use it as a draft or inspiration and rewrite it heavily.,"My original work would have been better, but the AI was faster.","It enriches my work (gives me ideas I wouldn't have had), but takes about the same amount of time.","A significant amount of time (I engage in long conversations, going back and forth until the output is perfect).",Somewhat confident,I systematically check primary and authoritative sources to confirm the data.,"Yes, occasionally.","Yes, occasionally.","Curiosity, Skepticism, Enthusiasm",You only use it if it is strictly required for school or work.,Rarely,A shortcut (to do the heavy lifting or do my assignments for me).,Disagree,Disagree,Disagree,Strongly Disagree,Agree,Disagree,Disagree,Slightly concerned,Slightly concerned,Not at all concerned,Slightly concerned,Moderately concerned,Agree,Disagree,Strongly Disagree,Disagree,Disagree,Agree,sl
01/04/2026 11:17:14,Slovenia,Female,1st year,3 - Intermediate: I use some AI tools occasionally for simple tasks and understand their basic functions.,A few times a month,"Brainstorming ideas and getting inspiration, Translating texts or learning a language, Helping with homework / Lesson planning",I use it as a draft or inspiration and rewrite it heavily.,"My original work would have been better, but the AI was faster.","It enriches my work (gives me ideas I wouldn't have had), but takes about the same amount of time.",It takes so much time that sometimes I just give up and do the work myself.,Very confident,"I do a quick search (e.g., Google, Wikipedia) to verify it.","Yes, frequently.","Yes, frequently.",Skepticism,You only use it if it is strictly required for school or work.,A few times a month,A creative assistant/collaborator (to brainstorm and co-create).,Agree,Disagree,Disagree,Strongly Disagree,Disagree,Strongly Agree,Disagree,Extremely concerned,Very concerned,Extremely concerned,Very concerned,Extremely concerned,Agree,Disagree,Disagree,Agree,Agree,Disagree,sl
01/04/2026 11:17:04,Slovenia,Male,1st year,3 - Intermediate: I use some AI tools occasionally for simple tasks and understand their basic functions.,A few times a month,"Brainstorming ideas and getting inspiration, Translating texts or learning a language, Generating images or presentations",I review the AI-generated output to identify potential errors and refine the text as necessary.,The AI and I would have produced a similar result.,"It enriches my work (gives me ideas I wouldn't have had), but takes about the same amount of time.",A moderate amount of time (I ask for a few adjustments or refinements).,Somewhat confident,"I do a quick search (e.g., Google, Wikipedia) to verify it.","Yes, occasionally.","Yes, occasionally.","Curiosity, Hope, Skepticism",You wait until it becomes mainstream and most people are using it.,Rarely,A creative assistant/collaborator (to brainstorm and co-create).,Disagree,Disagree,Disagree,Strongly Disagree,Disagree,Agree,Strongly Disagree,Very concerned,Moderately concerned,Extremely concerned,Very concerned,Extremely concerned,Agree,Agree,Disagree,Agree,Strongly Agree,Agree,sl
01/04/2026 11:15:34,Slovenia,Female,1st year,3 - Intermediate: I use some AI tools occasionally for simple tasks and understand their basic functions.,A few times a week,"Solving math/logic problems or coding, Helping with homework / Lesson planning",I review the AI-generated output to identify potential errors and refine the text as necessary.,"My original work would have been better, but the AI was faster.",It is a huge time saver.,A moderate amount of time (I ask for a few adjustments or refinements).,Somewhat confident,"I do a quick search (e.g., Google, Wikipedia) to verify it.","Yes, occasionally.",I have never paid attention to this aspect.,"Hope, Skepticism, Suspicion",You only use it if it is strictly required for school or work.,A few times a week,A shortcut (to do the heavy lifting or do my assignments for me).,Agree,Agree,Agree,Strongly Disagree,Disagree,Disagree,Disagree,Slightly concerned,Slightly concerned,Moderately concerned,Moderately concerned,Moderately concerned,Disagree,Disagree,Disagree,Disagree,Disagree,Disagree,sl
01/04/2026 11:15:03,Slovenia,Female,1st year,"4 - Advanced: I use AI tools regularly for various tasks and have a good understanding of their capabilities, limits, and potential biases.",A few times a week,"Translating texts or learning a language, Summarizing long documents or articles, Helping with homework / Lesson planning","I read it to check for major errors, but keep it mostly intact.",The AI produced a much better result than I could have.,"It enriches my work (gives me ideas I wouldn't have had), but takes about the same amount of time.","A significant amount of time (I engage in long conversations, going back and forth until the output is perfect).",Very confident,"I do a quick search (e.g., Google, Wikipedia) to verify it.","Yes, occasionally.","Yes, occasionally.","Curiosity, Skepticism, Suspicion",You try it out after hearing good things from friends or colleagues.,A few times a week,A creative assistant/collaborator (to brainstorm and co-create).,Disagree,Disagree,Disagree,Disagree,Disagree,Disagree,Disagree,Moderately concerned,Moderately concerned,Moderately concerned,Moderately concerned,Moderately concerned,Agree,Agree,Agree,Agree,Agree,Agree,sl
01/04/2026 11:14:51,Slovenia,Female,1st year,"4 - Advanced: I use AI tools regularly for various tasks and have a good understanding of their capabilities, limits, and potential biases.",A few times a week,"Brainstorming ideas and getting inspiration, Translating texts or learning a language, Generating images or presentations","I read it to check for major errors, but keep it mostly intact.","My original work would have been better, but the AI was faster.",It is a huge time saver.,A moderate amount of time (I ask for a few adjustments or refinements).,Not very confident,"I do a quick search (e.g., Google, Wikipedia) to verify it.","No, never.","No, never.",Hope,You wait until it becomes mainstream and most people are using it.,A few times a week,A smart search engine (to find information quickly and accurately).,Agree,Disagree,Disagree,Agree,Agree,Disagree,Agree,Slightly concerned,Slightly concerned,Slightly concerned,Slightly concerned,Slightly concerned,Disagree,Disagree,Agree,Agree,Agree,Agree,sl
01/04/2026 11:14:19,Slovenia,Female,1st year,"2 - Novice: I know the basic concepts and have seen AI tools, but I rarely or never use them myself.",Daily,"Translating texts or learning a language, Summarizing long documents or articles, Solving math/logic problems or coding, Helping with homework / Lesson planning",I use it as a draft or inspiration and rewrite it heavily.,"The AI's output was poor/incorrect, and I had to redo most of it.",It is a huge time saver.,"A significant amount of time (I engage in long conversations, going back and forth until the output is perfect).",Very confident,"I do a quick search (e.g., Google, Wikipedia) to verify it.","Yes, frequently.","Yes, frequently.","Curiosity, Skepticism, Suspicion",You wait until it becomes mainstream and most people are using it.,Daily,A shortcut (to do the heavy lifting or do my assignments for me).,Agree,Disagree,Agree,Strongly Disagree,Disagree,Strongly Disagree,Strongly Disagree,Slightly concerned,Slightly concerned,Extremely concerned,Extremely concerned,Extremely concerned,Disagree,Disagree,Disagree,Agree,Agree,Disagree,sl
01/04/2026 11:14:13,Slovenia,Female,1st year,"4 - Advanced: I use AI tools regularly for various tasks and have a good understanding of their capabilities, limits, and potential biases.",A few times a week,"Brainstorming ideas and getting inspiration, Writing/drafting text (emails, essays, reports), Helping with homework / Lesson planning","I read it to check for major errors, but keep it mostly intact.","My original work would have been better, but the AI was faster.",It is a huge time saver.,"A significant amount of time (I engage in long conversations, going back and forth until the output is perfect).",Very confident,"I do a quick search (e.g., Google, Wikipedia) to verify it.","Yes, occasionally.","No, never.","Curiosity, Enthusiasm",You try it out after hearing good things from friends or colleagues.,A few times a month,A smart search engine (to find information quickly and accurately).,Disagree,Agree,Disagree,Agree,Agree,Disagree,Disagree,Moderately concerned,Moderately concerned,Moderately concerned,Moderately concerned,Moderately concerned,Disagree,Agree,Agree,Agree,Agree,Agree,sl
01/04/2026 11:12:57,Slovenia,Female,1st year,"4 - Advanced: I use AI tools regularly for various tasks and have a good understanding of their capabilities, limits, and potential biases.",Daily,"Translating texts or learning a language, Summarizing long documents or articles, Helping with homework / Lesson planning, Generating images or presentations",I review the AI-generated output to identify potential errors and refine the text as necessary.,The AI and I would have produced a similar result.,"It enriches my work (gives me ideas I wouldn't have had), but takes about the same amount of time.","A significant amount of time (I engage in long conversations, going back and forth until the output is perfect).",Somewhat confident,I systematically check primary and authoritative sources to confirm the data.,"Yes, occasionally.","Yes, occasionally.",Enthusiasm,You wait until it becomes mainstream and most people are using it.,Daily,A creative assistant/collaborator (to brainstorm and co-create).,Strongly Agree,Disagree,Agree,Agree,Agree,Agree,Agree,Moderately concerned,Moderately concerned,Moderately concerned,Moderately concerned,Moderately concerned,Disagree,Agree,Disagree,Disagree,Agree,Agree,sl
01/04/2026 11:11:44,Slovenia,Female,1st year,"4 - Advanced: I use AI tools regularly for various tasks and have a good understanding of their capabilities, limits, and potential biases.",Daily,"Brainstorming ideas and getting inspiration, Translating texts or learning a language, Summarizing long documents or articles, Writing/drafting text (emails, essays, reports), Helping with homework / Lesson planning, Generating images or presentations","I read it to check for major errors, but keep it mostly intact.",The AI and I would have produced a similar result.,It has no significant impact on my time or effort.,A moderate amount of time (I ask for a few adjustments or refinements).,Not very confident,I ask the AI itself if it is sure about the answer.,"Yes, occasionally.","No, never.","Anxiety, Suspicion",You wait until it becomes mainstream and most people are using it.,Daily,A shortcut (to do the heavy lifting or do my assignments for me).,Disagree,Agree,Agree,Agree,Agree,Agree,Agree,Slightly concerned,Moderately concerned,Moderately concerned,Slightly concerned,Moderately concerned,Agree,Agree,Agree,Agree,Agree,Agree,sl
01/04/2026 11:10:57,Slovenia,Male,1st year,"2 - Novice: I know the basic concepts and have seen AI tools, but I rarely or never use them myself.",A few times a week,"Brainstorming ideas and getting inspiration, Translating texts or learning a language","I read it to check for major errors, but keep it mostly intact.","My original work would have been better, but the AI was faster.",It is a huge time saver.,"A significant amount of time (I engage in long conversations, going back and forth until the output is perfect).",Not at all confident,I trust it completely and use it as is.,I didn't know AI could do that.,"No, never.","Fear, Skepticism, Suspicion",You wait until it becomes mainstream and most people are using it.,Rarely,A personal tutor/mentor (to explain concepts and help me learn).,Agree,Strongly Disagree,Disagree,Disagree,Agree,Strongly Disagree,Agree,Not at all concerned,Slightly concerned,Slightly concerned,Slightly concerned,Not at all concerned,Disagree,Disagree,Strongly Disagree,Disagree,Disagree,Strongly Disagree,sl
01/04/2026 11:09:37,Slovenia,Male,1st year,"2 - Novice: I know the basic concepts and have seen AI tools, but I rarely or never use them myself.",Daily,"Brainstorming ideas and getting inspiration, Summarizing long documents or articles, Writing/drafting text (emails, essays, reports), Helping with homework / Lesson planning, Generating images or presentations",I copy and paste it directly without reading it thoroughly.,The AI produced a much better result than I could have.,It is a huge time saver.,"A significant amount of time (I engage in long conversations, going back and forth until the output is perfect).",Very confident,I ask the AI itself if it is sure about the answer.,"Yes, frequently.","No, never.",Enthusiasm,You are one of the first to try it out.,Daily,A smart search engine (to find information quickly and accurately).,Disagree,Disagree,Agree,Agree,Agree,Agree,Agree,Slightly concerned,Slightly concerned,Moderately concerned,Moderately concerned,Very concerned,Agree,Agree,Disagree,Agree,Strongly Agree,Strongly Disagree,sl
01/04/2026 11:06:14,Slovenia,Male,1st year,"5 - Expert: I have a deep understanding of how AI works, use it extensively, and could comfortably teach others how to use it responsibly.",Daily,"Brainstorming ideas and getting inspiration, Solving math/logic problems or coding, Generating images or presentations",I review the AI-generated output to identify potential errors and refine the text as necessary.,The AI produced a much better result than I could have.,It is a huge time saver.,A moderate amount of time (I ask for a few adjustments or refinements).,Very confident,I ask the AI itself if it is sure about the answer.,"Yes, occasionally.","Yes, occasionally.","Curiosity, Hope, Enthusiasm",You are one of the first to try it out.,Daily,A personal tutor/mentor (to explain concepts and help me learn).,Disagree,Disagree,Disagree,Agree,Disagree,Disagree,Agree,Extremely concerned,Very concerned,Extremely concerned,Very concerned,Extremely concerned,Disagree,Strongly Agree,Strongly Agree,Agree,Agree,Disagree,sl
01/04/2026 11:05:50,Slovenia,Male,1st year,"4 - Advanced: I use AI tools regularly for various tasks and have a good understanding of their capabilities, limits, and potential biases.",A few times a week,"Brainstorming ideas and getting inspiration, Helping with homework / Lesson planning",I use it as a draft or inspiration and rewrite it heavily.,The AI produced a much better result than I could have.,It is a huge time saver.,A moderate amount of time (I ask for a few adjustments or refinements).,Not very confident,I ask the AI itself if it is sure about the answer.,"No, never.",I have never paid attention to this aspect.,"Hope, Enthusiasm, Suspicion",You wait until it becomes mainstream and most people are using it.,A few times a week,A shortcut (to do the heavy lifting or do my assignments for me).,Disagree,Agree,Agree,Disagree,Agree,Agree,Strongly Disagree,Not at all concerned,Slightly concerned,Moderately concerned,Not at all concerned,Slightly concerned,Agree,Disagree,Disagree,Agree,Strongly Agree,Agree,sl
01/04/2026 11:05:26,Slovenia,Male,1st year,"5 - Expert: I have a deep understanding of how AI works, use it extensively, and could comfortably teach others how to use it responsibly.",Daily,"Solving math/logic problems or coding, Helping with homework / Lesson planning, Other (training plans and miscellaneous)",I use it as a draft or inspiration and rewrite it heavily.,"My original work would have been better, but the AI was faster.",It is a huge time saver.,A moderate amount of time (I ask for a few adjustments or refinements).,Very confident,I systematically check primary and authoritative sources to confirm the data.,"Yes, occasionally.",I have never paid attention to this aspect.,"Curiosity, Hope, Enthusiasm",You try it out after hearing good things from friends or colleagues.,A few times a month,A creative assistant/collaborator (to brainstorm and co-create).,Agree,Disagree,Agree,Disagree,Disagree,Agree,Disagree,Slightly concerned,Slightly concerned,Slightly concerned,Not at all concerned,Slightly concerned,Disagree,Strongly Agree,Disagree,Agree,Agree,Agree,sl
01/04/2026 11:05:01,Slovenia,Female,1st year,"4 - Advanced: I use AI tools regularly for various tasks and have a good understanding of their capabilities, limits, and potential biases.",A few times a week,"Brainstorming ideas and getting inspiration, Translating texts or learning a language, Summarizing long documents or articles, Helping with homework / Lesson planning",I use it as a draft or inspiration and rewrite it heavily.,The AI and I would have produced a similar result.,"It enriches my work (gives me ideas I wouldn't have had), but takes about the same amount of time.",A moderate amount of time (I ask for a few adjustments or refinements).,Somewhat confident,"I do a quick search (e.g., Google, Wikipedia) to verify it.","Yes, occasionally.",I have never paid attention to this aspect.,Skepticism,You wait until it becomes mainstream and most people are using it.,A few times a week,A shortcut (to do the heavy lifting or do my assignments for me).,Disagree,Disagree,Agree,Strongly Disagree,Disagree,Disagree,Agree,Slightly concerned,Slightly concerned,Moderately concerned,Not at all concerned,Not at all concerned,Disagree,Disagree,Disagree,Agree,Strongly Agree,Disagree,sl
01/04/2026 11:04:43,Slovenia,Male,1st year,"4 - Advanced: I use AI tools regularly for various tasks and have a good understanding of their capabilities, limits, and potential biases.",A few times a week,"Brainstorming ideas and getting inspiration, Writing/drafting text (emails, essays, reports), Solving math/logic problems or coding, Generating images or presentations",I review the AI-generated output to identify potential errors and refine the text as necessary.,The AI produced a much better result than I could have.,"It enriches my work (gives me ideas I wouldn't have had), but takes about the same amount of time.","A significant amount of time (I engage in long conversations, going back and forth until the output is perfect).",Not very confident,I ask the AI itself if it is sure about the answer.,"Yes, occasionally.","No, never.","Curiosity, Hope",You wait until it becomes mainstream and most people are using it.,A few times a week,A smart search engine (to find information quickly and accurately).,Disagree,Agree,Disagree,Agree,Disagree,Disagree,Agree,Slightly concerned,Moderately concerned,Very concerned,Very concerned,Moderately concerned,Agree,Agree,Agree,Agree,Agree,Disagree,sl
01/04/2026 11:04:13,Slovenia,Male,1st year,3 - Intermediate: I use some AI tools occasionally for simple tasks and understand their basic functions.,A few times a week,"Brainstorming ideas and getting inspiration, Solving math/logic problems or coding, Other (data search)",I review the AI-generated output to identify potential errors and refine the text as necessary.,The AI and I would have produced a similar result.,It is a huge time saver.,A moderate amount of time (I ask for a few adjustments or refinements).,Very confident,"I do a quick search (e.g., Google, Wikipedia) to verify it.","Yes, occasionally.",I have never paid attention to this aspect.,"Skepticism, Suspicion",You try it out after hearing good things from friends or colleagues.,A few times a month,A smart search engine (to find information quickly and accurately).,Agree,Disagree,Disagree,Disagree,Disagree,Agree,Strongly Disagree,Slightly concerned,Very concerned,Slightly concerned,Moderately concerned,Moderately concerned,Agree,Disagree,Agree,Agree,Agree,Strongly Disagree,sl
01/04/2026 11:03:34,Slovenia,Male,1st year,"5 - Expert: I have a deep understanding of how AI works, use it extensively, and could comfortably teach others how to use it responsibly.",Daily,"Brainstorming ideas and getting inspiration, Translating texts or learning a language, Summarizing long documents or articles, Solving math/logic problems or coding, Helping with homework / Lesson planning, Generating images or presentations",I only use AI to review or correct content I have entirely written myself.,The AI and I would have produced a similar result.,"It enriches my work (gives me ideas I wouldn't have had), but takes about the same amount of time.","A significant amount of time (I engage in long conversations, going back and forth until the output is perfect).",Somewhat confident,I trust it completely and use it as is.,"No, never.","No, never.","Curiosity, Hope, Enthusiasm",You only use it if it is strictly required for school or work.,A few times a week,A creative assistant/collaborator (to brainstorm and co-create).,Strongly Agree,Strongly Agree,Agree,Agree,Disagree,Strongly Agree,Strongly Agree,Not at all concerned,Not at all concerned,Slightly concerned,Not at all concerned,Slightly concerned,Disagree,Agree,Agree,Agree,Agree,Agree,sl
01/04/2026 11:02:40,Slovenia,Non-binary,1st year,"4 - Advanced: I use AI tools regularly for various tasks and have a good understanding of their capabilities, limits, and potential biases.",Daily,"Summarizing long documents or articles, Solving math/logic problems or coding, Generating images or presentations",I use it as a draft or inspiration and rewrite it heavily.,The AI produced a much better result than I could have.,"It enriches my work (gives me ideas I wouldn't have had), but takes about the same amount of time.",A moderate amount of time (I ask for a few adjustments or refinements).,Somewhat confident,"I do a quick search (e.g., Google, Wikipedia) to verify it.","Yes, frequently.","No, never.",Skepticism,You try it out after hearing good things from friends or colleagues.,A few times a week,A creative assistant/collaborator (to brainstorm and co-create).,Agree,Disagree,Disagree,Strongly Agree,Disagree,Strongly Disagree,Strongly Disagree,Not at all concerned,Slightly concerned,Slightly concerned,Not at all concerned,Moderately concerned,Agree,Strongly Disagree,Strongly Disagree,Strongly Disagree,Strongly Disagree,Strongly Disagree,sl
01/04/2026 11:02:17,Slovenia,Female,1st year,"4 - Advanced: I use AI tools regularly for various tasks and have a good understanding of their capabilities, limits, and potential biases.",A few times a week,"Writing/drafting text (emails, essays, reports), Solving math/logic problems or coding, Helping with homework / Lesson planning",I review the AI-generated output to identify potential errors and refine the text as necessary.,"My original work would have been better, but the AI was faster.",It is a huge time saver.,"A significant amount of time (I engage in long conversations, going back and forth until the output is perfect).",Somewhat confident,"I do a quick search (e.g., Google, Wikipedia) to verify it.","Yes, occasionally.",I have never paid attention to this aspect.,"Hope, Skepticism, Suspicion",You try it out after hearing good things from friends or colleagues.,A few times a week,A shortcut (to do the heavy lifting or do my assignments for me).,Strongly Agree,Disagree,Agree,Disagree,Agree,Disagree,Disagree,Slightly concerned,Moderately concerned,Moderately concerned,Moderately concerned,Moderately concerned,Agree,Disagree,Disagree,Disagree,Strongly Disagree,Strongly Disagree,sl
01/04/2026 11:01:34,Slovenia,Female,1st year,3 - Intermediate: I use some AI tools occasionally for simple tasks and understand their basic functions.,Daily,"Brainstorming ideas and getting inspiration, Translating texts or learning a language, Summarizing long documents or articles, Solving math/logic problems or coding, Helping with homework / Lesson planning, Generating images or presentations",I review the AI-generated output to identify potential errors and refine the text as necessary.,The AI produced a much better result than I could have.,"It enriches my work (gives me ideas I wouldn't have had), but takes about the same amount of time.",A moderate amount of time (I ask for a few adjustments or refinements).,Somewhat confident,I ask the AI itself if it is sure about the answer.,"Yes, occasionally.","Yes, occasionally.",Curiosity,You wait until it becomes mainstream and most people are using it.,A few times a week,A smart search engine (to find information quickly and accurately).,Agree,Disagree,Agree,Agree,Disagree,Disagree,Disagree,Slightly concerned,Slightly concerned,Slightly concerned,Slightly concerned,Slightly concerned,Agree,Agree,Agree,Agree,Agree,Agree,sl
01/04/2026 11:01:27,Slovenia,Female,1st year,"4 - Advanced: I use AI tools regularly for various tasks and have a good understanding of their capabilities, limits, and potential biases.",Daily,"Summarizing long documents or articles, Writing/drafting text (emails, essays, reports), Helping with homework / Lesson planning",I review the AI-generated output to identify potential errors and refine the text as necessary.,The AI and I would have produced a similar result.,It is a huge time saver.,A moderate amount of time (I ask for a few adjustments or refinements).,Somewhat confident,"I do a quick search (e.g., Google, Wikipedia) to verify it.","Yes, occasionally.","Yes, occasionally.",Anxiety,You wait until it becomes mainstream and most people are using it.,Daily,A personal tutor/mentor (to explain concepts and help me learn).,Agree,Disagree,Disagree,Agree,Disagree,Agree,Strongly Disagree,Moderately concerned,Slightly concerned,Slightly concerned,Not at all concerned,Moderately concerned,Agree,Disagree,Strongly Disagree,Strongly Agree,Disagree,Agree,sl
01/04/2026 11:01:25,Slovenia,Female,1st year,3 - Intermediate: I use some AI tools occasionally for simple tasks and understand their basic functions.,A few times a week,"Brainstorming ideas and getting inspiration, Translating texts or learning a language, Summarizing long documents or articles, Writing/drafting text (emails, essays, reports), Solving math/logic problems or coding, Helping with homework / Lesson planning, Generating images or presentations",I review the AI-generated output to identify potential errors and refine the text as necessary.,"The AI's output was poor/incorrect, and I had to redo most of it.","It enriches my work (gives me ideas I wouldn't have had), but takes about the same amount of time.",A moderate amount of time (I ask for a few adjustments or refinements).,Somewhat confident,I ask the AI itself if it is sure about the answer.,"Yes, occasionally.","Yes, occasionally.",Hope,You only use it if it is strictly required for school or work.,A few times a week,A creative assistant/collaborator (to brainstorm and co-create).,Agree,Disagree,Agree,Disagree,Agree,Agree,Agree,Extremely concerned,Moderately concerned,Very concerned,Very concerned,Extremely concerned,Agree,Agree,Disagree,Disagree,Strongly Disagree,Disagree,sl
01/04/2026 11:00:58,Slovenia,Female,1st year,"2 - Novice: I know the basic concepts and have seen AI tools, but I rarely or never use them myself.",Daily,Translating texts or learning a language,I copy and paste it directly without reading it thoroughly.,The AI and I would have produced a similar result.,"It enriches my work (gives me ideas I wouldn't have had), but takes about the same amount of time.",A moderate amount of time (I ask for a few adjustments or refinements).,Very confident,I trust it completely and use it as is.,"Yes, frequently.","Yes, frequently.",Enthusiasm,You only use it if it is strictly required for school or work.,A few times a month,A shortcut (to do the heavy lifting or do my assignments for me).,Strongly Disagree,Strongly Disagree,Disagree,Agree,Agree,Disagree,Disagree,Not at all concerned,Not at all concerned,Slightly concerned,Slightly concerned,Slightly concerned,Agree,Disagree,Disagree,Disagree,Disagree,Disagree,sl
01/04/2026 11:00:37,Slovenia,Female,1st year,"4 - Advanced: I use AI tools regularly for various tasks and have a good understanding of their capabilities, limits, and potential biases.",A few times a week,"Translating texts or learning a language, Summarizing long documents or articles, Writing/drafting text (emails, essays, reports), Solving math/logic problems or coding, Helping with homework / Lesson planning, Generating images or presentations","I read it to check for major errors, but keep it mostly intact.","My original work would have been better, but the AI was faster.",It is a huge time saver.,"A significant amount of time (I engage in long conversations, going back and forth until the output is perfect).",Somewhat confident,"I do a quick search (e.g., Google, Wikipedia) to verify it.","Yes, occasionally.",I have never paid attention to this aspect.,Skepticism,You wait until it becomes mainstream and most people are using it.,A few times a week,A creative assistant/collaborator (to brainstorm and co-create).,Disagree,Disagree,Agree,Disagree,Disagree,Agree,Agree,Slightly concerned,Slightly concerned,Slightly concerned,Slightly concerned,Slightly concerned,Disagree,Agree,Disagree,Agree,Disagree,Disagree,sl
01/04/2026 11:00:14,Slovenia,Female,1st year,"4 - Advanced: I use AI tools regularly for various tasks and have a good understanding of their capabilities, limits, and potential biases.",A few times a week,"Brainstorming ideas and getting inspiration, Translating texts or learning a language, Writing/drafting text (emails, essays, reports), Solving math/logic problems or coding, Helping with homework / Lesson planning","I read it to check for major errors, but keep it mostly intact.",The AI produced a much better result than I could have.,It is a huge time saver.,"A significant amount of time (I engage in long conversations, going back and forth until the output is perfect).",Somewhat confident,I ask the AI itself if it is sure about the answer.,"Yes, occasionally.","Yes, occasionally.","Curiosity, Enthusiasm",You try it out after hearing good things from friends or colleagues.,A few times a week,A creative assistant/collaborator (to brainstorm and co-create).,Agree,Agree,Disagree,Disagree,Strongly Agree,Agree,Agree,Moderately concerned,Moderately concerned,Moderately concerned,Moderately concerned,Moderately concerned,Agree,Agree,Agree,Agree,Agree,Agree,sl
01/04/2026 11:00:11,Slovenia,Female,1st year,1 - Absolute Beginner: I know almost nothing. I have heard the term but don't really know what it is or how to use it.,A few times a week,Summarizing long documents or articles,I copy and paste it directly without reading it thoroughly.,"My original work would have been better, but the AI was faster.",It has no significant impact on my time or effort.,Very little time (I usually accept the first answer it provides).,Very confident,"I do a quick search (e.g., Google, Wikipedia) to verify it.","No, never.","Yes, occasionally.",Skepticism,You try it out after hearing good things from friends or colleagues.,A few times a month,A personal tutor/mentor (to explain concepts and help me learn).,Disagree,Disagree,Disagree,Disagree,Strongly Disagree,Agree,Strongly Disagree,Not at all concerned,Slightly concerned,Not at all concerned,Moderately concerned,Not at all concerned,Disagree,Disagree,Agree,Disagree,Disagree,Disagree,sl
01/04/2026 11:00:02,Slovenia,Female,1st year,3 - Intermediate: I use some AI tools occasionally for simple tasks and understand their basic functions.,A few times a week,"Brainstorming ideas and getting inspiration, Translating texts or learning a language, Summarizing long documents or articles, Helping with homework / Lesson planning, Generating images or presentations",I review the AI-generated output to identify potential errors and refine the text as necessary.,The AI and I would have produced a similar result.,It is a huge time saver.,A moderate amount of time (I ask for a few adjustments or refinements).,Not very confident,I ask the AI itself if it is sure about the answer.,"Yes, occasionally.","Yes, occasionally.","Curiosity, Fear, Skepticism, Enthusiasm",You only use it if it is strictly required for school or work.,A few times a week,A personal tutor/mentor (to explain concepts and help me learn).,Strongly Agree,Disagree,Agree,Strongly Disagree,Disagree,Strongly Disagree,Strongly Disagree,Slightly concerned,Not at all concerned,Slightly concerned,Slightly concerned,Slightly concerned,Disagree,Agree,Disagree,Disagree,Disagree,Disagree,sl
01/04/2026 10:59:53,Slovenia,Prefer not to say,1st year,3 - Intermediate: I use some AI tools occasionally for simple tasks and understand their basic functions.,A few times a month,"Translating texts or learning a language, Writing/drafting text (emails, essays, reports), Helping with homework / Lesson planning","I read it to check for major errors, but keep it mostly intact.",The AI and I would have produced a similar result.,It has no significant impact on my time or effort.,A moderate amount of time (I ask for a few adjustments or refinements).,Not very confident,"I do a quick search (e.g., Google, Wikipedia) to verify it.","Yes, occasionally.","Yes, frequently.","Skepticism, Suspicion",You wait until it becomes mainstream and most people are using it.,A few times a month,A creative assistant/collaborator (to brainstorm and co-create).,Agree,Disagree,Disagree,Strongly Disagree,Disagree,Agree,Agree,Slightly concerned,Slightly concerned,Moderately concerned,Slightly concerned,Slightly concerned,Agree,Disagree,Disagree,Disagree,Strongly Disagree,Disagree,sl
01/04/2026 10:57:11,Slovenia,Female,1st year,3 - Intermediate: I use some AI tools occasionally for simple tasks and understand their basic functions.,A few times a month,"Translating texts or learning a language, Solving math/logic problems or coding",I use it as a draft or inspiration and rewrite it heavily.,"My original work would have been better, but the AI was faster.",It is a huge time saver.,"A significant amount of time (I engage in long conversations, going back and forth until the output is perfect).",Somewhat confident,I systematically check primary and authoritative sources to confirm the data.,"Yes, occasionally.","Yes, occasionally.","Anxiety, Suspicion",You wait until it becomes mainstream and most people are using it.,A few times a month,A personal tutor/mentor (to explain concepts and help me learn).,Disagree,Disagree,Agree,Disagree,Disagree,Disagree,Disagree,Very concerned,Very concerned,Slightly concerned,Moderately concerned,Moderately concerned,Strongly Agree,Disagree,Agree,Agree,Disagree,Strongly Disagree,sl
01/04/2026 10:37:09,Slovenia,Female,2nd year,3 - Intermediate: I use some AI tools occasionally for simple tasks and understand their basic functions.,A few times a month,"Brainstorming ideas and getting inspiration, Summarizing long documents or articles, Helping with homework / Lesson planning, Generating images or presentations",I use it as a draft or inspiration and rewrite it heavily.,"The AI's output was poor/incorrect, and I had to redo most of it.",It is a huge time saver.,"A significant amount of time (I engage in long conversations, going back and forth until the output is perfect).",Very confident,"I do a quick search (e.g., Google, Wikipedia) to verify it.","Yes, occasionally.","Yes, frequently.","Curiosity, Hope, Suspicion",You only use it if it is strictly required for school or work.,A few times a month,A smart search engine (to find information quickly and accurately).,Agree,Disagree,Agree,Disagree,Strongly Disagree,Agree,Disagree,Not at all concerned,Moderately concerned,Extremely concerned,Extremely concerned,Very concerned,Agree,Agree,Agree,Agree,Disagree,Agree,sl
01/04/2026 10:33:44,Slovenia,Female,2nd year,"4 - Advanced: I use AI tools regularly for various tasks and have a good understanding of their capabilities, limits, and potential biases.",A few times a week,"Translating texts or learning a language, Solving math/logic problems or coding, Helping with homework / Lesson planning",I copy and paste it directly without reading it thoroughly.,"My original work would have been better, but the AI was faster.",It is a huge time saver.,A moderate amount of time (I ask for a few adjustments or refinements).,Somewhat confident,"I do a quick search (e.g., Google, Wikipedia) to verify it.","Yes, occasionally.","Yes, occasionally.","Curiosity, Fear, Hope",You try it out after hearing good things from friends or colleagues.,A few times a week,A shortcut (to do the heavy lifting or do my assignments for me).,Disagree,Disagree,Agree,Disagree,Agree,Disagree,Agree,Slightly concerned,Slightly concerned,Slightly concerned,Slightly concerned,Slightly concerned,Agree,Agree,Disagree,Agree,Agree,Agree,sl
01/04/2026 10:33:35,Slovenia,Female,2nd year,3 - Intermediate: I use some AI tools occasionally for simple tasks and understand their basic functions.,A few times a month,Helping with homework / Lesson planning,I copy and paste it directly without reading it thoroughly.,The AI and I would have produced a similar result.,It is a huge time saver.,A moderate amount of time (I ask for a few adjustments or refinements).,Not at all confident,I ask the AI itself if it is sure about the answer.,"Yes, occasionally.",I have never paid attention to this aspect.,"Skepticism, Suspicion",You only use it if it is strictly required for school or work.,A few times a month,A smart search engine (to find information quickly and accurately).,Strongly Disagree,Disagree,Agree,Disagree,Agree,Disagree,Strongly Agree,Moderately concerned,Slightly concerned,Moderately concerned,Moderately concerned,Moderately concerned,Disagree,Agree,Agree,Agree,Disagree,Disagree,sl
01/04/2026 10:33:18,Slovenia,Male,2nd year,"4 - Advanced: I use AI tools regularly for various tasks and have a good understanding of their capabilities, limits, and potential biases.",Daily,"Translating texts or learning a language, Summarizing long documents or articles, Helping with homework / Lesson planning, Generating images or presentations",I review the AI-generated output to identify potential errors and refine the text as necessary.,"My original work would have been better, but the AI was faster.",It is a huge time saver.,A moderate amount of time (I ask for a few adjustments or refinements).,Not very confident,"I do a quick search (e.g., Google, Wikipedia) to verify it.","Yes, occasionally.",I have never paid attention to this aspect.,Enthusiasm,You wait until it becomes mainstream and most people are using it.,A few times a week,A smart search engine (to find information quickly and accurately).,Agree,Agree,Strongly Agree,Agree,Agree,Agree,Strongly Agree,Slightly concerned,Slightly concerned,Slightly concerned,Slightly concerned,Slightly concerned,Agree,Disagree,Disagree,Disagree,Disagree,Disagree,sl
01/04/2026 10:32:56,Slovenia,Female,2nd year,"4 - Advanced: I use AI tools regularly for various tasks and have a good understanding of their capabilities, limits, and potential biases.",Daily,"Brainstorming ideas and getting inspiration, Translating texts or learning a language, Summarizing long documents or articles, Writing/drafting text (emails, essays, reports), Solving math/logic problems or coding, Helping with homework / Lesson planning",I review the AI-generated output to identify potential errors and refine the text as necessary.,The AI produced a much better result than I could have.,It is a huge time saver.,A moderate amount of time (I ask for a few adjustments or refinements).,Somewhat confident,I ask the AI itself if it is sure about the answer.,"Yes, occasionally.","Yes, occasionally.","Anxiety, Curiosity, Fear",You wait until it becomes mainstream and most people are using it.,Daily,A personal tutor/mentor (to explain concepts and help me learn).,Agree,Agree,Agree,Agree,Agree,Agree,Agree,Moderately concerned,Moderately concerned,Moderately concerned,Moderately concerned,Moderately concerned,Agree,Agree,Agree,Agree,Agree,Agree,sl
01/04/2026 10:32:55,Slovenia,Female,2nd year,"4 - Advanced: I use AI tools regularly for various tasks and have a good understanding of their capabilities, limits, and potential biases.",A few times a week,"Translating texts or learning a language, Summarizing long documents or articles, Helping with homework / Lesson planning",I review the AI-generated output to identify potential errors and refine the text as necessary.,The AI and I would have produced a similar result.,"It enriches my work (gives me ideas I wouldn't have had), but takes about the same amount of time.",A moderate amount of time (I ask for a few adjustments or refinements).,Very confident,"I do a quick search (e.g., Google, Wikipedia) to verify it.","Yes, occasionally.",I have never paid attention to this aspect.,Curiosity,You try it out after hearing good things from friends or colleagues.,A few times a week,A smart search engine (to find information quickly and accurately).,Agree,Agree,Agree,Disagree,Agree,Disagree,Agree,Slightly concerned,Slightly concerned,Slightly concerned,Slightly concerned,Slightly concerned,Disagree,Disagree,Agree,Agree,Agree,Agree,sl
01/04/2026 10:32:47,Slovenia,Female,2nd year,"4 - Advanced: I use AI tools regularly for various tasks and have a good understanding of their capabilities, limits, and potential biases.",A few times a week,"Brainstorming ideas and getting inspiration, Translating texts or learning a language, Solving math/logic problems or coding, Helping with homework / Lesson planning",I review the AI-generated output to identify potential errors and refine the text as necessary.,"My original work would have been better, but the AI was faster.",It is a huge time saver.,A moderate amount of time (I ask for a few adjustments or refinements).,Somewhat confident,I ask the AI itself if it is sure about the answer.,"Yes, occasionally.","Yes, occasionally.","Curiosity, Enthusiasm, Suspicion",You only use it if it is strictly required for school or work.,A few times a week,A smart search engine (to find information quickly and accurately).,Agree,Disagree,Agree,Disagree,Disagree,Agree,Disagree,Very concerned,Slightly concerned,Slightly concerned,Moderately concerned,Slightly concerned,Agree,Disagree,Agree,Agree,Agree,Disagree,sl
01/04/2026 10:32:45,Slovenia,Female,2nd year,3 - Intermediate: I use some AI tools occasionally for simple tasks and understand their basic functions.,Daily,"Brainstorming ideas and getting inspiration, Helping with homework / Lesson planning",I review the AI-generated output to identify potential errors and refine the text as necessary.,"My original work would have been better, but the AI was faster.","It enriches my work (gives me ideas I wouldn't have had), but takes about the same amount of time.",A moderate amount of time (I ask for a few adjustments or refinements).,Somewhat confident,I ask the AI itself if it is sure about the answer.,"Yes, frequently.","Yes, occasionally.",Fear,You try it out after hearing good things from friends or colleagues.,A few times a week,A personal tutor/mentor (to explain concepts and help me learn).,Agree,Agree,Disagree,Disagree,Disagree,Agree,Disagree,Moderately concerned,Very concerned,Very concerned,Moderately concerned,Very concerned,Agree,Agree,Agree,Agree,Agree,Agree,sl
01/04/2026 10:32:34,Slovenia,Male,2nd year,"5 - Expert: I have a deep understanding of how AI works, use it extensively, and could comfortably teach others how to use it responsibly.",Daily,"Brainstorming ideas and getting inspiration, Translating texts or learning a language, Summarizing long documents or articles, Writing/drafting text (emails, essays, reports), Solving math/logic problems or coding, Helping with homework / Lesson planning, Generating images or presentations, Other (everything)","I read it to check for major errors, but keep it mostly intact.",The AI produced a much better result than I could have.,It is a huge time saver.,A moderate amount of time (I ask for a few adjustments or refinements).,Very confident,I ask the AI itself if it is sure about the answer.,"Yes, occasionally.","No, never.","Curiosity, Hope, Enthusiasm",You are one of the first to try it out.,Daily,A smart search engine (to find information quickly and accurately).,Disagree,Agree,Agree,Disagree,Agree,Agree,Disagree,Slightly concerned,Extremely concerned,Extremely concerned,Very concerned,Very concerned,Disagree,Agree,Agree,Agree,Agree,Agree,sl
01/04/2026 10:32:31,Slovenia,Male,2nd year,"4 - Advanced: I use AI tools regularly for various tasks and have a good understanding of their capabilities, limits, and potential biases.",A few times a week,"Summarizing long documents or articles, Helping with homework / Lesson planning, Generating images or presentations",I use it as a draft or inspiration and rewrite it heavily.,"My original work would have been better, but the AI was faster.","It enriches my work (gives me ideas I wouldn't have had), but takes about the same amount of time.",A moderate amount of time (I ask for a few adjustments or refinements).,Somewhat confident,"I do a quick search (e.g., Google, Wikipedia) to verify it.","Yes, frequently.",I have never paid attention to this aspect.,Skepticism,You wait until it becomes mainstream and most people are using it.,A few times a week,A smart search engine (to find information quickly and accurately).,Agree,Agree,Agree,Disagree,Agree,Agree,Agree,Very concerned,Very concerned,Very concerned,Moderately concerned,Moderately concerned,Agree,Agree,Disagree,Agree,Agree,Agree,sl
01/04/2026 10:31:57,Slovenia,Female,2nd year,"4 - Advanced: I use AI tools regularly for various tasks and have a good understanding of their capabilities, limits, and potential biases.",Daily,"Brainstorming ideas and getting inspiration, Translating texts or learning a language, Summarizing long documents or articles, Writing/drafting text (emails, essays, reports), Solving math/logic problems or coding, Helping with homework / Lesson planning, Generating images or presentations","I read it to check for major errors, but keep it mostly intact.",The AI produced a much better result than I could have.,It is a huge time saver.,A moderate amount of time (I ask for a few adjustments or refinements).,Not very confident,I ask the AI itself if it is sure about the answer.,"Yes, occasionally.","No, never.",Curiosity,You try it out after hearing good things from friends or colleagues.,Daily,A shortcut (to do the heavy lifting or do my assignments for me).,Disagree,Agree,Strongly Agree,Disagree,Agree,Strongly Disagree,Strongly Disagree,Slightly concerned,Slightly concerned,Moderately concerned,Slightly concerned,Extremely concerned,Agree,Strongly Agree,Agree,Agree,Agree,Disagree,sl
01/04/2026 10:31:53,Slovenia,Female,2nd year,"4 - Advanced: I use AI tools regularly for various tasks and have a good understanding of their capabilities, limits, and potential biases.",Daily,"Brainstorming ideas and getting inspiration, Translating texts or learning a language, Summarizing long documents or articles, Writing/drafting text (emails, essays, reports), Solving math/logic problems or coding, Helping with homework / Lesson planning",I review the AI-generated output to identify potential errors and refine the text as necessary.,The AI produced a much better result than I could have.,It is a huge time saver.,A moderate amount of time (I ask for a few adjustments or refinements).,Very confident,"I do a quick search (e.g., Google, Wikipedia) to verify it.",I didn't know AI could do that.,"Yes, frequently.","Curiosity, Skepticism, Suspicion",You wait until it becomes mainstream and most people are using it.,Daily,A creative assistant/collaborator (to brainstorm and co-create).,Disagree,Agree,Agree,Agree,Disagree,Agree,Strongly Disagree,Very concerned,Very concerned,Extremely concerned,Very concerned,Very concerned,Strongly Agree,Strongly Agree,Strongly Agree,Strongly Agree,Strongly Agree,Strongly Agree,sl
01/04/2026 10:31:51,Slovenia,Male,2nd year,"4 - Advanced: I use AI tools regularly for various tasks and have a good understanding of their capabilities, limits, and potential biases.",Daily,"Brainstorming ideas and getting inspiration, Translating texts or learning a language, Summarizing long documents or articles, Writing/drafting text (emails, essays, reports), Helping with homework / Lesson planning","I read it to check for major errors, but keep it mostly intact.","My original work would have been better, but the AI was faster.",It has no significant impact on my time or effort.,"A significant amount of time (I engage in long conversations, going back and forth until the output is perfect).",Not very confident,"I do a quick search (e.g., Google, Wikipedia) to verify it.","No, never.","No, never.","Anxiety, Hope, Enthusiasm",You try it out after hearing good things from friends or colleagues.,Daily,A creative assistant/collaborator (to brainstorm and co-create).,Agree,Agree,Agree,Agree,Agree,Agree,Agree,Slightly concerned,Moderately concerned,Slightly concerned,Moderately concerned,Very concerned,Disagree,Disagree,Agree,Disagree,Disagree,Agree,sl
01/04/2026 10:31:33,Slovenia,Male,2nd year,"4 - Advanced: I use AI tools regularly for various tasks and have a good understanding of their capabilities, limits, and potential biases.",A few times a week,"Brainstorming ideas and getting inspiration, Translating texts or learning a language, Writing/drafting text (emails, essays, reports), Helping with homework / Lesson planning, Generating images or presentations","I read it to check for major errors, but keep it mostly intact.",The AI and I would have produced a similar result.,"It enriches my work (gives me ideas I wouldn't have had), but takes about the same amount of time.",A moderate amount of time (I ask for a few adjustments or refinements).,Very confident,"I do a quick search (e.g., Google, Wikipedia) to verify it.","Yes, occasionally.","Yes, occasionally.","Curiosity, Hope, Enthusiasm",You wait until it becomes mainstream and most people are using it.,A few times a week,A smart search engine (to find information quickly and accurately).,Agree,Agree,Agree,Disagree,Agree,Agree,Agree,Moderately concerned,Moderately concerned,Moderately concerned,Moderately concerned,Moderately concerned,Agree,Agree,Agree,Agree,Agree,Agree,sl
01/04/2026 10:31:32,Slovenia,Male,2nd year,"4 - Advanced: I use AI tools regularly for various tasks and have a good understanding of their capabilities, limits, and potential biases.",A few times a week,"Brainstorming ideas and getting inspiration, Summarizing long documents or articles, Writing/drafting text (emails, essays, reports), Solving math/logic problems or coding, Helping with homework / Lesson planning, Generating images or presentations",I review the AI-generated output to identify potential errors and refine the text as necessary.,"My original work would have been better, but the AI was faster.",It is a huge time saver.,A moderate amount of time (I ask for a few adjustments or refinements).,Somewhat confident,"I do a quick search (e.g., Google, Wikipedia) to verify it.","Yes, occasionally.","Yes, frequently.","Anxiety, Curiosity, Skepticism",You try it out after hearing good things from friends or colleagues.,A few times a week,A smart search engine (to find information quickly and accurately).,Agree,Disagree,Disagree,Agree,Disagree,Agree,Disagree,Moderately concerned,Very concerned,Extremely concerned,Slightly concerned,Slightly concerned,Agree,Agree,Agree,Agree,Strongly Agree,Disagree,sl
01/04/2026 10:31:31,Slovenia,Male,2nd year,3 - Intermediate: I use some AI tools occasionally for simple tasks and understand their basic functions.,A few times a month,"Brainstorming ideas and getting inspiration, Translating texts or learning a language, Summarizing long documents or articles, Generating images or presentations",I copy and paste it directly without reading it thoroughly.,The AI produced a much better result than I could have.,It is a huge time saver.,A moderate amount of time (I ask for a few adjustments or refinements).,Somewhat confident,I trust it completely and use it as is.,"Yes, frequently.","Yes, frequently.",Hope,You wait until it becomes mainstream and most people are using it.,A few times a week,An entertainment tool (just for fun).,Agree,Agree,Agree,Agree,Disagree,Agree,Disagree,Slightly concerned,Slightly concerned,Moderately concerned,Slightly concerned,Slightly concerned,Strongly Disagree,Agree,Disagree,Disagree,Agree,Disagree,sl
01/04/2026 10:31:30,Slovenia,Male,2nd year,"4 - Advanced: I use AI tools regularly for various tasks and have a good understanding of their capabilities, limits, and potential biases.",Daily,"Translating texts or learning a language, Summarizing long documents or articles, Writing/drafting text (emails, essays, reports), Helping with homework / Lesson planning",I copy and paste it directly without reading it thoroughly.,"My original work would have been better, but the AI was faster.",It is a huge time saver.,A moderate amount of time (I ask for a few adjustments or refinements).,Very confident,I ask the AI itself if it is sure about the answer.,"Yes, occasionally.",I have never paid attention to this aspect.,"Curiosity, Hope, Skepticism, Enthusiasm, Suspicion",You are one of the first to try it out.,Daily,A smart search engine (to find information quickly and accurately).,Disagree,Agree,Agree,Agree,Agree,Agree,Agree,Moderately concerned,Moderately concerned,Moderately concerned,Moderately concerned,Moderately concerned,Strongly Disagree,Agree,Agree,Agree,Agree,Agree,sl
01/04/2026 10:31:18,Slovenia,Female,2nd year,"4 - Advanced: I use AI tools regularly for various tasks and have a good understanding of their capabilities, limits, and potential biases.",Daily,"Brainstorming ideas and getting inspiration, Translating texts or learning a language, Summarizing long documents or articles, Writing/drafting text (emails, essays, reports), Solving math/logic problems or coding, Helping with homework / Lesson planning","I read it to check for major errors, but keep it mostly intact.",The AI and I would have produced a similar result.,It is a huge time saver.,Very little time (I usually accept the first answer it provides).,Somewhat confident,I ask the AI itself if it is sure about the answer.,"Yes, occasionally.","No, never.",Skepticism,You wait until it becomes mainstream and most people are using it.,A few times a month,A creative assistant/collaborator (to brainstorm and co-create).,Agree,Agree,Disagree,Agree,Disagree,Agree,Disagree,Moderately concerned,Slightly concerned,Moderately concerned,Slightly concerned,Moderately concerned,Strongly Disagree,Agree,Disagree,Disagree,Agree,Agree,sl
01/04/2026 10:31:17,Slovenia,Male,2nd year,"5 - Expert: I have a deep understanding of how AI works, use it extensively, and could comfortably teach others how to use it responsibly.",A few times a week,"Translating texts or learning a language, Summarizing long documents or articles, Writing/drafting text (emails, essays, reports), Solving math/logic problems or coding, Helping with homework / Lesson planning, Generating images or presentations","I read it to check for major errors, but keep it mostly intact.",The AI produced a much better result than I could have.,It is a huge time saver.,A moderate amount of time (I ask for a few adjustments or refinements).,Very confident,I ask the AI itself if it is sure about the answer.,"Yes, occasionally.",I have never paid attention to this aspect.,"Curiosity, Hope, Enthusiasm",You try it out after hearing good things from friends or colleagues.,Daily,A personal tutor/mentor (to explain concepts and help me learn).,Disagree,Disagree,Agree,Disagree,Agree,Agree,Agree,Not at all concerned,Slightly concerned,Slightly concerned,Not at all concerned,Moderately concerned,Strongly Disagree,Agree,Agree,Agree,Agree,Agree,sl
01/04/2026 10:31:09,Slovenia,Male,2nd year,"4 - Advanced: I use AI tools regularly for various tasks and have a good understanding of their capabilities, limits, and potential biases.",Daily,"Translating texts or learning a language, Summarizing long documents or articles, Writing/drafting text (emails, essays, reports), Solving math/logic problems or coding, Helping with homework / Lesson planning, Generating images or presentations",I review the AI-generated output to identify potential errors and refine the text as necessary.,The AI and I would have produced a similar result.,"It enriches my work (gives me ideas I wouldn't have had), but takes about the same amount of time.",A moderate amount of time (I ask for a few adjustments or refinements).,Very confident,"I do a quick search (e.g., Google, Wikipedia) to verify it.","Yes, occasionally.",I have never paid attention to this aspect.,"Curiosity, Hope, Skepticism",You try it out after hearing good things from friends or colleagues.,Daily,A smart search engine (to find information quickly and accurately).,Disagree,Agree,Agree,Disagree,Agree,Disagree,Agree,Slightly concerned,Slightly concerned,Slightly concerned,Slightly concerned,Not at all concerned,Agree,Agree,Agree,Agree,Strongly Agree,Agree,sl
01/04/2026 10:29:23,Slovenia,Female,2nd year,"4 - Advanced: I use AI tools regularly for various tasks and have a good understanding of their capabilities, limits, and potential biases.",A few times a week,"Brainstorming ideas and getting inspiration, Translating texts or learning a language, Summarizing long documents or articles, Writing/drafting text (emails, essays, reports), Solving math/logic problems or coding, Helping with homework / Lesson planning, Generating images or presentations","I read it to check for major errors, but keep it mostly intact.",The AI and I would have produced a similar result.,It is a huge time saver.,A moderate amount of time (I ask for a few adjustments or refinements).,Somewhat confident,I ask the AI itself if it is sure about the answer.,"Yes, occasionally.","Yes, occasionally.",Anxiety,You try it out after hearing good things from friends or colleagues.,A few times a week,A personal tutor/mentor (to explain concepts and help me learn).,Agree,Agree,Agree,Agree,Agree,Agree,Agree,Moderately concerned,Moderately concerned,Moderately concerned,Moderately concerned,Moderately concerned,Agree,Agree,Agree,Agree,Agree,Agree,sl
01/04/2026 09:29:17,Slovenia,Female,4th year,"4 - Advanced: I use AI tools regularly for various tasks and have a good understanding of their capabilities, limits, and potential biases.",A few times a month,Summarizing long documents or articles,I review the AI-generated output to identify potential errors and refine the text as necessary.,"My original work would have been better, but the AI was faster.",It is a huge time saver.,A moderate amount of time (I ask for a few adjustments or refinements).,Very confident,I systematically check primary and authoritative sources to confirm the data.,"Yes, occasionally.","Yes, occasionally.",Skepticism,You wait until it becomes mainstream and most people are using it.,A few times a month,A creative assistant/collaborator (to brainstorm and co-create).,Agree,Disagree,Agree,Disagree,Disagree,Agree,Disagree,Very concerned,Very concerned,Moderately concerned,Moderately concerned,Slightly concerned,Agree,Agree,Agree,Agree,Agree,Disagree,sl
01/04/2026 09:24:06,Slovenia,Female,4th year,"4 - Advanced: I use AI tools regularly for various tasks and have a good understanding of their capabilities, limits, and potential biases.",A few times a week,"Brainstorming ideas and getting inspiration, Summarizing long documents or articles, Writing/drafting text (emails, essays, reports), Solving math/logic problems or coding, Helping with homework / Lesson planning","I read it to check for major errors, but keep it mostly intact.",The AI produced a much better result than I could have.,"It enriches my work (gives me ideas I wouldn't have had), but takes about the same amount of time.",A moderate amount of time (I ask for a few adjustments or refinements).,Somewhat confident,I ask the AI itself if it is sure about the answer.,"Yes, occasionally.","No, never.","Curiosity, Enthusiasm",You try it out after hearing good things from friends or colleagues.,A few times a week,A creative assistant/collaborator (to brainstorm and co-create).,Disagree,Disagree,Agree,Disagree,Disagree,Agree,Disagree,Not at all concerned,Not at all concerned,Not at all concerned,Not at all concerned,Not at all concerned,Agree,Agree,Agree,Disagree,Disagree,Disagree,sl
31/03/2026 22:01:05,Slovenia,Male,3rd year,"4 - Advanced: I use AI tools regularly for various tasks and have a good understanding of their capabilities, limits, and potential biases.",Daily,"Brainstorming ideas and getting inspiration, Translating texts or learning a language, Summarizing long documents or articles, Writing/drafting text (emails, essays, reports), Helping with homework / Lesson planning, Generating images or presentations","I read it to check for major errors, but keep it mostly intact.",The AI and I would have produced a similar result.,It is a huge time saver.,"A significant amount of time (I engage in long conversations, going back and forth until the output is perfect).",Not very confident,I ask the AI itself if it is sure about the answer.,"No, never.","Yes, occasionally.","Curiosity, Hope, Skepticism",You are one of the first to try it out.,Daily,A smart search engine (to find information quickly and accurately).,Disagree,Agree,Agree,Disagree,Disagree,Agree,Strongly Disagree,Very concerned,Moderately concerned,Moderately concerned,Very concerned,Moderately concerned,Disagree,Strongly Agree,Agree,Agree,Disagree,Agree,sl
31/03/2026 18:24:15,Slovenia,Male,4th year,3 - Intermediate: I use some AI tools occasionally for simple tasks and understand their basic functions.,A few times a week,"Writing/drafting text (emails, essays, reports), Helping with homework / Lesson planning",I review the AI-generated output to identify potential errors and refine the text as necessary.,The AI and I would have produced a similar result.,It is a huge time saver.,A moderate amount of time (I ask for a few adjustments or refinements).,Somewhat confident,I trust it completely and use it as is.,"Yes, occasionally.","No, never.","Curiosity, Enthusiasm",You try it out after hearing good things from friends or colleagues.,A few times a week,A smart search engine (to find information quickly and accurately).,Disagree,Disagree,Disagree,Agree,Agree,Agree,Disagree,Very concerned,Slightly concerned,Moderately concerned,Moderately concerned,Moderately concerned,Agree,Agree,Agree,Agree,Agree,Agree,sl
31/03/2026 16:47:36,Slovenia,Male,1st year,"4 - Advanced: I use AI tools regularly for various tasks and have a good understanding of their capabilities, limits, and potential biases.",Daily,"Translating texts or learning a language, Solving math/logic problems or coding, Helping with homework / Lesson planning",I use it as a draft or inspiration and rewrite it heavily.,"My original work would have been better, but the AI was faster.",It is a huge time saver.,It takes so much time that sometimes I just give up and do the work myself.,Somewhat confident,"I do a quick search (e.g., Google, Wikipedia) to verify it.","Yes, occasionally.","Yes, occasionally.","Curiosity, Suspicion",You only use it if it is strictly required for school or work.,A few times a week,A creative assistant/collaborator (to brainstorm and co-create).,Agree,Disagree,Agree,Agree,Agree,Agree,Agree,Not at all concerned,Moderately concerned,Not at all concerned,Moderately concerned,Slightly concerned,Agree,Strongly Disagree,Disagree,Agree,Disagree,Strongly Disagree,sl
31/03/2026 09:29:33,Slovenia,Female,1st year,3 - Intermediate: I use some AI tools occasionally for simple tasks and understand their basic functions.,A few times a week,"Brainstorming ideas and getting inspiration, Summarizing long documents or articles, Generating images or presentations",I review the AI-generated output to identify potential errors and refine the text as necessary.,The AI and I would have produced a similar result.,It is a huge time saver.,A moderate amount of time (I ask for a few adjustments or refinements).,Somewhat confident,"I do a quick search (e.g., Google, Wikipedia) to verify it.","Yes, occasionally.",I have never paid attention to this aspect.,Curiosity,You try it out after hearing good things from friends or colleagues.,A few times a week,A creative assistant/collaborator (to brainstorm and co-create).,Disagree,Disagree,Agree,Strongly Disagree,Disagree,Disagree,Disagree,Slightly concerned,Moderately concerned,Moderately concerned,Slightly concerned,Slightly concerned,Disagree,Disagree,Disagree,Disagree,Agree,Strongly Disagree,sl
31/03/2026 09:26:08,Slovenia,Female,1st year,"4 - Advanced: I use AI tools regularly for various tasks and have a good understanding of their capabilities, limits, and potential biases.",Daily,"Brainstorming ideas and getting inspiration, Writing/drafting text (emails, essays, reports), Generating images or presentations","I read it to check for major errors, but keep it mostly intact.",The AI produced a much better result than I could have.,"It enriches my work (gives me ideas I wouldn't have had), but takes about the same amount of time.",A moderate amount of time (I ask for a few adjustments or refinements).,Somewhat confident,"I do a quick search (e.g., Google, Wikipedia) to verify it.","Yes, occasionally.",I have never paid attention to this aspect.,"Curiosity, Hope, Suspicion",You wait until it becomes mainstream and most people are using it.,A few times a week,A shortcut (to do the heavy lifting or do my assignments for me).,Disagree,Agree,Disagree,Agree,Disagree,Agree,Disagree,Slightly concerned,Slightly concerned,Moderately concerned,Moderately concerned,Moderately concerned,Agree,Disagree,Agree,Disagree,Agree,Disagree,sl
31/03/2026 09:23:05,Slovenia,Male,1st year,"4 - Advanced: I use AI tools regularly for various tasks and have a good understanding of their capabilities, limits, and potential biases.",Daily,"Translating texts or learning a language, Summarizing long documents or articles, Generating images or presentations",I use it as a draft or inspiration and rewrite it heavily.,The AI and I would have produced a similar result.,"It enriches my work (gives me ideas I wouldn't have had), but takes about the same amount of time.",Very little time (I usually accept the first answer it provides).,Somewhat confident,"I do a quick search (e.g., Google, Wikipedia) to verify it.","Yes, occasionally.","Yes, occasionally.",Curiosity,You are one of the first to try it out.,Daily,A creative assistant/collaborator (to brainstorm and co-create).,Disagree,Agree,Agree,Disagree,Disagree,Agree,Disagree,Slightly concerned,Slightly concerned,Slightly concerned,Not at all concerned,Slightly concerned,Agree,Agree,Agree,Disagree,Agree,Disagree,sl
31/03/2026 09:22:14,Slovenia,Female,1st year,"4 - Advanced: I use AI tools regularly for various tasks and have a good understanding of their capabilities, limits, and potential biases.",A few times a week,"Summarizing long documents or articles, Solving math/logic problems or coding","I read it to check for major errors, but keep it mostly intact.","My original work would have been better, but the AI was faster.",It is a huge time saver.,A moderate amount of time (I ask for a few adjustments or refinements).,Very confident,"I do a quick search (e.g., Google, Wikipedia) to verify it.","Yes, occasionally.",I have never paid attention to this aspect.,"Curiosity, Skepticism",You try it out after hearing good things from friends or colleagues.,A few times a week,A shortcut (to do the heavy lifting or do my assignments for me).,Agree,Disagree,Agree,Disagree,Strongly Disagree,Agree,Disagree,Slightly concerned,Moderately concerned,Moderately concerned,Moderately concerned,Moderately concerned,Agree,Agree,Agree,Agree,Agree,Agree,sl
31/03/2026 09:21:57,Slovenia,Female,1st year,3 - Intermediate: I use some AI tools occasionally for simple tasks and understand their basic functions.,A few times a week,"Translating texts or learning a language, Solving math/logic problems or coding, Generating images or presentations",I use it as a draft or inspiration and rewrite it heavily.,"The AI's output was poor/incorrect, and I had to redo most of it.",It has no significant impact on my time or effort.,A moderate amount of time (I ask for a few adjustments or refinements).,Not very confident,"I do a quick search (e.g., Google, Wikipedia) to verify it.","Yes, occasionally.","Yes, frequently.",Skepticism,You only use it if it is strictly required for school or work.,A few times a week,A personal tutor/mentor (to explain concepts and help me learn).,Disagree,Disagree,Agree,Strongly Disagree,Disagree,Disagree,Disagree,Very concerned,Not at all concerned,Very concerned,Moderately concerned,Slightly concerned,Agree,Disagree,Disagree,Agree,Disagree,Disagree,sl
31/03/2026 09:21:47,Slovenia,Female,1st year,"5 - Expert: I have a deep understanding of how AI works, use it extensively, and could comfortably teach others how to use it responsibly.",A few times a week,"Brainstorming ideas and getting inspiration, Summarizing long documents or articles, Writing/drafting text (emails, essays, reports), Solving math/logic problems or coding",I use it as a draft or inspiration and rewrite it heavily.,"My original work would have been better, but the AI was faster.",It is a huge time saver.,"A significant amount of time (I engage in long conversations, going back and forth until the output is perfect).",Somewhat confident,"I do a quick search (e.g., Google, Wikipedia) to verify it.","Yes, occasionally.","Yes, occasionally.","Curiosity, Skepticism, Suspicion",You try it out after hearing good things from friends or colleagues.,A few times a month,A creative assistant/collaborator (to brainstorm and co-create).,Agree,Agree,Agree,Disagree,Disagree,Agree,Strongly Disagree,Moderately concerned,Moderately concerned,Moderately concerned,Moderately concerned,Moderately concerned,Strongly Agree,Agree,Agree,Disagree,Agree,Disagree,sl
31/03/2026 09:21:32,Slovenia,Female,1st year,3 - Intermediate: I use some AI tools occasionally for simple tasks and understand their basic functions.,A few times a week,"Brainstorming ideas and getting inspiration, Generating images or presentations",I review the AI-generated output to identify potential errors and refine the text as necessary.,"My original work would have been better, but the AI was faster.","It enriches my work (gives me ideas I wouldn't have had), but takes about the same amount of time.",A moderate amount of time (I ask for a few adjustments or refinements).,Somewhat confident,"I do a quick search (e.g., Google, Wikipedia) to verify it.","Yes, occasionally.","Yes, occasionally.","Curiosity, Enthusiasm, Suspicion",You try it out after hearing good things from friends or colleagues.,A few times a week,A shortcut (to do the heavy lifting or do my assignments for me).,Agree,Agree,Agree,Disagree,Agree,Disagree,Disagree,Moderately concerned,Very concerned,Moderately concerned,Very concerned,Very concerned,Agree,Disagree,Agree,Agree,Disagree,Disagree,sl
31/03/2026 09:21:21,Slovenia,Female,1st year,"4 - Advanced: I use AI tools regularly for various tasks and have a good understanding of their capabilities, limits, and potential biases.",Daily,"Brainstorming ideas and getting inspiration, Helping with homework / Lesson planning, Generating images or presentations","I read it to check for major errors, but keep it mostly intact.",The AI and I would have produced a similar result.,"It enriches my work (gives me ideas I wouldn't have had), but takes about the same amount of time.",A moderate amount of time (I ask for a few adjustments or refinements).,Somewhat confident,"I do a quick search (e.g., Google, Wikipedia) to verify it.","Yes, occasionally.","No, never.","Curiosity, Fear, Skepticism, Enthusiasm",You wait until it becomes mainstream and most people are using it.,A few times a week,A smart search engine (to find information quickly and accurately).,Agree,Disagree,Disagree,Agree,Agree,Disagree,Disagree,Slightly concerned,Slightly concerned,Slightly concerned,Not at all concerned,Moderately concerned,Agree,Agree,Agree,Agree,Disagree,Disagree,sl
31/03/2026 09:20:52,Slovenia,Male,1st year,"4 - Advanced: I use AI tools regularly for various tasks and have a good understanding of their capabilities, limits, and potential biases.",A few times a week,"Brainstorming ideas and getting inspiration, Summarizing long documents or articles, Solving math/logic problems or coding, Helping with homework / Lesson planning, Generating images or presentations","I read it to check for major errors, but keep it mostly intact.",The AI and I would have produced a similar result.,It is a huge time saver.,Very little time (I usually accept the first answer it provides).,Somewhat confident,I ask the AI itself if it is sure about the answer.,"No, never.","Yes, occasionally.","Curiosity, Hope, Enthusiasm",You try it out after hearing good things from friends or colleagues.,Daily,A smart search engine (to find information quickly and accurately).,Agree,Disagree,Agree,Disagree,Agree,Disagree,Agree,Moderately concerned,Moderately concerned,Moderately concerned,Moderately concerned,Very concerned,Agree,Disagree,Agree,Agree,Strongly Agree,Agree,sl
31/03/2026 09:20:49,Slovenia,Female,1st year,3 - Intermediate: I use some AI tools occasionally for simple tasks and understand their basic functions.,A few times a week,"Brainstorming ideas and getting inspiration, Translating texts or learning a language, Solving math/logic problems or coding, Helping with homework / Lesson planning",I review the AI-generated output to identify potential errors and refine the text as necessary.,"My original work would have been better, but the AI was faster.",It is a huge time saver.,A moderate amount of time (I ask for a few adjustments or refinements).,Somewhat confident,"I do a quick search (e.g., Google, Wikipedia) to verify it.","Yes, occasionally.",I have never paid attention to this aspect.,"Curiosity, Skepticism",You try it out after hearing good things from friends or colleagues.,A few times a week,A smart search engine (to find information quickly and accurately).,Disagree,Agree,Agree,Strongly Disagree,Disagree,Disagree,Agree,Moderately concerned,Not at all concerned,Moderately concerned,Moderately concerned,Moderately concerned,Disagree,Agree,Agree,Agree,Strongly Agree,Agree,sl
31/03/2026 09:20:41,Slovenia,Female,1st year,"4 - Advanced: I use AI tools regularly for various tasks and have a good understanding of their capabilities, limits, and potential biases.",A few times a week,"Solving math/logic problems or coding, Helping with homework / Lesson planning, Other (making study notes)",I copy and paste it directly without reading it thoroughly.,The AI and I would have produced a similar result.,It is a huge time saver.,A moderate amount of time (I ask for a few adjustments or refinements).,Not very confident,"I do a quick search (e.g., Google, Wikipedia) to verify it.","No, never.","No, never.",Suspicion,You wait until it becomes mainstream and most people are using it.,Daily,A personal tutor/mentor (to explain concepts and help me learn).,Disagree,Agree,Agree,Strongly Disagree,Agree,Strongly Disagree,Disagree,Slightly concerned,Slightly concerned,Not at all concerned,Moderately concerned,Slightly concerned,Agree,Agree,Disagree,Disagree,Agree,Agree,sl
31/03/2026 09:19:33,Slovenia,Female,1st year,"5 - Expert: I have a deep understanding of how AI works, use it extensively, and could comfortably teach others how to use it responsibly.",A few times a week,"Brainstorming ideas and getting inspiration, Summarizing long documents or articles",I use it as a draft or inspiration and rewrite it heavily.,"My original work would have been better, but the AI was faster.","It enriches my work (gives me ideas I wouldn't have had), but takes about the same amount of time.",A moderate amount of time (I ask for a few adjustments or refinements).,Somewhat confident,I systematically check primary and authoritative sources to confirm the data.,"Yes, occasionally.","Yes, frequently.","Curiosity, Skepticism",You are one of the first to try it out.,A few times a month,A creative assistant/collaborator (to brainstorm and co-create).,Agree,Disagree,Agree,Strongly Disagree,Disagree,Strongly Disagree,Disagree,Slightly concerned,Slightly concerned,Moderately concerned,Not at all concerned,Moderately concerned,Agree,Strongly Disagree,Agree,Agree,Disagree,Strongly Disagree,sl
31/03/2026 09:19:18,Slovenia,Female,1st year,3 - Intermediate: I use some AI tools occasionally for simple tasks and understand their basic functions.,A few times a week,"Writing/drafting text (emails, essays, reports), Solving math/logic problems or coding, Helping with homework / Lesson planning, Generating images or presentations",I review the AI-generated output to identify potential errors and refine the text as necessary.,"My original work would have been better, but the AI was faster.","It enriches my work (gives me ideas I wouldn't have had), but takes about the same amount of time.",A moderate amount of time (I ask for a few adjustments or refinements).,Not very confident,I ask the AI itself if it is sure about the answer.,"Yes, occasionally.","Yes, occasionally.","Curiosity, Hope, Enthusiasm",You try it out after hearing good things from friends or colleagues.,A few times a week,A creative assistant/collaborator (to brainstorm and co-create).,Disagree,Disagree,Disagree,Disagree,Disagree,Disagree,Disagree,Slightly concerned,Slightly concerned,Moderately concerned,Moderately concerned,Moderately concerned,Agree,Agree,Disagree,Disagree,Agree,Agree,sl
31/03/2026 09:19:17,Slovenia,Male,1st year,"4 - Advanced: I use AI tools regularly for various tasks and have a good understanding of their capabilities, limits, and potential biases.",Daily,"Brainstorming ideas and getting inspiration, Translating texts or learning a language, Summarizing long documents or articles, Writing/drafting text (emails, essays, reports), Solving math/logic problems or coding, Helping with homework / Lesson planning, Generating images or presentations","I read it to check for major errors, but keep it mostly intact.","My original work would have been better, but the AI was faster.",It is a huge time saver.,A moderate amount of time (I ask for a few adjustments or refinements).,Somewhat confident,I ask the AI itself if it is sure about the answer.,"Yes, frequently.","No, never.","Curiosity, Fear, Hope, Skepticism",You try it out after hearing good things from friends or colleagues.,Daily,A creative assistant/collaborator (to brainstorm and co-create).,Agree,Disagree,Disagree,Strongly Disagree,Disagree,Strongly Disagree,Disagree,Moderately concerned,Moderately concerned,Moderately concerned,Very concerned,Very concerned,Agree,Agree,Disagree,Disagree,Disagree,Disagree,sl
31/03/2026 09:19:12,Slovenia,Female,1st year,3 - Intermediate: I use some AI tools occasionally for simple tasks and understand their basic functions.,A few times a month,"Writing/drafting text (emails, essays, reports), Helping with homework / Lesson planning, Generating images or presentations",I use it as a draft or inspiration and rewrite it heavily.,The AI and I would have produced a similar result.,It is a huge time saver.,"A significant amount of time (I engage in long conversations, going back and forth until the output is perfect).",Not very confident,I ask the AI itself if it is sure about the answer.,"Yes, occasionally.","Yes, frequently.","Skepticism, Suspicion",You wait until it becomes mainstream and most people are using it.,A few times a month,A shortcut (to do the heavy lifting or do my assignments for me).,Disagree,Disagree,Disagree,Strongly Disagree,Disagree,Strongly Disagree,Strongly Disagree,Very concerned,Moderately concerned,Extremely concerned,Moderately concerned,Moderately concerned,Disagree,Disagree,Agree,Agree,Disagree,Disagree,sl
31/03/2026 09:18:03,Slovenia,Female,1st year,3 - Intermediate: I use some AI tools occasionally for simple tasks and understand their basic functions.,A few times a week,"Brainstorming ideas and getting inspiration, Translating texts or learning a language, Summarizing long documents or articles, Helping with homework / Lesson planning","I read it to check for major errors, but keep it mostly intact.",The AI and I would have produced a similar result.,It is a huge time saver.,A moderate amount of time (I ask for a few adjustments or refinements).,Somewhat confident,I ask the AI itself if it is sure about the answer.,I didn't know AI could do that.,"No, never.",Hope,You try it out after hearing good things from friends or colleagues.,A few times a week,A shortcut (to do the heavy lifting or do my assignments for me).,Agree,Disagree,Agree,Disagree,Agree,Strongly Disagree,Strongly Agree,Very concerned,Extremely concerned,Moderately concerned,Slightly concerned,Moderately concerned,Strongly Agree,Strongly Disagree,Agree,Agree,Agree,Disagree,sl
31/03/2026 09:17:50,Slovenia,Female,1st year,"4 - Advanced: I use AI tools regularly for various tasks and have a good understanding of their capabilities, limits, and potential biases.",Daily,"Brainstorming ideas and getting inspiration, Solving math/logic problems or coding, Helping with homework / Lesson planning, Generating images or presentations",I review the AI-generated output to identify potential errors and refine the text as necessary.,"My original work would have been better, but the AI was faster.",It is a waste of time (I spend more time prompting and correcting than doing it myself).,A moderate amount of time (I ask for a few adjustments or refinements).,Not very confident,"I do a quick search (e.g., Google, Wikipedia) to verify it.","Yes, occasionally.",I have never paid attention to this aspect.,"Curiosity, Suspicion",You wait until it becomes mainstream and most people are using it.,A few times a week,A personal tutor/mentor (to explain concepts and help me learn).,Agree,Disagree,Agree,Disagree,Agree,Disagree,Agree,Not at all concerned,Moderately concerned,Very concerned,Very concerned,Very concerned,Agree,Agree,Disagree,Agree,Disagree,Disagree,sl
31/03/2026 09:17:46,Slovenia,Female,1st year,"4 - Advanced: I use AI tools regularly for various tasks and have a good understanding of their capabilities, limits, and potential biases.",A few times a week,"Translating texts or learning a language, Helping with homework / Lesson planning, Generating images or presentations",I use it as a draft or inspiration and rewrite it heavily.,"My original work would have been better, but the AI was faster.","It enriches my work (gives me ideas I wouldn't have had), but takes about the same amount of time.",A moderate amount of time (I ask for a few adjustments or refinements).,Very confident,I ask the AI itself if it is sure about the answer.,"Yes, occasionally.","No, never.","Curiosity, Enthusiasm, Suspicion",You try it out after hearing good things from friends or colleagues.,A few times a week,A creative assistant/collaborator (to brainstorm and co-create).,Agree,Agree,Agree,Disagree,Disagree,Agree,Agree,Moderately concerned,Slightly concerned,Slightly concerned,Slightly concerned,Slightly concerned,Agree,Agree,Disagree,Disagree,Disagree,Disagree,sl
31/03/2026 09:17:13,Slovenia,Female,1st year,3 - Intermediate: I use some AI tools occasionally for simple tasks and understand their basic functions.,A few times a week,"Translating texts or learning a language, Helping with homework / Lesson planning, Generating images or presentations",I use it as a draft or inspiration and rewrite it heavily.,"My original work would have been better, but the AI was faster.",It has no significant impact on my time or effort.,A moderate amount of time (I ask for a few adjustments or refinements).,Somewhat confident,"I do a quick search (e.g., Google, Wikipedia) to verify it.","Yes, occasionally.","Yes, occasionally.","Curiosity, Skepticism",You wait until it becomes mainstream and most people are using it.,A few times a week,A creative assistant/collaborator (to brainstorm and co-create).,Disagree,Disagree,Disagree,Disagree,Disagree,Disagree,Disagree,Moderately concerned,Slightly concerned,Moderately concerned,Moderately concerned,Very concerned,Disagree,Disagree,Agree,Agree,Agree,Disagree,sl
31/03/2026 09:16:46,Slovenia,Male,1st year,"5 - Expert: I have a deep understanding of how AI works, use it extensively, and could comfortably teach others how to use it responsibly.",Daily,"Translating texts or learning a language, Summarizing long documents or articles, Writing/drafting text (emails, essays, reports), Solving math/logic problems or coding, Helping with homework / Lesson planning, Generating images or presentations",I review the AI-generated output to identify potential errors and refine the text as necessary.,The AI produced a much better result than I could have.,It is a huge time saver.,A moderate amount of time (I ask for a few adjustments or refinements).,Very confident,"I do a quick search (e.g., Google, Wikipedia) to verify it.","Yes, occasionally.","No, never.",Enthusiasm,You wait until it becomes mainstream and most people are using it.,A few times a week,A smart search engine (to find information quickly and accurately).,Strongly Agree,Strongly Agree,Agree,Agree,Agree,Agree,Agree,Extremely concerned,Extremely concerned,Very concerned,Very concerned,Very concerned,Disagree,Agree,Agree,Agree,Agree,Agree,sl
31/03/2026 08:25:24,Slovenia,Female,2nd year,3 - Intermediate: I use some AI tools occasionally for simple tasks and understand their basic functions.,Daily,"Brainstorming ideas and getting inspiration, Translating texts or learning a language, Writing/drafting text (emails, essays, reports), Helping with homework / Lesson planning, Generating images or presentations",I review the AI-generated output to identify potential errors and refine the text as necessary.,"My original work would have been better, but the AI was faster.",It is a huge time saver.,A moderate amount of time (I ask for a few adjustments or refinements).,Not very confident,I ask the AI itself if it is sure about the answer.,"Yes, occasionally.",I have never paid attention to this aspect.,"Anxiety, Curiosity, Enthusiasm",You try it out after hearing good things from friends or colleagues.,Daily,A smart search engine (to find information quickly and accurately).,Disagree,Agree,Agree,Disagree,Agree,Disagree,Strongly Disagree,Moderately concerned,Moderately concerned,Extremely concerned,Moderately concerned,Moderately concerned,Agree,Strongly Disagree,Disagree,Disagree,Agree,Disagree,sl
31/03/2026 08:24:53,Slovenia,Female,2nd year,"4 - Advanced: I use AI tools regularly for various tasks and have a good understanding of their capabilities, limits, and potential biases.",A few times a week,"Brainstorming ideas and getting inspiration, Summarizing long documents or articles, Solving math/logic problems or coding, Helping with homework / Lesson planning",I review the AI-generated output to identify potential errors and refine the text as necessary.,The AI and I would have produced a similar result.,"It enriches my work (gives me ideas I wouldn't have had), but takes about the same amount of time.",A moderate amount of time (I ask for a few adjustments or refinements).,Very confident,"I do a quick search (e.g., Google, Wikipedia) to verify it.","Yes, occasionally.","Yes, frequently.","Curiosity, Hope, Enthusiasm",You try it out after hearing good things from friends or colleagues.,A few times a week,A smart search engine (to find information quickly and accurately).,Agree,Agree,Disagree,Agree,Agree,Disagree,Disagree,Slightly concerned,Very concerned,Moderately concerned,Moderately concerned,Very concerned,Agree,Agree,Strongly Agree,Agree,Disagree,Disagree,sl
31/03/2026 08:24:50,Slovenia,Female,2nd year,"5 - Expert: I have a deep understanding of how AI works, use it extensively, and could comfortably teach others how to use it responsibly.",A few times a week,"Translating texts or learning a language, Summarizing long documents or articles, Solving math/logic problems or coding, Generating images or presentations",I review the AI-generated output to identify potential errors and refine the text as necessary.,The AI produced a much better result than I could have.,It is a huge time saver.,A moderate amount of time (I ask for a few adjustments or refinements).,Somewhat confident,"I do a quick search (e.g., Google, Wikipedia) to verify it.","No, never.",I have never paid attention to this aspect.,Anxiety,You try it out after hearing good things from friends or colleagues.,A few times a week,A personal tutor/mentor (to explain concepts and help me learn).,Agree,Agree,Agree,Agree,Disagree,Disagree,Strongly Disagree,Extremely concerned,Very concerned,Moderately concerned,Moderately concerned,Extremely concerned,Agree,Agree,Agree,Agree,Agree,Disagree,sl
31/03/2026 08:24:32,Slovenia,Female,2nd year,"4 - Advanced: I use AI tools regularly for various tasks and have a good understanding of their capabilities, limits, and potential biases.",Daily,"Brainstorming ideas and getting inspiration, Helping with homework / Lesson planning",I review the AI-generated output to identify potential errors and refine the text as necessary.,The AI produced a much better result than I could have.,It is a huge time saver.,A moderate amount of time (I ask for a few adjustments or refinements).,Very confident,I ask the AI itself if it is sure about the answer.,"Yes, occasionally.","Yes, occasionally.",Curiosity,You try it out after hearing good things from friends or colleagues.,A few times a week,A smart search engine (to find information quickly and accurately).,Disagree,Disagree,Agree,Agree,Disagree,Disagree,Agree,Very concerned,Moderately concerned,Very concerned,Very concerned,Moderately concerned,Agree,Agree,Agree,Agree,Agree,Agree,sl
31/03/2026 08:23:35,Slovenia,Female,2nd year,"4 - Advanced: I use AI tools regularly for various tasks and have a good understanding of their capabilities, limits, and potential biases.",Rarely,"Solving math/logic problems or coding, Helping with homework / Lesson planning",I use it as a draft or inspiration and rewrite it heavily.,The AI produced a much better result than I could have.,"It enriches my work (gives me ideas I wouldn't have had), but takes about the same amount of time.",A moderate amount of time (I ask for a few adjustments or refinements).,Somewhat confident,I ask the AI itself if it is sure about the answer.,"Yes, occasionally.",I have never paid attention to this aspect.,Enthusiasm,You try it out after hearing good things from friends or colleagues.,A few times a week,A creative assistant/collaborator (to brainstorm and co-create).,Disagree,Disagree,Agree,Disagree,Disagree,Disagree,Disagree,Not at all concerned,Not at all concerned,Slightly concerned,Slightly concerned,Slightly concerned,Agree,Disagree,Agree,Disagree,Agree,Disagree,sl
31/03/2026 08:23:18,Slovenia,Female,2nd year,"4 - Advanced: I use AI tools regularly for various tasks and have a good understanding of their capabilities, limits, and potential biases.",Daily,"Brainstorming ideas and getting inspiration, Translating texts or learning a language, Summarizing long documents or articles, Writing/drafting text (emails, essays, reports), Helping with homework / Lesson planning",I review the AI-generated output to identify potential errors and refine the text as necessary.,The AI produced a much better result than I could have.,It is a huge time saver.,A moderate amount of time (I ask for a few adjustments or refinements).,Not very confident,I ask the AI itself if it is sure about the answer.,"Yes, occasionally.",I have never paid attention to this aspect.,"Fear, Skepticism, Enthusiasm, Suspicion",You are one of the first to try it out.,A few times a week,A smart search engine (to find information quickly and accurately).,Agree,Agree,Disagree,Agree,Agree,Disagree,Strongly Disagree,Very concerned,Moderately concerned,Moderately concerned,Slightly concerned,Slightly concerned,Disagree,Agree,Agree,Disagree,Disagree,Disagree,sl
31/03/2026 08:23:15,Slovenia,Male,2nd year,3 - Intermediate: I use some AI tools occasionally for simple tasks and understand their basic functions.,A few times a week,"Brainstorming ideas and getting inspiration, Translating texts or learning a language, Summarizing long documents or articles, Helping with homework / Lesson planning",I review the AI-generated output to identify potential errors and refine the text as necessary.,The AI produced a much better result than I could have.,"It enriches my work (gives me ideas I wouldn't have had), but takes about the same amount of time.",A moderate amount of time (I ask for a few adjustments or refinements).,Very confident,"I do a quick search (e.g., Google, Wikipedia) to verify it.","Yes, occasionally.","Yes, frequently.","Curiosity, Enthusiasm, Suspicion",You try it out after hearing good things from friends or colleagues.,A few times a week,A smart search engine (to find information quickly and accurately).,Agree,Disagree,Disagree,Agree,Disagree,Strongly Disagree,Agree,Very concerned,Slightly concerned,Extremely concerned,Extremely concerned,Extremely concerned,Agree,Strongly Agree,Agree,Strongly Agree,Strongly Agree,Agree,sl
31/03/2026 08:23:05,Slovenia,Male,2nd year,"4 - Advanced: I use AI tools regularly for various tasks and have a good understanding of their capabilities, limits, and potential biases.",A few times a week,"Brainstorming ideas and getting inspiration, Translating texts or learning a language, Writing/drafting text (emails, essays, reports), Solving math/logic problems or coding, Helping with homework / Lesson planning","I read it to check for major errors, but keep it mostly intact.",The AI and I would have produced a similar result.,"It enriches my work (gives me ideas I wouldn't have had), but takes about the same amount of time.",A moderate amount of time (I ask for a few adjustments or refinements).,Very confident,"I do a quick search (e.g., Google, Wikipedia) to verify it.","Yes, frequently.","Yes, occasionally.","Curiosity, Hope, Enthusiasm",You wait until it becomes mainstream and most people are using it.,A few times a week,A creative assistant/collaborator (to brainstorm and co-create).,Disagree,Disagree,Strongly Agree,Disagree,Disagree,Disagree,Disagree,Slightly concerned,Slightly concerned,Moderately concerned,Not at all concerned,Very concerned,Agree,Agree,Strongly Agree,Agree,Agree,Disagree,sl
31/03/2026 08:21:51,Slovenia,Female,2nd year,"4 - Advanced: I use AI tools regularly for various tasks and have a good understanding of their capabilities, limits, and potential biases.",Daily,Helping with homework / Lesson planning,I use it as a draft or inspiration and rewrite it heavily.,The AI and I would have produced a similar result.,It is a huge time saver.,A moderate amount of time (I ask for a few adjustments or refinements).,Somewhat confident,"I do a quick search (e.g., Google, Wikipedia) to verify it.","Yes, occasionally.","Yes, occasionally.",Curiosity,You wait until it becomes mainstream and most people are using it.,Daily,A shortcut (to do the heavy lifting or do my assignments for me).,Agree,Agree,Agree,Disagree,Disagree,Disagree,Disagree,Moderately concerned,Moderately concerned,Moderately concerned,Moderately concerned,Slightly concerned,Agree,Disagree,Agree,Agree,Agree,Agree,sl
31/03/2026 08:21:34,Slovenia,Female,2nd year,3 - Intermediate: I use some AI tools occasionally for simple tasks and understand their basic functions.,Daily,"Solving math/logic problems or coding, Helping with homework / Lesson planning",I review the AI-generated output to identify potential errors and refine the text as necessary.,The AI produced a much better result than I could have.,It is a huge time saver.,A moderate amount of time (I ask for a few adjustments or refinements).,Very confident,"I do a quick search (e.g., Google, Wikipedia) to verify it.","Yes, occasionally.","Yes, frequently.","Anxiety, Curiosity",You wait until it becomes mainstream and most people are using it.,Rarely,A shortcut (to do the heavy lifting or do my assignments for me).,Disagree,Disagree,Agree,Disagree,Disagree,Agree,Strongly Disagree,Very concerned,Very concerned,Very concerned,Very concerned,Very concerned,Strongly Agree,Disagree,Disagree,Disagree,Strongly Agree,Strongly Disagree,sl
31/03/2026 08:21:03,Slovenia,Female,2nd year,3 - Intermediate: I use some AI tools occasionally for simple tasks and understand their basic functions.,A few times a week,"Brainstorming ideas and getting inspiration, Summarizing long documents or articles, Writing/drafting text (emails, essays, reports), Helping with homework / Lesson planning",I use it as a draft or inspiration and rewrite it heavily.,"My original work would have been better, but the AI was faster.",It is a huge time saver.,"A significant amount of time (I engage in long conversations, going back and forth until the output is perfect).",Somewhat confident,"I do a quick search (e.g., Google, Wikipedia) to verify it.","Yes, occasionally.","No, never.","Enthusiasm, Suspicion",You try it out after hearing good things from friends or colleagues.,A few times a week,A smart search engine (to find information quickly and accurately).,Agree,Strongly Disagree,Agree,Disagree,Disagree,Agree,Disagree,Extremely concerned,Not at all concerned,Extremely concerned,Not at all concerned,Very concerned,Agree,Agree,Agree,Strongly Agree,Agree,Agree,sl
31/03/2026 08:20:37,Slovenia,Male,2nd year,3 - Intermediate: I use some AI tools occasionally for simple tasks and understand their basic functions.,A few times a week,"Writing/drafting text (emails, essays, reports), Helping with homework / Lesson planning, Generating images or presentations",I review the AI-generated output to identify potential errors and refine the text as necessary.,The AI and I would have produced a similar result.,"It enriches my work (gives me ideas I wouldn't have had), but takes about the same amount of time.",A moderate amount of time (I ask for a few adjustments or refinements).,Somewhat confident,I trust it completely and use it as is.,"No, never.",I have never paid attention to this aspect.,Curiosity,You wait until it becomes mainstream and most people are using it.,A few times a week,A smart search engine (to find information quickly and accurately).,Agree,Agree,Disagree,Disagree,Agree,Strongly Disagree,Agree,Not at all concerned,Slightly concerned,Slightly concerned,Moderately concerned,Slightly concerned,Disagree,Disagree,Disagree,Disagree,Agree,Agree,sl
31/03/2026 08:19:22,Slovenia,Male,2nd year,3 - Intermediate: I use some AI tools occasionally for simple tasks and understand their basic functions.,Daily,"Brainstorming ideas and getting inspiration, Writing/drafting text (emails, essays, reports), Solving math/logic problems or coding, Generating images or presentations","I read it to check for major errors, but keep it mostly intact.",The AI and I would have produced a similar result.,It is a huge time saver.,A moderate amount of time (I ask for a few adjustments or refinements).,Somewhat confident,I ask the AI itself if it is sure about the answer.,"Yes, occasionally.","Yes, occasionally.","Anxiety, Curiosity, Enthusiasm",You try it out after hearing good things from friends or colleagues.,A few times a week,A personal tutor/mentor (to explain concepts and help me learn).,Agree,Agree,Agree,Disagree,Agree,Agree,Disagree,Moderately concerned,Slightly concerned,Moderately concerned,Moderately concerned,Slightly concerned,Disagree,Disagree,Agree,Disagree,Agree,Agree,sl
31/03/2026 08:06:37,Slovenia,Male,3rd year,3 - Intermediate: I use some AI tools occasionally for simple tasks and understand their basic functions.,A few times a week,Solving math/logic problems or coding,I use it as a draft or inspiration and rewrite it heavily.,The AI produced a much better result than I could have.,"It enriches my work (gives me ideas I wouldn't have had), but takes about the same amount of time.","A significant amount of time (I engage in long conversations, going back and forth until the output is perfect).",Not very confident,I ask the AI itself if it is sure about the answer.,"Yes, occasionally.","No, never.",Enthusiasm,You wait until it becomes mainstream and most people are using it.,A few times a month,A creative assistant/collaborator (to brainstorm and co-create).,Strongly Disagree,Agree,Agree,Agree,Disagree,Strongly Disagree,Strongly Disagree,Not at all concerned,Not at all concerned,Slightly concerned,Not at all concerned,Moderately concerned,Strongly Disagree,Disagree,Strongly Disagree,Agree,Agree,Strongly Disagree,sl
31/03/2026 08:04:19,Slovenia,Male,3rd year,3 - Intermediate: I use some AI tools occasionally for simple tasks and understand their basic functions.,A few times a week,"Translating texts or learning a language, Helping with homework / Lesson planning",I review the AI-generated output to identify potential errors and refine the text as necessary.,"My original work would have been better, but the AI was faster.",It is a huge time saver.,A moderate amount of time (I ask for a few adjustments or refinements).,Somewhat confident,"I do a quick search (e.g., Google, Wikipedia) to verify it.","Yes, occasionally.","Yes, frequently.","Anxiety, Skepticism",You try it out after hearing good things from friends or colleagues.,A few times a week,A smart search engine (to find information quickly and accurately).,Disagree,Agree,Agree,Strongly Disagree,Disagree,Agree,Disagree,Slightly concerned,Very concerned,Extremely concerned,Extremely concerned,Moderately concerned,Disagree,Disagree,Agree,Agree,Disagree,Disagree,sl
31/03/2026 07:58:42,Slovenia,Male,3rd year,"4 - Advanced: I use AI tools regularly for various tasks and have a good understanding of their capabilities, limits, and potential biases.",A few times a week,"Brainstorming ideas and getting inspiration, Writing/drafting text (emails, essays, reports), Solving math/logic problems or coding, Helping with homework / Lesson planning","I read it to check for major errors, but keep it mostly intact.",The AI and I would have produced a similar result.,It is a huge time saver.,A moderate amount of time (I ask for a few adjustments or refinements).,Somewhat confident,"I do a quick search (e.g., Google, Wikipedia) to verify it.","Yes, occasionally.",I have never paid attention to this aspect.,Skepticism,You wait until it becomes mainstream and most people are using it.,A few times a week,A smart search engine (to find information quickly and accurately).,Strongly Disagree,Disagree,Agree,Strongly Agree,Agree,Agree,Strongly Disagree,Moderately concerned,Slightly concerned,Extremely concerned,Slightly concerned,Not at all concerned,Disagree,Disagree,Agree,Agree,Agree,Strongly Disagree,sl
31/03/2026 07:53:58,Slovenia,Male,3rd year,"4 - Advanced: I use AI tools regularly for various tasks and have a good understanding of their capabilities, limits, and potential biases.",A few times a week,"Translating texts or learning a language, Writing/drafting text (emails, essays, reports), Solving math/logic problems or coding, Helping with homework / Lesson planning, Generating images or presentations","I read it to check for major errors, but keep it mostly intact.",The AI produced a much better result than I could have.,It is a huge time saver.,A moderate amount of time (I ask for a few adjustments or refinements).,Somewhat confident,"I do a quick search (e.g., Google, Wikipedia) to verify it.","Yes, occasionally.",I have never paid attention to this aspect.,"Curiosity, Enthusiasm",You try it out after hearing good things from friends or colleagues.,A few times a week,A smart search engine (to find information quickly and accurately).,Agree,Agree,Strongly Agree,Strongly Agree,Agree,Disagree,Disagree,Slightly concerned,Not at all concerned,Moderately concerned,Slightly concerned,Moderately concerned,Disagree,Strongly Agree,Strongly Agree,Agree,Strongly Agree,Disagree,sl
31/03/2026 07:53:56,Slovenia,Female,3rd year,3 - Intermediate: I use some AI tools occasionally for simple tasks and understand their basic functions.,A few times a week,"Brainstorming ideas and getting inspiration, Translating texts or learning a language, Summarizing long documents or articles",I review the AI-generated output to identify potential errors and refine the text as necessary.,The AI and I would have produced a similar result.,"It enriches my work (gives me ideas I wouldn't have had), but takes about the same amount of time.","A significant amount of time (I engage in long conversations, going back and forth until the output is perfect).",Somewhat confident,"I do a quick search (e.g., Google, Wikipedia) to verify it.","Yes, occasionally.",I have never paid attention to this aspect.,"Curiosity, Skepticism",You try it out after hearing good things from friends or colleagues.,A few times a week,A personal tutor/mentor (to explain concepts and help me learn).,Agree,Disagree,Agree,Disagree,Agree,Disagree,Disagree,Slightly concerned,Moderately concerned,Moderately concerned,Slightly concerned,Slightly concerned,Disagree,Agree,Agree,Agree,Agree,Disagree,sl
31/03/2026 07:53:42,Slovenia,Male,3rd year,"4 - Advanced: I use AI tools regularly for various tasks and have a good understanding of their capabilities, limits, and potential biases.",A few times a week,"Translating texts or learning a language, Summarizing long documents or articles, Solving math/logic problems or coding, Helping with homework / Lesson planning, Generating images or presentations",I review the AI-generated output to identify potential errors and refine the text as necessary.,The AI and I would have produced a similar result.,It is a huge time saver.,A moderate amount of time (I ask for a few adjustments or refinements).,Very confident,I trust it completely and use it as is.,"No, never.","Yes, frequently.","Curiosity, Enthusiasm",You only use it if it is strictly required for school or work.,A few times a month,A creative assistant/collaborator (to brainstorm and co-create).,Disagree,Disagree,Disagree,Agree,Agree,Strongly Disagree,Disagree,Not at all concerned,Slightly concerned,Very concerned,Not at all concerned,Extremely concerned,Disagree,Agree,Agree,Agree,Agree,Disagree,sl
31/03/2026 07:52:40,Slovenia,Male,3rd year,3 - Intermediate: I use some AI tools occasionally for simple tasks and understand their basic functions.,A few times a week,"Brainstorming ideas and getting inspiration, Translating texts or learning a language, Summarizing long documents or articles",I review the AI-generated output to identify potential errors and refine the text as necessary.,The AI produced a much better result than I could have.,It is a huge time saver.,A moderate amount of time (I ask for a few adjustments or refinements).,Not at all confident,I ask the AI itself if it is sure about the answer.,"Yes, occasionally.","No, never.","Curiosity, Hope, Enthusiasm",You try it out after hearing good things from friends or colleagues.,A few times a week,A smart search engine (to find information quickly and accurately).,Strongly Disagree,Agree,Strongly Agree,Strongly Agree,Agree,Disagree,Disagree,Extremely concerned,Not at all concerned,Very concerned,Not at all concerned,Extremely concerned,Strongly Disagree,Strongly Agree,Strongly Agree,Strongly Agree,Strongly Agree,Strongly Agree,sl
31/03/2026 07:51:43,Slovenia,Female,3rd year,"2 - Novice: I know the basic concepts and have seen AI tools, but I rarely or never use them myself.",A few times a week,"Brainstorming ideas and getting inspiration, Helping with homework / Lesson planning, Generating images or presentations",I review the AI-generated output to identify potential errors and refine the text as necessary.,"My original work would have been better, but the AI was faster.",It is a huge time saver.,"A significant amount of time (I engage in long conversations, going back and forth until the output is perfect).",Not very confident,I ask the AI itself if it is sure about the answer.,"Yes, occasionally.",I have never paid attention to this aspect.,"Curiosity, Enthusiasm",You wait until it becomes mainstream and most people are using it.,A few times a week,A shortcut (to do the heavy lifting or do my assignments for me).,Disagree,Disagree,Agree,Strongly Disagree,Disagree,Disagree,Agree,Moderately concerned,Moderately concerned,Very concerned,Slightly concerned,Moderately concerned,Agree,Disagree,Agree,Strongly Agree,Disagree,Disagree,sl
31/03/2026 07:51:41,Slovenia,Female,3rd year,3 - Intermediate: I use some AI tools occasionally for simple tasks and understand their basic functions.,A few times a week,"Brainstorming ideas and getting inspiration, Translating texts or learning a language, Helping with homework / Lesson planning",I review the AI-generated output to identify potential errors and refine the text as necessary.,The AI and I would have produced a similar result.,It is a huge time saver.,A moderate amount of time (I ask for a few adjustments or refinements).,Somewhat confident,I ask the AI itself if it is sure about the answer.,"Yes, occasionally.",I have never paid attention to this aspect.,"Curiosity, Skepticism, Enthusiasm",You wait until it becomes mainstream and most people are using it.,A few times a week,A personal tutor/mentor (to explain concepts and help me learn).,Disagree,Agree,Disagree,Agree,Disagree,Strongly Disagree,Disagree,Not at all concerned,Slightly concerned,Slightly concerned,Slightly concerned,Slightly concerned,Agree,Disagree,Disagree,Disagree,Disagree,Disagree,sl
31/03/2026 07:51:22,Slovenia,Male,3rd year,"4 - Advanced: I use AI tools regularly for various tasks and have a good understanding of their capabilities, limits, and potential biases.",Daily,"Writing/drafting text (emails, essays, reports), Solving math/logic problems or coding, Helping with homework / Lesson planning",I review the AI-generated output to identify potential errors and refine the text as necessary.,"My original work would have been better, but the AI was faster.",It is a huge time saver.,"A significant amount of time (I engage in long conversations, going back and forth until the output is perfect).",Somewhat confident,"I do a quick search (e.g., Google, Wikipedia) to verify it.","Yes, occasionally.","No, never.","Curiosity, Hope, Enthusiasm",You try it out after hearing good things from friends or colleagues.,A few times a week,A shortcut (to do the heavy lifting or do my assignments for me).,Strongly Disagree,Strongly Agree,Agree,Strongly Agree,Disagree,Strongly Disagree,Strongly Disagree,Very concerned,Not at all concerned,Slightly concerned,Not at all concerned,Not at all concerned,Strongly Agree,Agree,Agree,Agree,Agree,Strongly Disagree,sl
31/03/2026 07:51:17,Slovenia,Female,3rd year,3 - Intermediate: I use some AI tools occasionally for simple tasks and understand their basic functions.,A few times a week,"Translating texts or learning a language, Solving math/logic problems or coding, Helping with homework / Lesson planning, Generating images or presentations",I only use AI to review or correct content I have entirely written myself.,"My original work would have been better, but the AI was faster.",It is a huge time saver.,"A significant amount of time (I engage in long conversations, going back and forth until the output is perfect).",Very confident,I trust it completely and use it as is.,"No, never.","No, never.","Curiosity, Enthusiasm, Suspicion",You only use it if it is strictly required for school or work.,A few times a week,A personal tutor/mentor (to explain concepts and help me learn).,Disagree,Disagree,Disagree,Agree,Strongly Agree,Disagree,Agree,Slightly concerned,Moderately concerned,Not at all concerned,Not at all concerned,Not at all concerned,Disagree,Disagree,Agree,Agree,Agree,Agree,sl
31/03/2026 07:51:12,Slovenia,Female,3rd year,3 - Intermediate: I use some AI tools occasionally for simple tasks and understand their basic functions.,A few times a week,"Translating texts or learning a language, Helping with homework / Lesson planning",I copy and paste it directly without reading it thoroughly.,The AI produced a much better result than I could have.,It is a huge time saver.,A moderate amount of time (I ask for a few adjustments or refinements).,Not very confident,I ask the AI itself if it is sure about the answer.,"Yes, occasionally.",I have never paid attention to this aspect.,"Anxiety, Skepticism, Suspicion",You wait until it becomes mainstream and most people are using it.,A few times a week,A shortcut (to do the heavy lifting or do my assignments for me).,Disagree,Disagree,Disagree,Agree,Agree,Disagree,Strongly Disagree,Slightly concerned,Very concerned,Moderately concerned,Moderately concerned,Moderately concerned,Strongly Agree,Disagree,Disagree,Disagree,Disagree,Disagree,sl
31/03/2026 07:51:09,Slovenia,Male,3rd year,3 - Intermediate: I use some AI tools occasionally for simple tasks and understand their basic functions.,A few times a week,"Brainstorming ideas and getting inspiration, Translating texts or learning a language, Summarizing long documents or articles, Writing/drafting text (emails, essays, reports)",I use it as a draft or inspiration and rewrite it heavily.,The AI and I would have produced a similar result.,It is a huge time saver.,Very little time (I usually accept the first answer it provides).,Somewhat confident,I systematically check primary and authoritative sources to confirm the data.,"Yes, occasionally.","No, never.","Curiosity, Skepticism, Suspicion",You are one of the first to try it out.,A few times a week,A creative assistant/collaborator (to brainstorm and co-create).,Strongly Disagree,Agree,Agree,Agree,Disagree,Agree,Strongly Disagree,Not at all concerned,Slightly concerned,Slightly concerned,Not at all concerned,Extremely concerned,Disagree,Agree,Agree,Agree,Agree,Agree,sl
31/03/2026 07:50:44,Slovenia,Male,3rd year,"4 - Advanced: I use AI tools regularly for various tasks and have a good understanding of their capabilities, limits, and potential biases.",A few times a week,"Brainstorming ideas and getting inspiration, Translating texts or learning a language, Solving math/logic problems or coding",I review the AI-generated output to identify potential errors and refine the text as necessary.,"My original work would have been better, but the AI was faster.",It is a huge time saver.,A moderate amount of time (I ask for a few adjustments or refinements).,Very confident,"I do a quick search (e.g., Google, Wikipedia) to verify it.","Yes, occasionally.",I have never paid attention to this aspect.,"Curiosity, Skepticism, Suspicion",You wait until it becomes mainstream and most people are using it.,Rarely,A personal tutor/mentor (to explain concepts and help me learn).,Disagree,Disagree,Agree,Strongly Agree,Disagree,Disagree,Agree,Very concerned,Not at all concerned,Moderately concerned,Not at all concerned,Slightly concerned,Agree,Agree,Strongly Agree,Agree,Strongly Agree,Agree,sl
31/03/2026 07:50:35,Slovenia,Female,3rd year,3 - Intermediate: I use some AI tools occasionally for simple tasks and understand their basic functions.,Daily,"Brainstorming ideas and getting inspiration, Translating texts or learning a language, Summarizing long documents or articles",I review the AI-generated output to identify potential errors and refine the text as necessary.,The AI produced a much better result than I could have.,It is a huge time saver.,A moderate amount of time (I ask for a few adjustments or refinements).,Very confident,"I do a quick search (e.g., Google, Wikipedia) to verify it.","Yes, occasionally.","Yes, occasionally.",Other (concern),You wait until it becomes mainstream and most people are using it.,Daily,A personal tutor/mentor (to explain concepts and help me learn).,Strongly Disagree,Agree,Disagree,Disagree,Disagree,Strongly Disagree,Disagree,Moderately concerned,Extremely concerned,Very concerned,Moderately concerned,Slightly concerned,Strongly Disagree,Disagree,Strongly Agree,Strongly Agree,Agree,Agree,sl
31/03/2026 07:50:24,Slovenia,Female,3rd year,3 - Intermediate: I use some AI tools occasionally for simple tasks and understand their basic functions.,A few times a week,"Brainstorming ideas and getting inspiration, Translating texts or learning a language, Summarizing long documents or articles, Helping with homework / Lesson planning","I read it to check for major errors, but keep it mostly intact.",The AI produced a much better result than I could have.,It is a huge time saver.,A moderate amount of time (I ask for a few adjustments or refinements).,Somewhat confident,"I do a quick search (e.g., Google, Wikipedia) to verify it.","Yes, occasionally.",I have never paid attention to this aspect.,"Curiosity, Fear, Suspicion",You try it out after hearing good things from friends or colleagues.,A few times a week,A shortcut (to do the heavy lifting or do my assignments for me).,Disagree,Disagree,Agree,Agree,Agree,Disagree,Strongly Disagree,Slightly concerned,Moderately concerned,Slightly concerned,Slightly concerned,Moderately concerned,Agree,Agree,Disagree,Agree,Agree,Agree,sl
31/03/2026 07:50:20,Slovenia,Male,4th year,"4 - Advanced: I use AI tools regularly for various tasks and have a good understanding of their capabilities, limits, and potential biases.",Daily,"Summarizing long documents or articles, Writing/drafting text (emails, essays, reports), Helping with homework / Lesson planning","I read it to check for major errors, but keep it mostly intact.",The AI and I would have produced a similar result.,It is a huge time saver.,A moderate amount of time (I ask for a few adjustments or refinements).,Somewhat confident,"I do a quick search (e.g., Google, Wikipedia) to verify it.","Yes, occasionally.","Yes, occasionally.","Curiosity, Hope, Enthusiasm",You are one of the first to try it out.,Daily,A shortcut (to do the heavy lifting or do my assignments for me).,Disagree,Agree,Agree,Disagree,Agree,Agree,Disagree,Slightly concerned,Slightly concerned,Moderately concerned,Slightly concerned,Slightly concerned,Agree,Agree,Agree,Agree,Agree,Agree,sl
31/03/2026 07:49:40,Slovenia,Male,3rd year,"4 - Advanced: I use AI tools regularly for various tasks and have a good understanding of their capabilities, limits, and potential biases.",Daily,"Translating texts or learning a language, Solving math/logic problems or coding, Helping with homework / Lesson planning",I review the AI-generated output to identify potential errors and refine the text as necessary.,The AI produced a much better result than I could have.,It is a huge time saver.,A moderate amount of time (I ask for a few adjustments or refinements).,Somewhat confident,I ask the AI itself if it is sure about the answer.,"Yes, occasionally.",I have never paid attention to this aspect.,"Hope, Enthusiasm",You try it out after hearing good things from friends or colleagues.,A few times a week,A smart search engine (to find information quickly and accurately).,Disagree,Disagree,Strongly Disagree,Strongly Disagree,Disagree,Disagree,Agree,Slightly concerned,Slightly concerned,Slightly concerned,Moderately concerned,Slightly concerned,Disagree,Strongly Disagree,Strongly Disagree,Strongly Disagree,Strongly Disagree,Strongly Disagree,sl
31/03/2026 07:49:35,Slovenia,Female,3rd year,3 - Intermediate: I use some AI tools occasionally for simple tasks and understand their basic functions.,Rarely,"Brainstorming ideas and getting inspiration, Translating texts or learning a language, Writing/drafting text (emails, essays, reports), Solving math/logic problems or coding, Helping with homework / Lesson planning","I read it to check for major errors, but keep it mostly intact.","My original work would have been better, but the AI was faster.",It is a huge time saver.,A moderate amount of time (I ask for a few adjustments or refinements).,Very confident,I ask the AI itself if it is sure about the answer.,"Yes, frequently.","Yes, frequently.","Fear, Skepticism, Suspicion",You wait until it becomes mainstream and most people are using it.,Rarely,A shortcut (to do the heavy lifting or do my assignments for me).,Disagree,Strongly Disagree,Disagree,Strongly Disagree,Disagree,Disagree,Disagree,Very concerned,Very concerned,Extremely concerned,Extremely concerned,Extremely concerned,Strongly Agree,Strongly Disagree,Strongly Disagree,Strongly Disagree,Strongly Disagree,Strongly Disagree,sl
31/03/2026 07:49:15,Slovenia,Female,3rd year,3 - Intermediate: I use some AI tools occasionally for simple tasks and understand their basic functions.,Daily,"Brainstorming ideas and getting inspiration, Translating texts or learning a language, Summarizing long documents or articles, Writing/drafting text (emails, essays, reports), Solving math/logic problems or coding, Helping with homework / Lesson planning",I review the AI-generated output to identify potential errors and refine the text as necessary.,The AI and I would have produced a similar result.,It is a huge time saver.,"A significant amount of time (I engage in long conversations, going back and forth until the output is perfect).",Very confident,I ask the AI itself if it is sure about the answer.,"Yes, frequently.","Yes, frequently.","Curiosity, Hope, Enthusiasm",You try it out after hearing good things from friends or colleagues.,Daily,A shortcut (to do the heavy lifting or do my assignments for me).,Agree,Agree,Agree,Agree,Disagree,Agree,Disagree,Slightly concerned,Slightly concerned,Slightly concerned,Slightly concerned,Not at all concerned,Agree,Agree,Agree,Agree,Agree,Agree,sl
31/03/2026 07:48:46,Slovenia,Female,3rd year,"4 - Advanced: I use AI tools regularly for various tasks and have a good understanding of their capabilities, limits, and potential biases.",Daily,"Translating texts or learning a language, Summarizing long documents or articles, Helping with homework / Lesson planning",I review the AI-generated output to identify potential errors and refine the text as necessary.,The AI and I would have produced a similar result.,"It enriches my work (gives me ideas I wouldn't have had), but takes about the same amount of time.",A moderate amount of time (I ask for a few adjustments or refinements).,Not very confident,"I do a quick search (e.g., Google, Wikipedia) to verify it.","Yes, occasionally.","Yes, occasionally.","Curiosity, Hope, Skepticism",You are one of the first to try it out.,Rarely,A smart search engine (to find information quickly and accurately).,Agree,Strongly Disagree,Disagree,Agree,Agree,Strongly Agree,Agree,Slightly concerned,Slightly concerned,Not at all concerned,Moderately concerned,Slightly concerned,Agree,Disagree,Agree,Disagree,Agree,Agree,sl
30/03/2026 20:48:17,Slovenia,Male,3rd year,3 - Intermediate: I use some AI tools occasionally for simple tasks and understand their basic functions.,A few times a week,"Writing/drafting text (emails, essays, reports), Solving math/logic problems or coding",I review the AI-generated output to identify potential errors and refine the text as necessary.,"My original work would have been better, but the AI was faster.",It has no significant impact on my time or effort.,"A significant amount of time (I engage in long conversations, going back and forth until the output is perfect).",Not very confident,"I do a quick search (e.g., Google, Wikipedia) to verify it.","Yes, occasionally.","Yes, occasionally.","Anxiety, Curiosity, Hope, Suspicion",You wait until it becomes mainstream and most people are using it.,A few times a week,A personal tutor/mentor (to explain concepts and help me learn).,Agree,Disagree,Disagree,Disagree,Disagree,Disagree,Disagree,Slightly concerned,Slightly concerned,Slightly concerned,Not at all concerned,Not at all concerned,Agree,Disagree,Disagree,Disagree,Agree,Agree,sl
30/03/2026 20:46:23,Portugal,Male,3rd year,3 - Intermediate: I use some AI tools occasionally for simple tasks and understand their basic functions.,A few times a week,"Brainstorming ideas and getting inspiration, Helping with homework / Lesson planning",I use it as a draft or inspiration and rewrite it heavily.,The AI and I would have produced a similar result.,It has no significant impact on my time or effort.,A moderate amount of time (I ask for a few adjustments or refinements).,Somewhat confident,I ask the AI itself if it is sure about the answer.,"Yes, occasionally.","No, never.","Curiosity, Suspicion",You try it out after hearing good things from friends or colleagues.,A few times a week,A creative assistant/collaborator (to brainstorm and co-create).,Agree,Agree,Agree,Agree,Agree,Agree,Agree,Slightly concerned,Slightly concerned,Slightly concerned,Slightly concerned,Slightly concerned,Agree,Agree,Agree,Agree,Agree,Agree,sl
30/03/2026 20:44:50,Slovenia,Male,3rd year,"4 - Advanced: I use AI tools regularly for various tasks and have a good understanding of their capabilities, limits, and potential biases.",A few times a week,"Brainstorming ideas and getting inspiration, Translating texts or learning a language, Summarizing long documents or articles, Writing/drafting text (emails, essays, reports), Solving math/logic problems or coding, Helping with homework / Lesson planning, Generating images or presentations","I read it to check for major errors, but keep it mostly intact.","My original work would have been better, but the AI was faster.","It enriches my work (gives me ideas I wouldn't have had), but takes about the same amount of time.",A moderate amount of time (I ask for a few adjustments or refinements).,Somewhat confident,I ask the AI itself if it is sure about the answer.,"Yes, occasionally.","Yes, occasionally.","Curiosity, Enthusiasm",You try it out after hearing good things from friends or colleagues.,A few times a month,A personal tutor/mentor (to explain concepts and help me learn).,Agree,Agree,Agree,Agree,Agree,Agree,Agree,Slightly concerned,Slightly concerned,Slightly concerned,Slightly concerned,Very concerned,Agree,Agree,Agree,Agree,Agree,Agree,sl
30/03/2026 20:44:29,Portugal,Male,3rd year,3 - Intermediate: I use some AI tools occasionally for simple tasks and understand their basic functions.,A few times a week,"Translating texts or learning a language, Summarizing long documents or articles, Generating images or presentations","I read it to check for major errors, but keep it mostly intact.",The AI produced a much better result than I could have.,It is a huge time saver.,Very little time (I usually accept the first answer it provides).,Very confident,I trust it completely and use it as is.,"No, never.","No, never.",Anxiety,You try it out after hearing good things from friends or colleagues.,A few times a week,A smart search engine (to find information quickly and accurately).,Strongly Disagree,Agree,Disagree,Agree,Agree,Agree,Disagree,Very concerned,Very concerned,Very concerned,Slightly concerned,Moderately concerned,Disagree,Agree,Agree,Agree,Agree,Agree,sl
30/03/2026 20:29:20,Slovenia,Male,3rd year,3 - Intermediate: I use some AI tools occasionally for simple tasks and understand their basic functions.,Rarely,Summarizing long documents or articles,"I read it to check for major errors, but keep it mostly intact.",The AI and I would have produced a similar result.,"It enriches my work (gives me ideas I wouldn't have had), but takes about the same amount of time.",It takes so much time that sometimes I just give up and do the work myself.,Somewhat confident,"I do a quick search (e.g., Google, Wikipedia) to verify it.","Yes, occasionally.","Yes, occasionally.",Hope,You try it out after hearing good things from friends or colleagues.,A few times a week,A personal tutor/mentor (to explain concepts and help me learn).,Disagree,Strongly Disagree,Strongly Disagree,Disagree,Agree,Disagree,Disagree,Slightly concerned,Slightly concerned,Not at all concerned,Moderately concerned,Slightly concerned,Disagree,Disagree,Strongly Disagree,Agree,Disagree,Strongly Disagree,sl
30/03/2026 12:17:23,Slovenia,Female,4th year,"4 - Advanced: I use AI tools regularly for various tasks and have a good understanding of their capabilities, limits, and potential biases.",Daily,"Brainstorming ideas and getting inspiration, Translating texts or learning a language, Summarizing long documents or articles, Helping with homework / Lesson planning, Generating images or presentations",I review the AI-generated output to identify potential errors and refine the text as necessary.,"My original work would have been better, but the AI was faster.",It is a huge time saver.,A moderate amount of time (I ask for a few adjustments or refinements).,Somewhat confident,"I do a quick search (e.g., Google, Wikipedia) to verify it.","Yes, frequently.",I have never paid attention to this aspect.,"Anxiety, Skepticism",You wait until it becomes mainstream and most people are using it.,A few times a week,A shortcut (to do the heavy lifting or do my assignments for me).,Agree,Disagree,Disagree,Strongly Disagree,Disagree,Agree,Strongly Disagree,Slightly concerned,Moderately concerned,Very concerned,Moderately concerned,Extremely concerned,Disagree,Agree,Strongly Agree,Strongly Agree,Disagree,Disagree,sl
30/03/2026 12:16:54,Slovenia,Male,4th year,3 - Intermediate: I use some AI tools occasionally for simple tasks and understand their basic functions.,A few times a week,"Summarizing long documents or articles, Solving math/logic problems or coding, Helping with homework / Lesson planning",I use it as a draft or inspiration and rewrite it heavily.,"My original work would have been better, but the AI was faster.",It is a huge time saver.,A moderate amount of time (I ask for a few adjustments or refinements).,Somewhat confident,"I do a quick search (e.g., Google, Wikipedia) to verify it.","Yes, occasionally.",I have never paid attention to this aspect.,"Anxiety, Hope, Enthusiasm",You try it out after hearing good things from friends or colleagues.,A few times a month,A smart search engine (to find information quickly and accurately).,Disagree,Agree,Disagree,Agree,Disagree,Disagree,Disagree,Slightly concerned,Slightly concerned,Moderately concerned,Not at all concerned,Moderately concerned,Agree,Agree,Agree,Agree,Strongly Agree,Agree,sl
30/03/2026 12:16:45,Slovenia,Male,4th year,3 - Intermediate: I use some AI tools occasionally for simple tasks and understand their basic functions.,A few times a week,"Brainstorming ideas and getting inspiration, Translating texts or learning a language, Writing/drafting text (emails, essays, reports), Generating images or presentations",I copy and paste it directly without reading it thoroughly.,"My original work would have been better, but the AI was faster.","It enriches my work (gives me ideas I wouldn't have had), but takes about the same amount of time.","A significant amount of time (I engage in long conversations, going back and forth until the output is perfect).",Not very confident,"I do a quick search (e.g., Google, Wikipedia) to verify it.","Yes, occasionally.","Yes, occasionally.","Anxiety, Fear, Hope, Suspicion",You wait until it becomes mainstream and most people are using it.,A few times a week,A personal tutor/mentor (to explain concepts and help me learn).,Agree,Disagree,Agree,Agree,Strongly Disagree,Disagree,Agree,Slightly concerned,Not at all concerned,Extremely concerned,Extremely concerned,Moderately concerned,Agree,Disagree,Strongly Agree,Agree,Agree,Disagree,sl
30/03/2026 12:16:26,Slovenia,Female,4th year,"4 - Advanced: I use AI tools regularly for various tasks and have a good understanding of their capabilities, limits, and potential biases.",Daily,"Translating texts or learning a language, Writing/drafting text (emails, essays, reports), Helping with homework / Lesson planning",I use it as a draft or inspiration and rewrite it heavily.,"My original work would have been better, but the AI was faster.","It enriches my work (gives me ideas I wouldn't have had), but takes about the same amount of time.",A moderate amount of time (I ask for a few adjustments or refinements).,Somewhat confident,"I do a quick search (e.g., Google, Wikipedia) to verify it.","Yes, occasionally.","Yes, occasionally.","Fear, Skepticism, Suspicion",You wait until it becomes mainstream and most people are using it.,A few times a week,A creative assistant/collaborator (to brainstorm and co-create).,Agree,Disagree,Disagree,Strongly Disagree,Disagree,Agree,Agree,Very concerned,Very concerned,Very concerned,Very concerned,Very concerned,Agree,Agree,Agree,Agree,Disagree,Disagree,sl
30/03/2026 12:16:17,Slovenia,Female,4th year,"4 - Advanced: I use AI tools regularly for various tasks and have a good understanding of their capabilities, limits, and potential biases.",A few times a week,"Brainstorming ideas and getting inspiration, Summarizing long documents or articles, Writing/drafting text (emails, essays, reports)",I use it as a draft or inspiration and rewrite it heavily.,The AI produced a much better result than I could have.,It is a huge time saver.,"A significant amount of time (I engage in long conversations, going back and forth until the output is perfect).",Very confident,I systematically check primary and authoritative sources to confirm the data.,"Yes, occasionally.","Yes, occasionally.","Curiosity, Skepticism",You only use it if it is strictly required for school or work.,A few times a month,A shortcut (to do the heavy lifting or do my assignments for me).,Disagree,Disagree,Agree,Strongly Disagree,Strongly Disagree,Agree,Strongly Disagree,Very concerned,Moderately concerned,Very concerned,Slightly concerned,Not at all concerned,Agree,Agree,Disagree,Agree,Agree,Agree,sl
30/03/2026 12:15:49,Italy,Male,4th year,"4 - Advanced: I use AI tools regularly for various tasks and have a good understanding of their capabilities, limits, and potential biases.",Daily,"Brainstorming ideas and getting inspiration, Translating texts or learning a language, Summarizing long documents or articles, Writing/drafting text (emails, essays, reports), Solving math/logic problems or coding, Helping with homework / Lesson planning, Generating images or presentations",I use it as a draft or inspiration and rewrite it heavily.,"My original work would have been better, but the AI was faster.",It is a huge time saver.,"A significant amount of time (I engage in long conversations, going back and forth until the output is perfect).",Very confident,"I do a quick search (e.g., Google, Wikipedia) to verify it.","No, never.","No, never.","Anxiety, Curiosity, Hope, Skepticism, Enthusiasm",You are one of the first to try it out.,Daily,A smart search engine (to find information quickly and accurately).,Strongly Disagree,Strongly Disagree,Strongly Agree,Agree,Strongly Disagree,Strongly Agree,Strongly Disagree,Extremely concerned,Moderately concerned,Moderately concerned,Very concerned,Extremely concerned,Agree,Agree,Strongly Agree,Strongly Agree,Strongly Agree,Agree,sl
30/03/2026 12:15:48,Slovenia,Female,4th year,"4 - Advanced: I use AI tools regularly for various tasks and have a good understanding of their capabilities, limits, and potential biases.",Daily,"Summarizing long documents or articles, Writing/drafting text (emails, essays, reports), Helping with homework / Lesson planning",I review the AI-generated output to identify potential errors and refine the text as necessary.,"My original work would have been better, but the AI was faster.",It is a huge time saver.,It takes so much time that sometimes I just give up and do the work myself.,Somewhat confident,"I do a quick search (e.g., Google, Wikipedia) to verify it.","Yes, frequently.","No, never.","Skepticism, Suspicion",You try it out after hearing good things from friends or colleagues.,Daily,A shortcut (to do the heavy lifting or do my assignments for me).,Disagree,Disagree,Strongly Agree,Disagree,Strongly Disagree,Agree,Strongly Disagree,Extremely concerned,Extremely concerned,Very concerned,Moderately concerned,Extremely concerned,Strongly Agree,Strongly Agree,Strongly Agree,Strongly Agree,Strongly Agree,Strongly Agree,sl
30/03/2026 12:15:21,Slovenia,Female,4th year,"4 - Advanced: I use AI tools regularly for various tasks and have a good understanding of their capabilities, limits, and potential biases.",A few times a week,"Brainstorming ideas and getting inspiration, Translating texts or learning a language, Writing/drafting text (emails, essays, reports)",I use it as a draft or inspiration and rewrite it heavily.,The AI produced a much better result than I could have.,"It enriches my work (gives me ideas I wouldn't have had), but takes about the same amount of time.",A moderate amount of time (I ask for a few adjustments or refinements).,Somewhat confident,I systematically check primary and authoritative sources to confirm the data.,"No, never.",I have never paid attention to this aspect.,"Fear, Skepticism, Suspicion",You wait until it becomes mainstream and most people are using it.,A few times a week,A creative assistant/collaborator (to brainstorm and co-create).,Strongly Disagree,Disagree,Disagree,Strongly Agree,Disagree,Strongly Disagree,Strongly Disagree,Very concerned,Extremely concerned,Slightly concerned,Not at all concerned,Very concerned,Agree,Disagree,Disagree,Agree,Agree,Disagree,sl
30/03/2026 12:15:15,Slovenia,Male,4th year,"4 - Advanced: I use AI tools regularly for various tasks and have a good understanding of their capabilities, limits, and potential biases.",A few times a week,"Brainstorming ideas and getting inspiration, Writing/drafting text (emails, essays, reports), Helping with homework / Lesson planning",I review the AI-generated output to identify potential errors and refine the text as necessary.,The AI and I would have produced a similar result.,It is a huge time saver.,A moderate amount of time (I ask for a few adjustments or refinements).,Not very confident,"I do a quick search (e.g., Google, Wikipedia) to verify it.","No, never.","Yes, occasionally.","Curiosity, Skepticism, Suspicion",You try it out after hearing good things from friends or colleagues.,A few times a week,A creative assistant/collaborator (to brainstorm and co-create).,Disagree,Agree,Disagree,Agree,Disagree,Agree,Agree,Moderately concerned,Not at all concerned,Moderately concerned,Extremely concerned,Very concerned,Agree,Strongly Agree,Agree,Agree,Strongly Agree,Disagree,sl
30/03/2026 12:14:33,Slovenia,Male,4th year,"4 - Advanced: I use AI tools regularly for various tasks and have a good understanding of their capabilities, limits, and potential biases.",Daily,"Brainstorming ideas and getting inspiration, Translating texts or learning a language, Summarizing long documents or articles, Writing/drafting text (emails, essays, reports), Solving math/logic problems or coding, Helping with homework / Lesson planning, Generating images or presentations","I read it to check for major errors, but keep it mostly intact.",The AI produced a much better result than I could have.,It is a huge time saver.,A moderate amount of time (I ask for a few adjustments or refinements).,Somewhat confident,I ask the AI itself if it is sure about the answer.,"Yes, occasionally.","Yes, occasionally.","Anxiety, Fear, Skepticism, Enthusiasm",You try it out after hearing good things from friends or colleagues.,A few times a week,A smart search engine (to find information quickly and accurately).,Agree,Agree,Disagree,Agree,Disagree,Agree,Disagree,Slightly concerned,Extremely concerned,Very concerned,Slightly concerned,Moderately concerned,Agree,Disagree,Agree,Agree,Disagree,Strongly Disagree,sl
30/03/2026 12:13:59,Slovenia,Female,4th year,"4 - Advanced: I use AI tools regularly for various tasks and have a good understanding of their capabilities, limits, and potential biases.",Daily,"Translating texts or learning a language, Summarizing long documents or articles, Writing/drafting text (emails, essays, reports), Helping with homework / Lesson planning",I copy and paste it directly without reading it thoroughly.,"My original work would have been better, but the AI was faster.",It is a huge time saver.,A moderate amount of time (I ask for a few adjustments or refinements).,Somewhat confident,I ask the AI itself if it is sure about the answer.,"Yes, occasionally.","No, never.","Hope, Skepticism, Enthusiasm",You try it out after hearing good things from friends or colleagues.,A few times a month,A creative assistant/collaborator (to brainstorm and co-create).,Disagree,Disagree,Agree,Disagree,Strongly Disagree,Disagree,Agree,Slightly concerned,Not at all concerned,Not at all concerned,Slightly concerned,Moderately concerned,Agree,Disagree,Strongly Disagree,Agree,Agree,Disagree,sl
30/03/2026 12:11:33,Slovenia,Female,4th year,3 - Intermediate: I use some AI tools occasionally for simple tasks and understand their basic functions.,Daily,"Brainstorming ideas and getting inspiration, Translating texts or learning a language, Writing/drafting text (emails, essays, reports)",I use it as a draft or inspiration and rewrite it heavily.,"The AI's output was poor/incorrect, and I had to redo most of it.",It is a huge time saver.,"A significant amount of time (I engage in long conversations, going back and forth until the output is perfect).",Not very confident,I systematically check primary and authoritative sources to confirm the data.,"Yes, occasionally.","No, never.","Anxiety, Curiosity",You wait until it becomes mainstream and most people are using it.,A few times a month,A personal tutor/mentor (to explain concepts and help me learn).,Agree,Strongly Disagree,Disagree,Strongly Disagree,Disagree,Strongly Disagree,Disagree,Slightly concerned,Slightly concerned,Slightly concerned,Slightly concerned,Slightly concerned,Disagree,Disagree,Disagree,Disagree,Disagree,Disagree,sl
30/03/2026 12:11:31,Slovenia,Non-binary,4th year,"5 - Expert: I have a deep understanding of how AI works, use it extensively, and could comfortably teach others how to use it responsibly.",Daily,"Translating texts or learning a language, Helping with homework / Lesson planning, Generating images or presentations","I read it to check for major errors, but keep it mostly intact.",The AI produced a much better result than I could have.,It is a waste of time (I spend more time prompting and correcting than doing it myself).,"A significant amount of time (I engage in long conversations, going back and forth until the output is perfect).",Not at all confident,I systematically check primary and authoritative sources to confirm the data.,I didn't know AI could do that.,I have never paid attention to this aspect.,"Anxiety, Hope, Skepticism",You wait until it becomes mainstream and most people are using it.,A few times a week,A personal tutor/mentor (to explain concepts and help me learn).,Strongly Agree,Agree,Agree,Disagree,Agree,Strongly Disagree,Agree,Moderately concerned,Not at all concerned,Slightly concerned,Moderately concerned,Moderately concerned,Agree,Strongly Disagree,Agree,Agree,Agree,Agree,sl
30/03/2026 11:53:51,Slovenia,Female,3rd year,"4 - Advanced: I use AI tools regularly for various tasks and have a good understanding of their capabilities, limits, and potential biases.",Daily,"Brainstorming ideas and getting inspiration, Translating texts or learning a language, Summarizing long documents or articles, Writing/drafting text (emails, essays, reports), Solving math/logic problems or coding, Helping with homework / Lesson planning, Generating images or presentations, I do not use AI tools",I review the AI-generated output to identify potential errors and refine the text as necessary.,The AI and I would have produced a similar result.,It is a huge time saver.,A moderate amount of time (I ask for a few adjustments or refinements).,Somewhat confident,I trust it completely and use it as is.,"Yes, occasionally.","No, never.","Curiosity, Hope, Skepticism, Enthusiasm",You are one of the first to try it out.,Daily,A creative assistant/collaborator (to brainstorm and co-create).,Agree,Agree,Disagree,Agree,Agree,Disagree,Strongly Agree,Slightly concerned,Slightly concerned,Slightly concerned,Moderately concerned,Very concerned,Disagree,Agree,Disagree,Agree,Disagree,Disagree,sl
30/03/2026 11:51:55,Slovenia,Female,3rd year,3 - Intermediate: I use some AI tools occasionally for simple tasks and understand their basic functions.,A few times a week,"Brainstorming ideas and getting inspiration, Translating texts or learning a language, Helping with homework / Lesson planning",I use it as a draft or inspiration and rewrite it heavily.,The AI and I would have produced a similar result.,"It enriches my work (gives me ideas I wouldn't have had), but takes about the same amount of time.","A significant amount of time (I engage in long conversations, going back and forth until the output is perfect).",Somewhat confident,"I do a quick search (e.g., Google, Wikipedia) to verify it.","Yes, occasionally.",I have never paid attention to this aspect.,"Anxiety, Curiosity, Enthusiasm",You try it out after hearing good things from friends or colleagues.,A few times a week,A creative assistant/collaborator (to brainstorm and co-create).,Agree,Disagree,Agree,Disagree,Disagree,Agree,Disagree,Very concerned,Moderately concerned,Extremely concerned,Slightly concerned,Slightly concerned,Disagree,Agree,Agree,Agree,Disagree,Disagree,sl
30/03/2026 11:51:35,Slovenia,Female,3rd year,3 - Intermediate: I use some AI tools occasionally for simple tasks and understand their basic functions.,A few times a week,"Brainstorming ideas and getting inspiration, Translating texts or learning a language, Summarizing long documents or articles, Writing/drafting text (emails, essays, reports), Solving math/logic problems or coding, Helping with homework / Lesson planning, Generating images or presentations",I review the AI-generated output to identify potential errors and refine the text as necessary.,"My original work would have been better, but the AI was faster.",It is a huge time saver.,A moderate amount of time (I ask for a few adjustments or refinements).,Somewhat confident,"I do a quick search (e.g., Google, Wikipedia) to verify it.","Yes, frequently.",I have never paid attention to this aspect.,"Curiosity, Skepticism",You try it out after hearing good things from friends or colleagues.,A few times a week,A shortcut (to do the heavy lifting or do my assignments for me).,Agree,Disagree,Agree,Disagree,Disagree,Agree,Strongly Disagree,Slightly concerned,Slightly concerned,Slightly concerned,Slightly concerned,Slightly concerned,Disagree,Agree,Disagree,Disagree,Agree,Agree,sl
30/03/2026 11:50:20,Slovenia,Female,3rd year,3 - Intermediate: I use some AI tools occasionally for simple tasks and understand their basic functions.,A few times a week,"Brainstorming ideas and getting inspiration, Translating texts or learning a language, Summarizing long documents or articles, Writing/drafting text (emails, essays, reports), Solving math/logic problems or coding, Helping with homework / Lesson planning, Generating images or presentations",I use it as a draft or inspiration and rewrite it heavily.,The AI and I would have produced a similar result.,It is a huge time saver.,A moderate amount of time (I ask for a few adjustments or refinements).,Somewhat confident,"I do a quick search (e.g., Google, Wikipedia) to verify it.","Yes, occasionally.",I have never paid attention to this aspect.,"Curiosity, Skepticism, Enthusiasm",You try it out after hearing good things from friends or colleagues.,A few times a week,A shortcut (to do the heavy lifting or do my assignments for me).,Agree,Agree,Agree,Agree,Disagree,Agree,Strongly Disagree,Moderately concerned,Slightly concerned,Slightly concerned,Moderately concerned,Moderately concerned,Disagree,Agree,Agree,Agree,Disagree,Disagree,sl
30/03/2026 11:49:07,Slovenia,Female,3rd year,"4 - Advanced: I use AI tools regularly for various tasks and have a good understanding of their capabilities, limits, and potential biases.",Daily,"Summarizing long documents or articles, Writing/drafting text (emails, essays, reports), Helping with homework / Lesson planning",I review the AI-generated output to identify potential errors and refine the text as necessary.,"My original work would have been better, but the AI was faster.",It is a huge time saver.,A moderate amount of time (I ask for a few adjustments or refinements).,Very confident,I ask the AI itself if it is sure about the answer.,"Yes, occasionally.",I have never paid attention to this aspect.,"Curiosity, Hope, Skepticism",You try it out after hearing good things from friends or colleagues.,Daily,A personal tutor/mentor (to explain concepts and help me learn).,Disagree,Disagree,Strongly Agree,Strongly Disagree,Agree,Agree,Strongly Disagree,Moderately concerned,Moderately concerned,Moderately concerned,Moderately concerned,Moderately concerned,Agree,Agree,Disagree,Agree,Disagree,Agree,sl
30/03/2026 11:48:32,Slovenia,Female,3rd year,"4 - Advanced: I use AI tools regularly for various tasks and have a good understanding of their capabilities, limits, and potential biases.",Daily,"Brainstorming ideas and getting inspiration, Translating texts or learning a language, Summarizing long documents or articles, Writing/drafting text (emails, essays, reports), Solving math/logic problems or coding, Helping with homework / Lesson planning, Generating images or presentations",I only use AI to review or correct content I have entirely written myself.,The AI and I would have produced a similar result.,It is a huge time saver.,Very little time (I usually accept the first answer it provides).,Somewhat confident,"I do a quick search (e.g., Google, Wikipedia) to verify it.","Yes, occasionally.",I have never paid attention to this aspect.,"Curiosity, Skepticism",You try it out after hearing good things from friends or colleagues.,A few times a week,A personal tutor/mentor (to explain concepts and help me learn).,Agree,Agree,Agree,Strongly Disagree,Strongly Disagree,Disagree,Disagree,Slightly concerned,Slightly concerned,Slightly concerned,Not at all concerned,Slightly concerned,Strongly Disagree,Agree,Agree,Agree,Agree,Agree,sl
30/03/2026 11:48:23,Slovenia,Female,3rd year,3 - Intermediate: I use some AI tools occasionally for simple tasks and understand their basic functions.,A few times a week,"Brainstorming ideas and getting inspiration, Translating texts or learning a language, Helping with homework / Lesson planning",I review the AI-generated output to identify potential errors and refine the text as necessary.,"My original work would have been better, but the AI was faster.",It is a huge time saver.,It takes so much time that sometimes I just give up and do the work myself.,Not very confident,"I do a quick search (e.g., Google, Wikipedia) to verify it.","Yes, occasionally.",I have never paid attention to this aspect.,"Anxiety, Curiosity, Enthusiasm, Suspicion",You wait until it becomes mainstream and most people are using it.,A few times a month,A personal tutor/mentor (to explain concepts and help me learn).,Disagree,Agree,Disagree,Strongly Agree,Agree,Agree,Agree,Slightly concerned,Moderately concerned,Moderately concerned,Slightly concerned,Moderately concerned,Disagree,Strongly Disagree,Disagree,Strongly Agree,Strongly Agree,Agree,sl
30/03/2026 11:48:17,Slovenia,Female,3rd year,"4 - Advanced: I use AI tools regularly for various tasks and have a good understanding of their capabilities, limits, and potential biases.",Daily,"Brainstorming ideas and getting inspiration, Translating texts or learning a language, Writing/drafting text (emails, essays, reports), Solving math/logic problems or coding, Helping with homework / Lesson planning",I review the AI-generated output to identify potential errors and refine the text as necessary.,The AI produced a much better result than I could have.,It is a huge time saver.,A moderate amount of time (I ask for a few adjustments or refinements).,Somewhat confident,"I do a quick search (e.g., Google, Wikipedia) to verify it.","No, never.","No, never.",Enthusiasm,You try it out after hearing good things from friends or colleagues.,Daily,A smart search engine (to find information quickly and accurately).,Agree,Agree,Disagree,Disagree,Agree,Disagree,Disagree,Not at all concerned,Moderately concerned,Very concerned,Extremely concerned,Extremely concerned,Agree,Strongly Agree,Strongly Agree,Strongly Agree,Strongly Agree,Agree,sl
30/03/2026 11:48:13,Slovenia,Female,3rd year,"4 - Advanced: I use AI tools regularly for various tasks and have a good understanding of their capabilities, limits, and potential biases.",Daily,"Translating texts or learning a language, Summarizing long documents or articles, Solving math/logic problems or coding",I review the AI-generated output to identify potential errors and refine the text as necessary.,The AI produced a much better result than I could have.,It is a huge time saver.,A moderate amount of time (I ask for a few adjustments or refinements).,Somewhat confident,"I do a quick search (e.g., Google, Wikipedia) to verify it.","No, never.",I have never paid attention to this aspect.,"Curiosity, Fear, Skepticism",You try it out after hearing good things from friends or colleagues.,A few times a week,A personal tutor/mentor (to explain concepts and help me learn).,Disagree,Disagree,Agree,Disagree,Agree,Disagree,Disagree,Moderately concerned,Moderately concerned,Moderately concerned,Moderately concerned,Moderately concerned,Agree,Disagree,Agree,Agree,Agree,Agree,sl
30/03/2026 11:48:07,Slovenia,Female,3rd year,3 - Intermediate: I use some AI tools occasionally for simple tasks and understand their basic functions.,Daily,"Summarizing long documents or articles, Writing/drafting text (emails, essays, reports), Solving math/logic problems or coding, Helping with homework / Lesson planning, Generating images or presentations",I use it as a draft or inspiration and rewrite it heavily.,The AI produced a much better result than I could have.,"It enriches my work (gives me ideas I wouldn't have had), but takes about the same amount of time.","A significant amount of time (I engage in long conversations, going back and forth until the output is perfect).",Very confident,I ask the AI itself if it is sure about the answer.,"Yes, frequently.",I have never paid attention to this aspect.,Curiosity,You wait until it becomes mainstream and most people are using it.,A few times a week,A smart search engine (to find information quickly and accurately).,Disagree,Disagree,Agree,Disagree,Disagree,Disagree,Disagree,Very concerned,Very concerned,Very concerned,Very concerned,Very concerned,Strongly Agree,Agree,Agree,Agree,Agree,Agree,sl
30/03/2026 11:47:54,Slovenia,Female,3rd year,"4 - Advanced: I use AI tools regularly for various tasks and have a good understanding of their capabilities, limits, and potential biases.",Daily,"Brainstorming ideas and getting inspiration, Writing/drafting text (emails, essays, reports), Solving math/logic problems or coding, Helping with homework / Lesson planning","I read it to check for major errors, but keep it mostly intact.",The AI and I would have produced a similar result.,It is a huge time saver.,A moderate amount of time (I ask for a few adjustments or refinements).,Somewhat confident,"I do a quick search (e.g., Google, Wikipedia) to verify it.","Yes, occasionally.",I have never paid attention to this aspect.,"Curiosity, Hope, Enthusiasm",You only use it if it is strictly required for school or work.,A few times a week,A smart search engine (to find information quickly and accurately).,Disagree,Disagree,Agree,Disagree,Agree,Strongly Disagree,Strongly Disagree,Moderately concerned,Slightly concerned,Slightly concerned,Slightly concerned,Not at all concerned,Disagree,Disagree,Strongly Disagree,Strongly Disagree,Disagree,Disagree,sl
30/03/2026 11:47:48,Slovenia,Female,3rd year,"4 - Advanced: I use AI tools regularly for various tasks and have a good understanding of their capabilities, limits, and potential biases.",Daily,"Brainstorming ideas and getting inspiration, Translating texts or learning a language, Summarizing long documents or articles, Writing/drafting text (emails, essays, reports), Solving math/logic problems or coding","I read it to check for major errors, but keep it mostly intact.","My original work would have been better, but the AI was faster.",It is a huge time saver.,A moderate amount of time (I ask for a few adjustments or refinements).,Somewhat confident,"I do a quick search (e.g., Google, Wikipedia) to verify it.","Yes, frequently.","No, never.","Curiosity, Skepticism",You try it out after hearing good things from friends or colleagues.,Daily,A shortcut (to do the heavy lifting or do my assignments for me).,Strongly Disagree,Disagree,Agree,Agree,Agree,Strongly Disagree,Strongly Disagree,Extremely concerned,Very concerned,Very concerned,Not at all concerned,Not at all concerned,Agree,Strongly Agree,Strongly Agree,Strongly Agree,Strongly Agree,Strongly Agree,sl
30/03/2026 11:47:28,Slovenia,Male,3rd year,3 - Intermediate: I use some AI tools occasionally for simple tasks and understand their basic functions.,Daily,"Brainstorming ideas and getting inspiration, Translating texts or learning a language, Writing/drafting text (emails, essays, reports), Solving math/logic problems or coding, Helping with homework / Lesson planning","I read it to check for major errors, but keep it mostly intact.",The AI produced a much better result than I could have.,It is a huge time saver.,Very little time (I usually accept the first answer it provides).,Not very confident,I trust it completely and use it as is.,"Yes, occasionally.","No, never.","Curiosity, Hope, Skepticism",You try it out after hearing good things from friends or colleagues.,A few times a week,A personal tutor/mentor (to explain concepts and help me learn).,Agree,Strongly Disagree,Disagree,Disagree,Strongly Disagree,Strongly Disagree,Disagree,Not at all concerned,Not at all concerned,Not at all concerned,Slightly concerned,Not at all concerned,Agree,Strongly Disagree,Disagree,Disagree,Strongly Disagree,Disagree,sl
30/03/2026 11:45:56,Slovenia,Female,3rd year,"5 - Expert: I have a deep understanding of how AI works, use it extensively, and could comfortably teach others how to use it responsibly.",Daily,"Brainstorming ideas and getting inspiration, Translating texts or learning a language, Summarizing long documents or articles, Writing/drafting text (emails, essays, reports), Solving math/logic problems or coding, Helping with homework / Lesson planning, Generating images or presentations","I read it to check for major errors, but keep it mostly intact.",The AI produced a much better result than I could have.,It is a huge time saver.,A moderate amount of time (I ask for a few adjustments or refinements).,Very confident,"I do a quick search (e.g., Google, Wikipedia) to verify it.","Yes, frequently.","No, never.",Enthusiasm,You are one of the first to try it out.,Daily,A creative assistant/collaborator (to brainstorm and co-create).,Disagree,Strongly Agree,Strongly Agree,Strongly Agree,Strongly Agree,Strongly Agree,Strongly Agree,Moderately concerned,Not at all concerned,Not at all concerned,Not at all concerned,Not at all concerned,Strongly Disagree,Strongly Agree,Strongly Agree,Strongly Agree,Strongly Agree,Strongly Agree,sl
30/03/2026 11:45:54,Slovenia,Male,3rd year,3 - Intermediate: I use some AI tools occasionally for simple tasks and understand their basic functions.,A few times a month,"Summarizing long documents or articles, Writing/drafting text (emails, essays, reports), Solving math/logic problems or coding, Helping with homework / Lesson planning, Generating images or presentations","I read it to check for major errors, but keep it mostly intact.","My original work would have been better, but the AI was faster.",It is a huge time saver.,"A significant amount of time (I engage in long conversations, going back and forth until the output is perfect).",Not very confident,I trust it completely and use it as is.,"No, never.",I have never paid attention to this aspect.,"Curiosity, Skepticism, Suspicion",You wait until it becomes mainstream and most people are using it.,Rarely,A creative assistant/collaborator (to brainstorm and co-create).,Disagree,Disagree,Disagree,Disagree,Disagree,Disagree,Disagree,Slightly concerned,Slightly concerned,Slightly concerned,Slightly concerned,Slightly concerned,Strongly Agree,Disagree,Disagree,Disagree,Disagree,Disagree,sl
30/03/2026 11:44:12,Slovenia,Female,3rd year,"2 - Novice: I know the basic concepts and have seen AI tools, but I rarely or never use them myself.",A few times a month,"Brainstorming ideas and getting inspiration, Summarizing long documents or articles",I use it as a draft or inspiration and rewrite it heavily.,The AI and I would have produced a similar result.,It has no significant impact on my time or effort.,A moderate amount of time (I ask for a few adjustments or refinements).,Somewhat confident,I trust it completely and use it as is.,"No, never.","Yes, occasionally.",Anxiety,You try it out after hearing good things from friends or colleagues.,A few times a week,A smart search engine (to find information quickly and accurately).,Agree,Disagree,Disagree,Disagree,Disagree,Disagree,Agree,Slightly concerned,Not at all concerned,Moderately concerned,Slightly concerned,Not at all concerned,Disagree,Disagree,Strongly Disagree,Agree,Strongly Disagree,Disagree,sl
30/03/2026 08:57:24,Slovenia,Female,1st year,3 - Intermediate: I use some AI tools occasionally for simple tasks and understand their basic functions.,A few times a week,"Summarizing long documents or articles, Solving math/logic problems or coding, Generating images or presentations",I use it as a draft or inspiration and rewrite it heavily.,"My original work would have been better, but the AI was faster.",It is a huge time saver.,A moderate amount of time (I ask for a few adjustments or refinements).,Not very confident,"I do a quick search (e.g., Google, Wikipedia) to verify it.","Yes, occasionally.","Yes, occasionally.","Curiosity, Hope, Skepticism",You wait until it becomes mainstream and most people are using it.,A few times a week,A creative assistant/collaborator (to brainstorm and co-create).,Agree,Disagree,Disagree,Strongly Disagree,Disagree,Agree,Agree,Moderately concerned,Very concerned,Very concerned,Very concerned,Extremely concerned,Agree,Agree,Agree,Agree,Agree,Strongly Disagree,sl
30/03/2026 07:05:20,Slovenia,Female,1st year,"4 - Advanced: I use AI tools regularly for various tasks and have a good understanding of their capabilities, limits, and potential biases.",A few times a week,"Brainstorming ideas and getting inspiration, Summarizing long documents or articles, Helping with homework / Lesson planning","I read it to check for major errors, but keep it mostly intact.",The AI and I would have produced a similar result.,"It enriches my work (gives me ideas I wouldn't have had), but takes about the same amount of time.",A moderate amount of time (I ask for a few adjustments or refinements).,Very confident,"I do a quick search (e.g., Google, Wikipedia) to verify it.","Yes, occasionally.",I have never paid attention to this aspect.,"Curiosity, Skepticism",You try it out after hearing good things from friends or colleagues.,A few times a week,A creative assistant/collaborator (to brainstorm and co-create).,Agree,Disagree,Disagree,Strongly Disagree,Disagree,Strongly Disagree,Disagree,Extremely concerned,Moderately concerned,Moderately concerned,Slightly concerned,Slightly concerned,Agree,Disagree,Agree,Agree,Disagree,Disagree,sl
29/03/2026 21:11:33,Slovenia,Female,1st year,3 - Intermediate: I use some AI tools occasionally for simple tasks and understand their basic functions.,A few times a week,"Brainstorming ideas and getting inspiration, Helping with homework / Lesson planning, Generating images or presentations",I only use AI to review or correct content I have entirely written myself.,The AI and I would have produced a similar result.,"It enriches my work (gives me ideas I wouldn't have had), but takes about the same amount of time.",A moderate amount of time (I ask for a few adjustments or refinements).,Somewhat confident,"I do a quick search (e.g., Google, Wikipedia) to verify it.","Yes, occasionally.",I have never paid attention to this aspect.,"Anxiety, Enthusiasm, Suspicion",You try it out after hearing good things from friends or colleagues.,A few times a week,A creative assistant/collaborator (to brainstorm and co-create).,Strongly Disagree,Disagree,Disagree,Disagree,Strongly Disagree,Agree,Strongly Disagree,Very concerned,Not at all concerned,Extremely concerned,Moderately concerned,Moderately concerned,Disagree,Agree,Disagree,Agree,Strongly Agree,Agree,sl
29/03/2026 20:31:58,Slovenia,Female,1st year,"2 - Novice: I know the basic concepts and have seen AI tools, but I rarely or never use them myself.",A few times a week,"Helping with homework / Lesson planning, Generating images or presentations",I review the AI-generated output to identify potential errors and refine the text as necessary.,"The AI's output was poor/incorrect, and I had to redo most of it.",It has no significant impact on my time or effort.,It takes so much time that sometimes I just give up and do the work myself.,Very confident,"I do a quick search (e.g., Google, Wikipedia) to verify it.","Yes, frequently.",I have never paid attention to this aspect.,Curiosity,You wait until it becomes mainstream and most people are using it.,A few times a week,A shortcut (to do the heavy lifting or do my assignments for me).,Agree,Disagree,Agree,Strongly Agree,Agree,Disagree,Strongly Disagree,Not at all concerned,Very concerned,Very concerned,Slightly concerned,Slightly concerned,Disagree,Agree,Disagree,Strongly Agree,Agree,Disagree,sl
15/04/2026 14:51:48,Turkey,Female,3rd year,3 - Intermediate: I use some AI tools occasionally for simple tasks and understand their basic functions.,Rarely,Helping with homework / Lesson planning,"I read it to check for major errors, but keep it mostly intact.","My original work would have been better, but the AI was faster.",It has no significant impact on my time or effort.,Very little time (I usually accept the first answer it provides).,Somewhat confident,"I do a quick search (e.g., Google, Wikipedia) to verify it.",I didn't know AI could do that.,"Yes, occasionally.",Anxiety,You only use it if it is strictly required for school or work.,A few times a month,A shortcut (to do the heavy lifting or do my assignments for me).,Disagree,Disagree,Disagree,Disagree,Disagree,Disagree,Disagree,Not at all concerned,Not at all concerned,Not at all concerned,Not at all concerned,Not at all concerned,"[INVALID - survey labeling error: respondents saw DS3.6 question text, not DS3.8]",Strongly Disagree,Strongly Disagree,Strongly Disagree,Strongly Disagree,Strongly Disagree,tu
12/04/2026 10:49:08,Turkey,Male,2nd year,"4 - Advanced: I use AI tools regularly for various tasks and have a good understanding of their capabilities, limits, and potential biases.",Daily,Brainstorming ideas and getting inspiration,I review the AI-generated output to identify potential errors and refine the text as necessary.,"My original work would have been better, but the AI was faster.","It enriches my work (gives me ideas I wouldn't have had), but takes about the same amount of time.","A significant amount of time (I engage in long conversations, going back and forth until the output is perfect).",Very confident,I trust it completely and use it as is.,"No, never.","Yes, frequently.","Excitement, Hope, Skepticism, Enthusiasm",You try it out after hearing good things from friends or colleagues.,Daily,A creative assistant/collaborator (to brainstorm and co-create).,Strongly Disagree,Strongly Disagree,Strongly Disagree,Strongly Disagree,Disagree,Strongly Disagree,Disagree,Moderately concerned,Not at all concerned,Not at all concerned,Not at all concerned,Not at all concerned,"[INVALID - survey labeling error: respondents saw DS3.6 question text, not DS3.8]",Strongly Disagree,Agree,Agree,Agree,Agree,tu
11/04/2026 19:36:01,Turkey,Male,2nd year,3 - Intermediate: I use some AI tools occasionally for simple tasks and understand their basic functions.,A few times a week,"Brainstorming ideas and getting inspiration, Solving math/logic problems or coding, Helping with homework / Lesson planning",I use it as a draft or inspiration and rewrite it heavily.,The AI produced a much better result than I could have.,"It enriches my work (gives me ideas I wouldn't have had), but takes about the same amount of time.","A significant amount of time (I engage in long conversations, going back and forth until the output is perfect).",Somewhat confident,"I do a quick search (e.g., Google, Wikipedia) to verify it.","Yes, occasionally.","Yes, occasionally.","Anxiety, Fear, Skepticism",You wait until it becomes mainstream and most people are using it.,A few times a week,A personal tutor/mentor (to explain concepts and help me learn).,Strongly Disagree,Agree,Disagree,Disagree,Disagree,Disagree,Strongly Disagree,Slightly concerned,Moderately concerned,Extremely concerned,Very concerned,Extremely concerned,"[INVALID - survey labeling error: respondents saw DS3.6 question text, not DS3.8]",Agree,Strongly Disagree,Disagree,Agree,Disagree,tu
11/04/2026 17:23:43,Turkey,Male,4th year,3 - Intermediate: I use some AI tools occasionally for simple tasks and understand their basic functions.,A few times a week,"Summarizing long documents or articles, Solving math/logic problems or coding",I copy and paste it directly without reading it thoroughly.,The AI produced a much better result than I could have.,It is a huge time saver.,A moderate amount of time (I ask for a few adjustments or refinements).,Somewhat confident,"I do a quick search (e.g., Google, Wikipedia) to verify it.","Yes, frequently.","No, never.","Excitement, Curiosity",You are one of the first to try it out.,A few times a month,A smart search engine (to find information quickly and accurately).,Disagree,Agree,Agree,Disagree,Agree,Disagree,Strongly Disagree,Not at all concerned,Slightly concerned,Very concerned,Moderately concerned,Slightly concerned,"[INVALID - survey labeling error: respondents saw DS3.6 question text, not DS3.8]",Agree,Agree,Agree,Agree,Agree,tu
11/04/2026 11:13:02,Turkey,Male,4th year,3 - Intermediate: I use some AI tools occasionally for simple tasks and understand their basic functions.,A few times a week,"Translating texts or learning a language, Solving math/logic problems or coding, Helping with homework / Lesson planning",I only use AI to review or correct content I have entirely written myself.,"My original work would have been better, but the AI was faster.","It enriches my work (gives me ideas I wouldn't have had), but takes about the same amount of time.",A moderate amount of time (I ask for a few adjustments or refinements).,Somewhat confident,"I do a quick search (e.g., Google, Wikipedia) to verify it.","Yes, occasionally.",I have never paid attention to this aspect.,"Curiosity, Hope, Skepticism",You only use it if it is strictly required for school or work.,A few times a week,A creative assistant/collaborator (to brainstorm and co-create).,Strongly Disagree,Disagree,Agree,Disagree,Agree,Agree,Strongly Disagree,Not at all concerned,Moderately concerned,Extremely concerned,Very concerned,Moderately concerned,"[INVALID - survey labeling error: respondents saw DS3.6 question text, not DS3.8]",Agree,Agree,Agree,Disagree,Strongly Disagree,tu
10/04/2026 19:33:43,Turkey,Female,2nd year,"4 - Advanced: I use AI tools regularly for various tasks and have a good understanding of their capabilities, limits, and potential biases.",Daily,"Brainstorming ideas and getting inspiration, Summarizing long documents or articles, Helping with homework / Lesson planning",I use it as a draft or inspiration and rewrite it heavily.,"The AI's output was poor/incorrect, and I had to redo most of it.",It is a huge time saver.,It takes so much time that sometimes I just give up and do the work myself.,Somewhat confident,"I do a quick search (e.g., Google, Wikipedia) to verify it.","Yes, frequently.",I have never paid attention to this aspect.,Fear,You wait until it becomes mainstream and most people are using it.,A few times a week,A smart search engine (to find information quickly and accurately).,Agree,Disagree,Agree,Strongly Disagree,Disagree,Strongly Agree,Strongly Agree,Moderately concerned,Extremely concerned,Very concerned,Extremely concerned,Moderately concerned,"[INVALID - survey labeling error: respondents saw DS3.6 question text, not DS3.8]",Agree,Agree,Strongly Agree,Agree,Strongly Disagree,tu
10/04/2026 18:41:50,Turkey,Male,3rd year,1 - Absolute Beginner: I know almost nothing. I have heard the term but don't really know what it is or how to use it.,A few times a week,Brainstorming ideas and getting inspiration,I copy and paste it directly without reading it thoroughly.,The AI and I would have produced a similar result.,It has no significant impact on my time or effort.,"A significant amount of time (I engage in long conversations, going back and forth until the output is perfect).",Somewhat confident,I trust it completely and use it as is.,"Yes, occasionally.","Yes, occasionally.",Suspicion,You wait until it becomes mainstream and most people are using it.,A few times a week,A shortcut (to do the heavy lifting or do my assignments for me).,Agree,Strongly Disagree,Disagree,Strongly Disagree,Strongly Disagree,Strongly Disagree,Strongly Disagree,Not at all concerned,Not at all concerned,Slightly concerned,Not at all concerned,Not at all concerned,"[INVALID - survey labeling error: respondents saw DS3.6 question text, not DS3.8]",Strongly Disagree,Strongly Disagree,Strongly Disagree,Strongly Disagree,Strongly Disagree,tu
10/04/2026 18:33:38,Turkey,Female,3rd year,3 - Intermediate: I use some AI tools occasionally for simple tasks and understand their basic functions.,Daily,"Writing/drafting text (emails, essays, reports), Helping with homework / Lesson planning",I review the AI-generated output to identify potential errors and refine the text as necessary.,The AI and I would have produced a similar result.,It is a huge time saver.,A moderate amount of time (I ask for a few adjustments or refinements).,Not very confident,I ask the AI itself if it is sure about the answer.,"Yes, frequently.","Yes, frequently.",Excitement,You are one of the first to try it out.,A few times a week,A creative assistant/collaborator (to brainstorm and co-create).,Strongly Agree,Agree,Disagree,Agree,Strongly Disagree,Agree,Agree,Moderately concerned,Slightly concerned,Slightly concerned,Moderately concerned,Not at all concerned,"[INVALID - survey labeling error: respondents saw DS3.6 question text, not DS3.8]",Agree,Agree,Agree,Agree,Agree,tu
10/04/2026 15:40:25,Turkey,Male,3rd year,3 - Intermediate: I use some AI tools occasionally for simple tasks and understand their basic functions.,A few times a week,"Translating texts or learning a language, Helping with homework / Lesson planning, Generating images or presentations",I review the AI-generated output to identify potential errors and refine the text as necessary.,"The AI's output was poor/incorrect, and I had to redo most of it.","It enriches my work (gives me ideas I wouldn't have had), but takes about the same amount of time.","A significant amount of time (I engage in long conversations, going back and forth until the output is perfect).",Somewhat confident,"I do a quick search (e.g., Google, Wikipedia) to verify it.","Yes, occasionally.","Yes, occasionally.","Anxiety, Curiosity, Suspicion",You wait until it becomes mainstream and most people are using it.,Rarely,A smart search engine (to find information quickly and accurately).,Agree,Disagree,Strongly Disagree,Strongly Disagree,Disagree,Disagree,Strongly Disagree,Slightly concerned,Not at all concerned,Slightly concerned,Slightly concerned,Slightly concerned,"[INVALID - survey labeling error: respondents saw DS3.6 question text, not DS3.8]",Strongly Disagree,Disagree,Disagree,Disagree,Strongly Disagree,tu
10/04/2026 14:53:11,Turkey,Female,3rd year,3 - Intermediate: I use some AI tools occasionally for simple tasks and understand their basic functions.,A few times a week,"Brainstorming ideas and getting inspiration, Helping with homework / Lesson planning",I review the AI-generated output to identify potential errors and refine the text as necessary.,"The AI's output was poor/incorrect, and I had to redo most of it.",It is a huge time saver.,A moderate amount of time (I ask for a few adjustments or refinements).,Somewhat confident,"I do a quick search (e.g., Google, Wikipedia) to verify it.","Yes, occasionally.",I have never paid attention to this aspect.,"Anxiety, Curiosity, Skepticism",You wait until it becomes mainstream and most people are using it.,A few times a month,A creative assistant/collaborator (to brainstorm and co-create).,Disagree,Disagree,Agree,Disagree,Disagree,Agree,Disagree,Slightly concerned,Very concerned,Extremely concerned,Very concerned,Very concerned,"[INVALID - survey labeling error: respondents saw DS3.6 question text, not DS3.8]",Agree,Agree,Agree,Strongly Agree,Agree,tu
10/04/2026 14:52:12,Turkey,Male,3rd year,1 - Absolute Beginner: I know almost nothing. I have heard the term but don't really know what it is or how to use it.,A few times a week,"Translating texts or learning a language, Helping with homework / Lesson planning","I read it to check for major errors, but keep it mostly intact.",The AI and I would have produced a similar result.,"It enriches my work (gives me ideas I wouldn't have had), but takes about the same amount of time.",A moderate amount of time (I ask for a few adjustments or refinements).,Somewhat confident,I ask the AI itself if it is sure about the answer.,"Yes, occasionally.","Yes, occasionally.","Anxiety, Fear, Hope",You are one of the first to try it out.,A few times a week,A creative assistant/collaborator (to brainstorm and co-create).,Agree,Disagree,Strongly Disagree,Strongly Disagree,Disagree,Disagree,Strongly Disagree,Not at all concerned,Not at all concerned,Slightly concerned,Slightly concerned,Not at all concerned,"[INVALID - survey labeling error: respondents saw DS3.6 question text, not DS3.8]",Strongly Disagree,Disagree,Strongly Disagree,Disagree,Disagree,tu
10/04/2026 14:19:24,Turkey,Female,3rd year,1 - Absolute Beginner: I know almost nothing. I have heard the term but don't really know what it is or how to use it.,Rarely,"Brainstorming ideas and getting inspiration, Translating texts or learning a language",I review the AI-generated output to identify potential errors and refine the text as necessary.,The AI and I would have produced a similar result.,"It enriches my work (gives me ideas I wouldn't have had), but takes about the same amount of time.",A moderate amount of time (I ask for a few adjustments or refinements).,Somewhat confident,"I do a quick search (e.g., Google, Wikipedia) to verify it.","Yes, occasionally.","Yes, occasionally.",Curiosity,You wait until it becomes mainstream and most people are using it.,Rarely,A smart search engine (to find information quickly and accurately).,Disagree,Disagree,Disagree,Disagree,Agree,Disagree,Disagree,Not at all concerned,Not at all concerned,Slightly concerned,Slightly concerned,Slightly concerned,"[INVALID - survey labeling error: respondents saw DS3.6 question text, not DS3.8]",Disagree,Disagree,Disagree,Strongly Disagree,Strongly Disagree,tu
10/04/2026 11:12:42,Turkey,Female,4th year,3 - Intermediate: I use some AI tools occasionally for simple tasks and understand their basic functions.,A few times a week,"Brainstorming ideas and getting inspiration, Translating texts or learning a language, Solving math/logic problems or coding, Helping with homework / Lesson planning",I review the AI-generated output to identify potential errors and refine the text as necessary.,The AI and I would have produced a similar result.,It has no significant impact on my time or effort.,A moderate amount of time (I ask for a few adjustments or refinements).,Somewhat confident,"I do a quick search (e.g., Google, Wikipedia) to verify it.","Yes, occasionally.","Yes, frequently.","Excitement, Curiosity, Skepticism",You try it out after hearing good things from friends or colleagues.,A few times a week,An entertainment tool (just for fun).,Disagree,Disagree,Disagree,Disagree,Strongly Disagree,Agree,Strongly Disagree,Not at all concerned,Extremely concerned,Moderately concerned,Very concerned,Very concerned,"[INVALID - survey labeling error: respondents saw DS3.6 question text, not DS3.8]",Agree,Agree,Agree,Agree,Strongly Agree,tu
10/04/2026 06:48:58,Turkey,Male,3rd year,"2 - Novice: I know the basic concepts and have seen AI tools, but I rarely or never use them myself.",Rarely,"Writing/drafting text (emails, essays, reports)",I review the AI-generated output to identify potential errors and refine the text as necessary.,"My original work would have been better, but the AI was faster.",It is a waste of time (I spend more time prompting and correcting than doing it myself).,"A significant amount of time (I engage in long conversations, going back and forth until the output is perfect).",Somewhat confident,I ask the AI itself if it is sure about the answer.,"Yes, occasionally.","Yes, occasionally.",Skepticism,You wait until it becomes mainstream and most people are using it.,Rarely,A creative assistant/collaborator (to brainstorm and co-create).,Agree,Agree,Agree,Agree,Agree,Agree,Agree,Slightly concerned,Moderately concerned,Slightly concerned,Moderately concerned,Slightly concerned,"[INVALID - survey labeling error: respondents saw DS3.6 question text, not DS3.8]",Agree,Disagree,Agree,Agree,Disagree,tu
10/04/2026 06:01:03,Turkey,Male,4th year,3 - Intermediate: I use some AI tools occasionally for simple tasks and understand their basic functions.,A few times a week,"Brainstorming ideas and getting inspiration, Translating texts or learning a language",I use it as a draft or inspiration and rewrite it heavily.,The AI and I would have produced a similar result.,"It enriches my work (gives me ideas I wouldn't have had), but takes about the same amount of time.",A moderate amount of time (I ask for a few adjustments or refinements).,Not very confident,I ask the AI itself if it is sure about the answer.,"Yes, frequently.","Yes, frequently.",Hope,You try it out after hearing good things from friends or colleagues.,A few times a week,A personal tutor/mentor (to explain concepts and help me learn).,Agree,Disagree,Strongly Disagree,Disagree,Disagree,Strongly Disagree,Strongly Disagree,Slightly concerned,Slightly concerned,Moderately concerned,Very concerned,Slightly concerned,"[INVALID - survey labeling error: respondents saw DS3.6 question text, not DS3.8]",Strongly Disagree,Disagree,Agree,Disagree,Agree,tu
10/04/2026 05:46:48,Turkey,Male,3rd year,"4 - Advanced: I use AI tools regularly for various tasks and have a good understanding of their capabilities, limits, and potential biases.",Daily,"Writing/drafting text (emails, essays, reports), Helping with homework / Lesson planning",I review the AI-generated output to identify potential errors and refine the text as necessary.,The AI and I would have produced a similar result.,"It enriches my work (gives me ideas I wouldn't have had), but takes about the same amount of time.",A moderate amount of time (I ask for a few adjustments or refinements).,Very confident,I ask the AI itself if it is sure about the answer.,"Yes, occasionally.","No, never.","Curiosity, Skepticism, Suspicion",You are one of the first to try it out.,A few times a week,A creative assistant/collaborator (to brainstorm and co-create).,Strongly Agree,Disagree,Disagree,Disagree,Disagree,Disagree,Disagree,Slightly concerned,Not at all concerned,Not at all concerned,Not at all concerned,Extremely concerned,"[INVALID - survey labeling error: respondents saw DS3.6 question text, not DS3.8]",Strongly Agree,Strongly Agree,Strongly Agree,Strongly Agree,Strongly Agree,tu
09/04/2026 22:54:44,Turkey,Male,4th year,3 - Intermediate: I use some AI tools occasionally for simple tasks and understand their basic functions.,A few times a week,Helping with homework / Lesson planning,"I read it to check for major errors, but keep it mostly intact.",The AI and I would have produced a similar result.,It is a huge time saver.,A moderate amount of time (I ask for a few adjustments or refinements).,Very confident,"I do a quick search (e.g., Google, Wikipedia) to verify it.","Yes, occasionally.","No, never.","Curiosity, Skepticism",You wait until it becomes mainstream and most people are using it.,A few times a week,A smart search engine (to find information quickly and accurately).,Agree,Disagree,Disagree,Disagree,Disagree,Agree,Disagree,Not at all concerned,Not at all concerned,Slightly concerned,Not at all concerned,Not at all concerned,"[INVALID - survey labeling error: respondents saw DS3.6 question text, not DS3.8]",Agree,Agree,Agree,Agree,Disagree,tu
09/04/2026 22:28:02,Turkey,Female,4th year,3 - Intermediate: I use some AI tools occasionally for simple tasks and understand their basic functions.,Daily,"Solving math/logic problems or coding, Helping with homework / Lesson planning",I use it as a draft or inspiration and rewrite it heavily.,"My original work would have been better, but the AI was faster.",It is a huge time saver.,It takes so much time that sometimes I just give up and do the work myself.,Somewhat confident,"I do a quick search (e.g., Google, Wikipedia) to verify it.",I didn't know AI could do that.,I have never paid attention to this aspect.,"Fear, Skepticism, Suspicion",You wait until it becomes mainstream and most people are using it.,A few times a week,A smart search engine (to find information quickly and accurately).,Disagree,Disagree,Disagree,Disagree,Disagree,Strongly Disagree,Disagree,Not at all concerned,Slightly concerned,Moderately concerned,Moderately concerned,Very concerned,"[INVALID - survey labeling error: respondents saw DS3.6 question text, not DS3.8]",Agree,Agree,Agree,Agree,Agree,tu
09/04/2026 22:17:06,Turkey,Female,1st year,3 - Intermediate: I use some AI tools occasionally for simple tasks and understand their basic functions.,A few times a week,"Writing/drafting text (emails, essays, reports)",I review the AI-generated output to identify potential errors and refine the text as necessary.,"My original work would have been better, but the AI was faster.",It is a huge time saver.,"A significant amount of time (I engage in long conversations, going back and forth until the output is perfect).",Very confident,"I do a quick search (e.g., Google, Wikipedia) to verify it.","Yes, occasionally.",I have never paid attention to this aspect.,Curiosity,You try it out after hearing good things from friends or colleagues.,A few times a week,A shortcut (to do the heavy lifting or do my assignments for me).,Disagree,Disagree,Agree,Strongly Disagree,Disagree,Disagree,Strongly Disagree,Not at all concerned,Moderately concerned,Very concerned,Not at all concerned,Slightly concerned,"[INVALID - survey labeling error: respondents saw DS3.6 question text, not DS3.8]",Agree,Disagree,Disagree,Agree,Strongly Disagree,tu
09/04/2026 21:43:20,Turkey,Male,2nd year,"4 - Advanced: I use AI tools regularly for various tasks and have a good understanding of their capabilities, limits, and potential biases.",A few times a week,"Brainstorming ideas and getting inspiration, Summarizing long documents or articles, Writing/drafting text (emails, essays, reports)",I use it as a draft or inspiration and rewrite it heavily.,"My original work would have been better, but the AI was faster.","It enriches my work (gives me ideas I wouldn't have had), but takes about the same amount of time.",A moderate amount of time (I ask for a few adjustments or refinements).,Very confident,"I do a quick search (e.g., Google, Wikipedia) to verify it.","Yes, occasionally.","Yes, occasionally.","Curiosity, Hope, Skepticism",You try it out after hearing good things from friends or colleagues.,A few times a month,A creative assistant/collaborator (to brainstorm and co-create).,Agree,Disagree,Disagree,Disagree,Strongly Disagree,Agree,Strongly Disagree,Slightly concerned,Moderately concerned,Slightly concerned,Moderately concerned,Moderately concerned,"[INVALID - survey labeling error: respondents saw DS3.6 question text, not DS3.8]",Disagree,Agree,Agree,Agree,Agree,tu
09/04/2026 21:42:02,Turkey,Female,1st year,"2 - Novice: I know the basic concepts and have seen AI tools, but I rarely or never use them myself.",Rarely,"Brainstorming ideas and getting inspiration, Helping with homework / Lesson planning",I review the AI-generated output to identify potential errors and refine the text as necessary.,The AI and I would have produced a similar result.,It is a huge time saver.,A moderate amount of time (I ask for a few adjustments or refinements).,Somewhat confident,"I do a quick search (e.g., Google, Wikipedia) to verify it.","Yes, occasionally.",I have never paid attention to this aspect.,"Curiosity, Skepticism, Enthusiasm",You wait until it becomes mainstream and most people are using it.,Rarely,A smart search engine (to find information quickly and accurately).,Disagree,Agree,Disagree,Strongly Disagree,Strongly Disagree,Agree,Disagree,Slightly concerned,Very concerned,Very concerned,Moderately concerned,Slightly concerned,"[INVALID - survey labeling error: respondents saw DS3.6 question text, not DS3.8]",Agree,Disagree,Agree,Agree,Agree,tu
09/04/2026 21:37:23,Turkey,Female,2nd year,3 - Intermediate: I use some AI tools occasionally for simple tasks and understand their basic functions.,Daily,Helping with homework / Lesson planning,I review the AI-generated output to identify potential errors and refine the text as necessary.,The AI produced a much better result than I could have.,It is a huge time saver.,A moderate amount of time (I ask for a few adjustments or refinements).,Somewhat confident,I ask the AI itself if it is sure about the answer.,"Yes, occasionally.",I have never paid attention to this aspect.,"Curiosity, Skepticism, Suspicion",You wait until it becomes mainstream and most people are using it.,A few times a week,A personal tutor/mentor (to explain concepts and help me learn).,Agree,Agree,Disagree,Strongly Disagree,Disagree,Disagree,Strongly Disagree,Not at all concerned,Extremely concerned,Very concerned,Very concerned,Very concerned,"[INVALID - survey labeling error: respondents saw DS3.6 question text, not DS3.8]",Agree,Disagree,Agree,Agree,Disagree,tu
09/04/2026 21:35:30,Turkey,Female,4th year,3 - Intermediate: I use some AI tools occasionally for simple tasks and understand their basic functions.,A few times a week,"Brainstorming ideas and getting inspiration, Solving math/logic problems or coding, Helping with homework / Lesson planning","I read it to check for major errors, but keep it mostly intact.",The AI produced a much better result than I could have.,"It enriches my work (gives me ideas I wouldn't have had), but takes about the same amount of time.",Very little time (I usually accept the first answer it provides).,Very confident,"I do a quick search (e.g., Google, Wikipedia) to verify it.","Yes, occasionally.",I have never paid attention to this aspect.,"Anxiety, Skepticism, Suspicion",You wait until it becomes mainstream and most people are using it.,A few times a week,A creative assistant/collaborator (to brainstorm and co-create).,Strongly Disagree,Disagree,Disagree,Disagree,Agree,Disagree,Strongly Disagree,Very concerned,Extremely concerned,Very concerned,Very concerned,Moderately concerned,"[INVALID - survey labeling error: respondents saw DS3.6 question text, not DS3.8]",Strongly Agree,Agree,Strongly Agree,Disagree,Disagree,tu
09/04/2026 21:32:38,Turkey,Male,3rd year,"5 - Expert: I have a deep understanding of how AI works, use it extensively, and could comfortably teach others how to use it responsibly.",Daily,"Brainstorming ideas and getting inspiration, Translating texts or learning a language, Summarizing long documents or articles, Helping with homework / Lesson planning",I use it as a draft or inspiration and rewrite it heavily.,"My original work would have been better, but the AI was faster.",It is a huge time saver.,It takes so much time that sometimes I just give up and do the work myself.,Somewhat confident,I systematically check primary and authoritative sources to confirm the data.,"Yes, occasionally.",I have never paid attention to this aspect.,Suspicion,You wait until it becomes mainstream and most people are using it.,Daily,A creative assistant/collaborator (to brainstorm and co-create).,Agree,Agree,Disagree,Agree,Strongly Disagree,Agree,Strongly Disagree,Not at all concerned,Extremely concerned,Extremely concerned,Extremely concerned,Slightly concerned,"[INVALID - survey labeling error: respondents saw DS3.6 question text, not DS3.8]",Agree,Agree,Strongly Agree,Strongly Disagree,Disagree,tu
09/04/2026 21:27:19,Turkey,Male,3rd year,"4 - Advanced: I use AI tools regularly for various tasks and have a good understanding of their capabilities, limits, and potential biases.",A few times a week,"Brainstorming ideas and getting inspiration, Generating images or presentations",I review the AI-generated output to identify potential errors and refine the text as necessary.,The AI and I would have produced a similar result.,It is a huge time saver.,A moderate amount of time (I ask for a few adjustments or refinements).,Very confident,"I do a quick search (e.g., Google, Wikipedia) to verify it.","Yes, frequently.",I have never paid attention to this aspect.,Hope,You wait until it becomes mainstream and most people are using it.,A few times a month,A smart search engine (to find information quickly and accurately).,Disagree,Strongly Disagree,Strongly Disagree,Strongly Disagree,Disagree,Strongly Disagree,Disagree,Not at all concerned,Moderately concerned,Slightly concerned,Not at all concerned,Extremely concerned,"[INVALID - survey labeling error: respondents saw DS3.6 question text, not DS3.8]",Agree,Disagree,Strongly Agree,Agree,Strongly Disagree,tu
09/04/2026 21:26:01,Turkey,Male,3rd year,3 - Intermediate: I use some AI tools occasionally for simple tasks and understand their basic functions.,Daily,"Brainstorming ideas and getting inspiration, Translating texts or learning a language, Helping with homework / Lesson planning",I review the AI-generated output to identify potential errors and refine the text as necessary.,"My original work would have been better, but the AI was faster.",It is a huge time saver.,"A significant amount of time (I engage in long conversations, going back and forth until the output is perfect).",Somewhat confident,"I do a quick search (e.g., Google, Wikipedia) to verify it.","Yes, occasionally.",I have never paid attention to this aspect.,"Excitement, Curiosity, Skepticism",You wait until it becomes mainstream and most people are using it.,A few times a week,A smart search engine (to find information quickly and accurately).,Disagree,Agree,Agree,Disagree,Disagree,Agree,Disagree,Not at all concerned,Slightly concerned,Moderately concerned,Slightly concerned,Slightly concerned,"[INVALID - survey labeling error: respondents saw DS3.6 question text, not DS3.8]",Strongly Agree,Disagree,Agree,Agree,Disagree,tu
09/04/2026 21:21:23,Turkey,Female,3rd year,3 - Intermediate: I use some AI tools occasionally for simple tasks and understand their basic functions.,A few times a week,"Helping with homework / Lesson planning, Generating images or presentations",I review the AI-generated output to identify potential errors and refine the text as necessary.,The AI and I would have produced a similar result.,It is a huge time saver.,"A significant amount of time (I engage in long conversations, going back and forth until the output is perfect).",Somewhat confident,"I do a quick search (e.g., Google, Wikipedia) to verify it.","Yes, occasionally.","No, never.","Excitement, Skepticism, Suspicion",You try it out after hearing good things from friends or colleagues.,A few times a month,A personal tutor/mentor (to explain concepts and help me learn).,Agree,Agree,Agree,Disagree,Disagree,Disagree,Disagree,Not at all concerned,Moderately concerned,Very concerned,Slightly concerned,Not at all concerned,"[INVALID - survey labeling error: respondents saw DS3.6 question text, not DS3.8]",Agree,Disagree,Agree,Agree,Disagree,tu
09/04/2026 21:20:57,Turkey,Male,3rd year,3 - Intermediate: I use some AI tools occasionally for simple tasks and understand their basic functions.,Daily,Helping with homework / Lesson planning,I review the AI-generated output to identify potential errors and refine the text as necessary.,"My original work would have been better, but the AI was faster.",It is a huge time saver.,A moderate amount of time (I ask for a few adjustments or refinements).,Somewhat confident,"I do a quick search (e.g., Google, Wikipedia) to verify it.","Yes, occasionally.",I have never paid attention to this aspect.,Skepticism,You wait until it becomes mainstream and most people are using it.,A few times a week,A creative assistant/collaborator (to brainstorm and co-create).,Agree,Agree,Disagree,Disagree,Disagree,Agree,Disagree,Slightly concerned,Slightly concerned,Moderately concerned,Not at all concerned,Slightly concerned,"[INVALID - survey labeling error: respondents saw DS3.6 question text, not DS3.8]",Agree,Agree,Agree,Disagree,Disagree,tu
09/04/2026 21:20:23,Turkey,Female,1st year,3 - Intermediate: I use some AI tools occasionally for simple tasks and understand their basic functions.,Daily,Helping with homework / Lesson planning,I review the AI-generated output to identify potential errors and refine the text as necessary.,"My original work would have been better, but the AI was faster.",It is a huge time saver.,"A significant amount of time (I engage in long conversations, going back and forth until the output is perfect).",Somewhat confident,I ask the AI itself if it is sure about the answer.,"Yes, occasionally.","No, never.","Anxiety, Curiosity, Hope",You wait until it becomes mainstream and most people are using it.,A few times a week,A personal tutor/mentor (to explain concepts and help me learn).,Disagree,Disagree,Disagree,Strongly Disagree,Agree,Disagree,Disagree,Not at all concerned,Moderately concerned,Slightly concerned,Moderately concerned,Slightly concerned,"[INVALID - survey labeling error: respondents saw DS3.6 question text, not DS3.8]",Agree,Strongly Agree,Strongly Agree,Strongly Agree,Agree,tu
09/04/2026 21:15:13,Turkey,Female,1st year,"4 - Advanced: I use AI tools regularly for various tasks and have a good understanding of their capabilities, limits, and potential biases.",Daily,"Translating texts or learning a language, Helping with homework / Lesson planning","I read it to check for major errors, but keep it mostly intact.","My original work would have been better, but the AI was faster.",It is a huge time saver.,"A significant amount of time (I engage in long conversations, going back and forth until the output is perfect).",Very confident,"I do a quick search (e.g., Google, Wikipedia) to verify it.","Yes, occasionally.","Yes, frequently.","Excitement, Curiosity, Skepticism",You try it out after hearing good things from friends or colleagues.,A few times a week,A shortcut (to do the heavy lifting or do my assignments for me).,Disagree,Disagree,Disagree,Disagree,Disagree,Strongly Disagree,Disagree,Not at all concerned,Moderately concerned,Very concerned,Extremely concerned,Very concerned,"[INVALID - survey labeling error: respondents saw DS3.6 question text, not DS3.8]",Strongly Agree,Disagree,Strongly Agree,Disagree,Strongly Agree,tu
09/04/2026 21:12:51,Turkey,Female,1st year,3 - Intermediate: I use some AI tools occasionally for simple tasks and understand their basic functions.,Daily,"Translating texts or learning a language, Writing/drafting text (emails, essays, reports), Helping with homework / Lesson planning",I review the AI-generated output to identify potential errors and refine the text as necessary.,The AI produced a much better result than I could have.,It is a huge time saver.,A moderate amount of time (I ask for a few adjustments or refinements).,Somewhat confident,"I do a quick search (e.g., Google, Wikipedia) to verify it.",I didn't know AI could do that.,"Yes, occasionally.",,You try it out after hearing good things from friends or colleagues.,Rarely,A smart search engine (to find information quickly and accurately).,Strongly Disagree,Strongly Disagree,Agree,Strongly Agree,Strongly Disagree,Disagree,Strongly Disagree,Not at all concerned,Not at all concerned,Moderately concerned,Extremely concerned,Very concerned,"[INVALID - survey labeling error: respondents saw DS3.6 question text, not DS3.8]",Strongly Agree,Agree,Strongly Agree,Agree,Disagree,tu
09/04/2026 21:11:25,Turkey,Female,4th year,3 - Intermediate: I use some AI tools occasionally for simple tasks and understand their basic functions.,Daily,Brainstorming ideas and getting inspiration,I review the AI-generated output to identify potential errors and refine the text as necessary.,The AI produced a much better result than I could have.,It is a huge time saver.,A moderate amount of time (I ask for a few adjustments or refinements).,Somewhat confident,"I do a quick search (e.g., Google, Wikipedia) to verify it.","Yes, occasionally.","Yes, occasionally.","Curiosity, Skepticism",You try it out after hearing good things from friends or colleagues.,A few times a month,A smart search engine (to find information quickly and accurately).,Strongly Disagree,Disagree,Strongly Disagree,Strongly Disagree,Disagree,Strongly Disagree,Disagree,Not at all concerned,Slightly concerned,Not at all concerned,Slightly concerned,Not at all concerned,"[INVALID - survey labeling error: respondents saw DS3.6 question text, not DS3.8]",Strongly Disagree,Disagree,Strongly Disagree,Disagree,Strongly Disagree,tu
09/04/2026 21:11:02,Turkey,Male,3rd year,3 - Intermediate: I use some AI tools occasionally for simple tasks and understand their basic functions.,A few times a week,"Brainstorming ideas and getting inspiration, Generating images or presentations",I review the AI-generated output to identify potential errors and refine the text as necessary.,The AI and I would have produced a similar result.,It is a huge time saver.,A moderate amount of time (I ask for a few adjustments or refinements).,Somewhat confident,"I do a quick search (e.g., Google, Wikipedia) to verify it.","Yes, occasionally.",I have never paid attention to this aspect.,"Excitement, Fear, Skepticism",You wait until it becomes mainstream and most people are using it.,A few times a month,A creative assistant/collaborator (to brainstorm and co-create).,Agree,Agree,Agree,Disagree,Disagree,Agree,Strongly Disagree,Not at all concerned,Slightly concerned,Moderately concerned,Moderately concerned,Slightly concerned,"[INVALID - survey labeling error: respondents saw DS3.6 question text, not DS3.8]",Disagree,Agree,Agree,Agree,Agree,tu
09/04/2026 21:10:21,Turkey,Male,3rd year,1 - Absolute Beginner: I know almost nothing. I have heard the term but don't really know what it is or how to use it.,A few times a week,"Solving math/logic problems or coding, Helping with homework / Lesson planning","I read it to check for major errors, but keep it mostly intact.",The AI produced a much better result than I could have.,It is a huge time saver.,Very little time (I usually accept the first answer it provides).,Not at all confident,I ask the AI itself if it is sure about the answer.,"No, never.","Yes, frequently.","Excitement, Anxiety, Curiosity",You try it out after hearing good things from friends or colleagues.,A few times a week,A smart search engine (to find information quickly and accurately).,Disagree,Agree,Agree,Disagree,Agree,Strongly Disagree,Disagree,Not at all concerned,Not at all concerned,Not at all concerned,Not at all concerned,Not at all concerned,"[INVALID - survey labeling error: respondents saw DS3.6 question text, not DS3.8]",Strongly Disagree,Disagree,Strongly Disagree,Agree,Agree,tu
09/04/2026 21:10:16,Turkey,Female,4th year,3 - Intermediate: I use some AI tools occasionally for simple tasks and understand their basic functions.,A few times a week,"Brainstorming ideas and getting inspiration, Solving math/logic problems or coding, Helping with homework / Lesson planning","I read it to check for major errors, but keep it mostly intact.","My original work would have been better, but the AI was faster.",It is a huge time saver.,Very little time (I usually accept the first answer it provides).,Very confident,I trust it completely and use it as is.,"Yes, occasionally.",I have never paid attention to this aspect.,"Curiosity, Skepticism, Suspicion",You only use it if it is strictly required for school or work.,A few times a month,A shortcut (to do the heavy lifting or do my assignments for me).,Disagree,Disagree,Disagree,Strongly Disagree,Agree,Disagree,Disagree,Not at all concerned,Not at all concerned,Moderately concerned,Very concerned,Not at all concerned,"[INVALID - survey labeling error: respondents saw DS3.6 question text, not DS3.8]",Agree,Disagree,Agree,Disagree,Strongly Disagree,tu
09/04/2026 21:08:59,Turkey,Male,3rd year,"4 - Advanced: I use AI tools regularly for various tasks and have a good understanding of their capabilities, limits, and potential biases.",Daily,Solving math/logic problems or coding,I copy and paste it directly without reading it thoroughly.,The AI and I would have produced a similar result.,It has no significant impact on my time or effort.,Very little time (I usually accept the first answer it provides).,Not very confident,"I do a quick search (e.g., Google, Wikipedia) to verify it.","No, never.","Yes, frequently.",Hope,You try it out after hearing good things from friends or colleagues.,A few times a week,A creative assistant/collaborator (to brainstorm and co-create).,Strongly Agree,Strongly Disagree,Strongly Disagree,Disagree,Strongly Disagree,Strongly Disagree,Disagree,Slightly concerned,Slightly concerned,Not at all concerned,Slightly concerned,Slightly concerned,"[INVALID - survey labeling error: respondents saw DS3.6 question text, not DS3.8]",Strongly Disagree,Disagree,Strongly Disagree,Disagree,Strongly Disagree,tu
09/04/2026 21:08:23,Turkey,Female,3rd year,3 - Intermediate: I use some AI tools occasionally for simple tasks and understand their basic functions.,A few times a week,"Brainstorming ideas and getting inspiration, Summarizing long documents or articles, Writing/drafting text (emails, essays, reports), Helping with homework / Lesson planning",I review the AI-generated output to identify potential errors and refine the text as necessary.,The AI and I would have produced a similar result.,It is a huge time saver.,A moderate amount of time (I ask for a few adjustments or refinements).,Very confident,"I do a quick search (e.g., Google, Wikipedia) to verify it.","Yes, occasionally.","Yes, occasionally.","Excitement, Curiosity",You wait until it becomes mainstream and most people are using it.,A few times a week,A personal tutor/mentor (to explain concepts and help me learn).,Agree,Agree,Agree,Strongly Agree,Disagree,Disagree,Disagree,Moderately concerned,Not at all concerned,Slightly concerned,Very concerned,Slightly concerned,"[INVALID - survey labeling error: respondents saw DS3.6 question text, not DS3.8]",Strongly Agree,Agree,Strongly Agree,Strongly Agree,Strongly Agree,tu
09/04/2026 21:08:05,Turkey,Female,1st year,3 - Intermediate: I use some AI tools occasionally for simple tasks and understand their basic functions.,Daily,"Brainstorming ideas and getting inspiration, Helping with homework / Lesson planning, Other (product comparison for shopping)",I review the AI-generated output to identify potential errors and refine the text as necessary.,The AI and I would have produced a similar result.,It is a huge time saver.,A moderate amount of time (I ask for a few adjustments or refinements).,Very confident,I trust it completely and use it as is.,I didn't know AI could do that.,I have never paid attention to this aspect.,"Curiosity, Skepticism",You wait until it becomes mainstream and most people are using it.,A few times a month,A smart search engine (to find information quickly and accurately).,Strongly Disagree,Agree,Agree,Agree,Strongly Agree,Agree,Strongly Disagree,Moderately concerned,Slightly concerned,Not at all concerned,Extremely concerned,Slightly concerned,"[INVALID - survey labeling error: respondents saw DS3.6 question text, not DS3.8]",Strongly Agree,Agree,Agree,Strongly Disagree,Strongly Disagree,tu
09/04/2026 21:07:04,Turkey,Prefer not to say,3rd year,3 - Intermediate: I use some AI tools occasionally for simple tasks and understand their basic functions.,A few times a week,Brainstorming ideas and getting inspiration,I use it as a draft or inspiration and rewrite it heavily.,The AI and I would have produced a similar result.,It has no significant impact on my time or effort.,It takes so much time that sometimes I just give up and do the work myself.,Very confident,"I do a quick search (e.g., Google, Wikipedia) to verify it.","Yes, occasionally.","No, never.","Curiosity, Skepticism",You try it out after hearing good things from friends or colleagues.,Rarely,A smart search engine (to find information quickly and accurately).,Disagree,Strongly Disagree,Strongly Disagree,Strongly Disagree,Strongly Disagree,Strongly Disagree,Strongly Disagree,Slightly concerned,Not at all concerned,Slightly concerned,Not at all concerned,Slightly concerned,"[INVALID - survey labeling error: respondents saw DS3.6 question text, not DS3.8]",Strongly Disagree,Disagree,Strongly Agree,Agree,Strongly Agree,tu
09/04/2026 21:06:43,Turkey,Male,2nd year,"4 - Advanced: I use AI tools regularly for various tasks and have a good understanding of their capabilities, limits, and potential biases.",A few times a week,"Summarizing long documents or articles, Generating images or presentations","I read it to check for major errors, but keep it mostly intact.",The AI and I would have produced a similar result.,"It enriches my work (gives me ideas I wouldn't have had), but takes about the same amount of time.",Very little time (I usually accept the first answer it provides).,Very confident,I trust it completely and use it as is.,"Yes, frequently.","No, never.","Excitement, Curiosity",You wait until it becomes mainstream and most people are using it.,A few times a week,A smart search engine (to find information quickly and accurately).,Agree,Strongly Disagree,Strongly Disagree,Disagree,Disagree,Strongly Disagree,Disagree,Slightly concerned,Not at all concerned,Slightly concerned,Not at all concerned,Not at all concerned,"[INVALID - survey labeling error: respondents saw DS3.6 question text, not DS3.8]",Strongly Disagree,Disagree,Strongly Disagree,Strongly Disagree,Strongly Disagree,tu
09/04/2026 21:04:52,Turkey,Female,1st year,"2 - Novice: I know the basic concepts and have seen AI tools, but I rarely or never use them myself.",A few times a week,Solving math/logic problems or coding,I copy and paste it directly without reading it thoroughly.,The AI produced a much better result than I could have.,It has no significant impact on my time or effort.,A moderate amount of time (I ask for a few adjustments or refinements).,Very confident,I trust it completely and use it as is.,"No, never.","Yes, occasionally.","Anxiety, Fear, Skepticism",You are one of the first to try it out.,A few times a month,A creative assistant/collaborator (to brainstorm and co-create).,Disagree,Disagree,Strongly Disagree,Disagree,Strongly Disagree,Disagree,Strongly Disagree,Slightly concerned,Not at all concerned,Slightly concerned,Not at all concerned,Slightly concerned,"[INVALID - survey labeling error: respondents saw DS3.6 question text, not DS3.8]",Strongly Disagree,Disagree,Strongly Disagree,Disagree,Strongly Disagree,tu
09/04/2026 21:04:49,Turkey,Prefer not to say,3rd year,"4 - Advanced: I use AI tools regularly for various tasks and have a good understanding of their capabilities, limits, and potential biases.",Rarely,"Writing/drafting text (emails, essays, reports), I do not use AI tools",I review the AI-generated output to identify potential errors and refine the text as necessary.,"My original work would have been better, but the AI was faster.",It is a huge time saver.,It takes so much time that sometimes I just give up and do the work myself.,Very confident,"I do a quick search (e.g., Google, Wikipedia) to verify it.","Yes, frequently.","Yes, frequently.","Anxiety, Fear, Skepticism, Suspicion",You are one of the first to try it out.,Rarely,A shortcut (to do the heavy lifting or do my assignments for me).,Strongly Disagree,Strongly Disagree,Disagree,Disagree,Strongly Disagree,Agree,Strongly Disagree,Moderately concerned,Extremely concerned,Extremely concerned,Extremely concerned,Moderately concerned,"[INVALID - survey labeling error: respondents saw DS3.6 question text, not DS3.8]",Strongly Disagree,Strongly Disagree,Strongly Disagree,Strongly Disagree,Strongly Disagree,tu
09/04/2026 21:02:52,Turkey,Female,2nd year,3 - Intermediate: I use some AI tools occasionally for simple tasks and understand their basic functions.,A few times a week,"Brainstorming ideas and getting inspiration, Translating texts or learning a language, Writing/drafting text (emails, essays, reports), Helping with homework / Lesson planning",I use it as a draft or inspiration and rewrite it heavily.,"My original work would have been better, but the AI was faster.","It enriches my work (gives me ideas I wouldn't have had), but takes about the same amount of time.",A moderate amount of time (I ask for a few adjustments or refinements).,Somewhat confident,I systematically check primary and authoritative sources to confirm the data.,"Yes, occasionally.","Yes, occasionally.","Excitement, Anxiety, Fear, Enthusiasm, Suspicion",You try it out after hearing good things from friends or colleagues.,A few times a week,A creative assistant/collaborator (to brainstorm and co-create).,Agree,Disagree,Agree,Disagree,Disagree,Strongly Disagree,Disagree,Slightly concerned,Slightly concerned,Very concerned,Very concerned,Very concerned,"[INVALID - survey labeling error: respondents saw DS3.6 question text, not DS3.8]",Disagree,Strongly Disagree,Disagree,Strongly Disagree,Strongly Disagree,tu
09/04/2026 21:02:23,Turkey,Female,3rd year,3 - Intermediate: I use some AI tools occasionally for simple tasks and understand their basic functions.,Daily,"Brainstorming ideas and getting inspiration, Helping with homework / Lesson planning, Generating images or presentations",I review the AI-generated output to identify potential errors and refine the text as necessary.,"My original work would have been better, but the AI was faster.",It is a huge time saver.,"A significant amount of time (I engage in long conversations, going back and forth until the output is perfect).",Somewhat confident,"I do a quick search (e.g., Google, Wikipedia) to verify it.","Yes, occasionally.","No, never.","Fear, Hope",You wait until it becomes mainstream and most people are using it.,A few times a month,A shortcut (to do the heavy lifting or do my assignments for me).,Disagree,Disagree,Strongly Disagree,Strongly Disagree,Disagree,Agree,Strongly Disagree,Not at all concerned,Not at all concerned,Moderately concerned,Slightly concerned,Not at all concerned,"[INVALID - survey labeling error: respondents saw DS3.6 question text, not DS3.8]",Strongly Agree,Agree,Strongly Agree,Agree,Strongly Disagree,tu
09/04/2026 20:59:59,Turkey,Male,2nd year,"4 - Advanced: I use AI tools regularly for various tasks and have a good understanding of their capabilities, limits, and potential biases.",Daily,"Brainstorming ideas and getting inspiration, Helping with homework / Lesson planning, Other (daily life advice)",I review the AI-generated output to identify potential errors and refine the text as necessary.,The AI and I would have produced a similar result.,It is a huge time saver.,A moderate amount of time (I ask for a few adjustments or refinements).,Very confident,I ask the AI itself if it is sure about the answer.,"No, never.",I have never paid attention to this aspect.,"Anxiety, Curiosity, Skepticism",You only use it if it is strictly required for school or work.,A few times a month,A creative assistant/collaborator (to brainstorm and co-create).,Agree,Agree,Disagree,Strongly Disagree,Agree,Agree,Strongly Disagree,Not at all concerned,Moderately concerned,Very concerned,Moderately concerned,Moderately concerned,"[INVALID - survey labeling error: respondents saw DS3.6 question text, not DS3.8]",Agree,Disagree,Agree,Agree,Disagree,tu
09/04/2026 20:59:59,Turkey,Male,1st year,3 - Intermediate: I use some AI tools occasionally for simple tasks and understand their basic functions.,Daily,"Brainstorming ideas and getting inspiration, Summarizing long documents or articles",I review the AI-generated output to identify potential errors and refine the text as necessary.,"My original work would have been better, but the AI was faster.","It enriches my work (gives me ideas I wouldn't have had), but takes about the same amount of time.",A moderate amount of time (I ask for a few adjustments or refinements).,Somewhat confident,"I do a quick search (e.g., Google, Wikipedia) to verify it.","Yes, occasionally.","Yes, occasionally.","Curiosity, Suspicion",You wait until it becomes mainstream and most people are using it.,A few times a week,A shortcut (to do the heavy lifting or do my assignments for me).,Disagree,Disagree,Agree,Strongly Disagree,Agree,Disagree,Disagree,Not at all concerned,Slightly concerned,Very concerned,Very concerned,Slightly concerned,"[INVALID - survey labeling error: respondents saw DS3.6 question text, not DS3.8]",Agree,Disagree,Agree,Disagree,Strongly Disagree,tu
09/04/2026 20:59:40,Turkey,Female,4th year,"4 - Advanced: I use AI tools regularly for various tasks and have a good understanding of their capabilities, limits, and potential biases.",Daily,"Translating texts or learning a language, Summarizing long documents or articles, Solving math/logic problems or coding",I only use AI to review or correct content I have entirely written myself.,"My original work would have been better, but the AI was faster.",It is a huge time saver.,"A significant amount of time (I engage in long conversations, going back and forth until the output is perfect).",Somewhat confident,I systematically check primary and authoritative sources to confirm the data.,"No, never.","No, never.","Curiosity, Hope, Skepticism",You are one of the first to try it out.,Rarely,A personal tutor/mentor (to explain concepts and help me learn).,Disagree,Agree,Agree,Disagree,Strongly Disagree,Agree,Strongly Disagree,Moderately concerned,Very concerned,Very concerned,Moderately concerned,Moderately concerned,"[INVALID - survey labeling error: respondents saw DS3.6 question text, not DS3.8]",Agree,Strongly Agree,Strongly Agree,Strongly Agree,Disagree,tu
09/04/2026 20:58:12,Turkey,Male,2nd year,"4 - Advanced: I use AI tools regularly for various tasks and have a good understanding of their capabilities, limits, and potential biases.",A few times a week,"Summarizing long documents or articles, Writing/drafting text (emails, essays, reports), Solving math/logic problems or coding, Helping with homework / Lesson planning","I read it to check for major errors, but keep it mostly intact.",The AI produced a much better result than I could have.,"It enriches my work (gives me ideas I wouldn't have had), but takes about the same amount of time.",A moderate amount of time (I ask for a few adjustments or refinements).,Very confident,"I do a quick search (e.g., Google, Wikipedia) to verify it.","Yes, occasionally.","Yes, occasionally.","Anxiety, Fear, Skepticism",You try it out after hearing good things from friends or colleagues.,A few times a week,A shortcut (to do the heavy lifting or do my assignments for me).,Disagree,Agree,Disagree,Strongly Agree,Agree,Agree,Strongly Disagree,Moderately concerned,Extremely concerned,Very concerned,Very concerned,Extremely concerned,"[INVALID - survey labeling error: respondents saw DS3.6 question text, not DS3.8]",Strongly Agree,Agree,Strongly Agree,Agree,Disagree,tu
09/04/2026 20:57:38,Turkey,Male,3rd year,3 - Intermediate: I use some AI tools occasionally for simple tasks and understand their basic functions.,Rarely,"Translating texts or learning a language, Solving math/logic problems or coding, I do not use AI tools",I review the AI-generated output to identify potential errors and refine the text as necessary.,"My original work would have been better, but the AI was faster.",It is a huge time saver.,A moderate amount of time (I ask for a few adjustments or refinements).,Somewhat confident,"I do a quick search (e.g., Google, Wikipedia) to verify it.","Yes, occasionally.",I have never paid attention to this aspect.,"Excitement, Curiosity, Fear",You try it out after hearing good things from friends or colleagues.,Rarely,A smart search engine (to find information quickly and accurately).,Agree,Agree,Disagree,Disagree,Disagree,Agree,Agree,Not at all concerned,Not at all concerned,Not at all concerned,Not at all concerned,Not at all concerned,"[INVALID - survey labeling error: respondents saw DS3.6 question text, not DS3.8]",Agree,Agree,Agree,Agree,Agree,tu
09/04/2026 20:56:10,Turkey,Male,1st year,3 - Intermediate: I use some AI tools occasionally for simple tasks and understand their basic functions.,A few times a week,"Brainstorming ideas and getting inspiration, Helping with homework / Lesson planning",I review the AI-generated output to identify potential errors and refine the text as necessary.,"My original work would have been better, but the AI was faster.",It is a huge time saver.,A moderate amount of time (I ask for a few adjustments or refinements).,Somewhat confident,"I do a quick search (e.g., Google, Wikipedia) to verify it.","Yes, occasionally.","Yes, occasionally.",Curiosity,You try it out after hearing good things from friends or colleagues.,A few times a week,A smart search engine (to find information quickly and accurately).,Disagree,Strongly Disagree,Disagree,Disagree,Disagree,Disagree,Disagree,Not at all concerned,Not at all concerned,Not at all concerned,Not at all concerned,Slightly concerned,"[INVALID - survey labeling error: respondents saw DS3.6 question text, not DS3.8]",Strongly Disagree,Strongly Disagree,Strongly Disagree,Strongly Disagree,Strongly Disagree,tu
09/04/2026 20:55:14,Turkey,Female,3rd year,"4 - Advanced: I use AI tools regularly for various tasks and have a good understanding of their capabilities, limits, and potential biases.",A few times a week,Brainstorming ideas and getting inspiration,I use it as a draft or inspiration and rewrite it heavily.,"My original work would have been better, but the AI was faster.",It is a huge time saver.,A moderate amount of time (I ask for a few adjustments or refinements).,Very confident,"I do a quick search (e.g., Google, Wikipedia) to verify it.","Yes, occasionally.",I have never paid attention to this aspect.,"Anxiety, Fear, Suspicion",You wait until it becomes mainstream and most people are using it.,A few times a week,A personal tutor/mentor (to explain concepts and help me learn).,Strongly Disagree,Disagree,Disagree,Disagree,Agree,Strongly Agree,Strongly Disagree,Moderately concerned,Extremely concerned,Slightly concerned,Moderately concerned,Not at all concerned,"[INVALID - survey labeling error: respondents saw DS3.6 question text, not DS3.8]",Strongly Agree,Agree,Strongly Agree,Agree,Strongly Disagree,tu
09/04/2026 20:55:02,Turkey,Female,4th year,"2 - Novice: I know the basic concepts and have seen AI tools, but I rarely or never use them myself.",A few times a week,Helping with homework / Lesson planning,I copy and paste it directly without reading it thoroughly.,The AI produced a much better result than I could have.,It is a huge time saver.,Very little time (I usually accept the first answer it provides).,Very confident,I trust it completely and use it as is.,"Yes, frequently.","Yes, frequently.",Excitement,You are one of the first to try it out.,Daily,A smart search engine (to find information quickly and accurately).,Strongly Agree,Strongly Disagree,Disagree,Agree,Strongly Agree,Agree,Disagree,Not at all concerned,Slightly concerned,Moderately concerned,Very concerned,Extremely concerned,"[INVALID - survey labeling error: respondents saw DS3.6 question text, not DS3.8]",Strongly Disagree,Disagree,Agree,Strongly Agree,Strongly Agree,tu
09/04/2026 20:54:28,Turkey,Female,1st year,3 - Intermediate: I use some AI tools occasionally for simple tasks and understand their basic functions.,A few times a week,"Translating texts or learning a language, Writing/drafting text (emails, essays, reports), Generating images or presentations",I review the AI-generated output to identify potential errors and refine the text as necessary.,The AI produced a much better result than I could have.,It is a huge time saver.,A moderate amount of time (I ask for a few adjustments or refinements).,Somewhat confident,I ask the AI itself if it is sure about the answer.,"Yes, occasionally.",I have never paid attention to this aspect.,"Excitement, Curiosity, Hope",You try it out after hearing good things from friends or colleagues.,A few times a week,A smart search engine (to find information quickly and accurately).,Agree,Disagree,Agree,Disagree,Agree,Strongly Disagree,Strongly Disagree,Moderately concerned,Moderately concerned,Very concerned,Extremely concerned,Extremely concerned,"[INVALID - survey labeling error: respondents saw DS3.6 question text, not DS3.8]",Strongly Agree,Strongly Agree,Strongly Agree,Agree,Agree,tu
09/04/2026 20:54:25,Turkey,Male,1st year,"4 - Advanced: I use AI tools regularly for various tasks and have a good understanding of their capabilities, limits, and potential biases.",Daily,"Brainstorming ideas and getting inspiration, Writing/drafting text (emails, essays, reports), Solving math/logic problems or coding, Helping with homework / Lesson planning",I use it as a draft or inspiration and rewrite it heavily.,"My original work would have been better, but the AI was faster.","It enriches my work (gives me ideas I wouldn't have had), but takes about the same amount of time.","A significant amount of time (I engage in long conversations, going back and forth until the output is perfect).",Very confident,"I do a quick search (e.g., Google, Wikipedia) to verify it.","Yes, occasionally.","Yes, frequently.",Suspicion,You try it out after hearing good things from friends or colleagues.,A few times a week,A creative assistant/collaborator (to brainstorm and co-create).,Agree,Strongly Disagree,Strongly Disagree,Agree,Disagree,Disagree,Disagree,Not at all concerned,Very concerned,Not at all concerned,Moderately concerned,Extremely concerned,"[INVALID - survey labeling error: respondents saw DS3.6 question text, not DS3.8]",Strongly Agree,Agree,Strongly Agree,Agree,Strongly Agree,tu
09/04/2026 20:54:07,Turkey,Female,1st year,3 - Intermediate: I use some AI tools occasionally for simple tasks and understand their basic functions.,A few times a week,Helping with homework / Lesson planning,I review the AI-generated output to identify potential errors and refine the text as necessary.,The AI and I would have produced a similar result.,It is a huge time saver.,A moderate amount of time (I ask for a few adjustments or refinements).,Very confident,"I do a quick search (e.g., Google, Wikipedia) to verify it.","Yes, frequently.","Yes, occasionally.","Curiosity, Skepticism, Suspicion",You try it out after hearing good things from friends or colleagues.,A few times a week,A smart search engine (to find information quickly and accurately).,Agree,Disagree,Disagree,Disagree,Disagree,Disagree,Disagree,Slightly concerned,Slightly concerned,Slightly concerned,Slightly concerned,Slightly concerned,"[INVALID - survey labeling error: respondents saw DS3.6 question text, not DS3.8]",Agree,Agree,Agree,Agree,Agree,tu
09/04/2026 20:53:47,Turkey,Male,4th year,3 - Intermediate: I use some AI tools occasionally for simple tasks and understand their basic functions.,A few times a week,"Brainstorming ideas and getting inspiration, Helping with homework / Lesson planning",I review the AI-generated output to identify potential errors and refine the text as necessary.,"My original work would have been better, but the AI was faster.",It is a huge time saver.,A moderate amount of time (I ask for a few adjustments or refinements).,Somewhat confident,"I do a quick search (e.g., Google, Wikipedia) to verify it.","Yes, frequently.","No, never.",Hope,You wait until it becomes mainstream and most people are using it.,Rarely,A smart search engine (to find information quickly and accurately).,Strongly Disagree,Disagree,Disagree,Disagree,Disagree,Strongly Disagree,Disagree,Not at all concerned,Not at all concerned,Not at all concerned,Not at all concerned,Not at all concerned,"[INVALID - survey labeling error: respondents saw DS3.6 question text, not DS3.8]",Strongly Disagree,Strongly Disagree,Strongly Disagree,Agree,Strongly Disagree,tu
09/04/2026 20:53:24,Turkey,Male,3rd year,"2 - Novice: I know the basic concepts and have seen AI tools, but I rarely or never use them myself.",A few times a week,Brainstorming ideas and getting inspiration,I review the AI-generated output to identify potential errors and refine the text as necessary.,The AI and I would have produced a similar result.,It is a huge time saver.,A moderate amount of time (I ask for a few adjustments or refinements).,Somewhat confident,I systematically check primary and authoritative sources to confirm the data.,"Yes, occasionally.",I have never paid attention to this aspect.,Anxiety,You wait until it becomes mainstream and most people are using it.,A few times a week,A smart search engine (to find information quickly and accurately).,Disagree,Agree,Agree,Agree,Agree,Disagree,Strongly Disagree,Slightly concerned,Moderately concerned,Moderately concerned,Moderately concerned,Very concerned,"[INVALID - survey labeling error: respondents saw DS3.6 question text, not DS3.8]",Agree,Agree,Agree,Agree,Disagree,tu
09/04/2026 20:53:02,Turkey,Female,4th year,"4 - Advanced: I use AI tools regularly for various tasks and have a good understanding of their capabilities, limits, and potential biases.",Daily,"Brainstorming ideas and getting inspiration, Helping with homework / Lesson planning, Generating images or presentations",I use it as a draft or inspiration and rewrite it heavily.,"My original work would have been better, but the AI was faster.",It is a huge time saver.,A moderate amount of time (I ask for a few adjustments or refinements).,Very confident,"I do a quick search (e.g., Google, Wikipedia) to verify it.","Yes, occasionally.",I have never paid attention to this aspect.,"Excitement, Curiosity",You try it out after hearing good things from friends or colleagues.,Daily,A creative assistant/collaborator (to brainstorm and co-create).,Disagree,Agree,Disagree,Agree,Disagree,Agree,Strongly Disagree,Not at all concerned,Not at all concerned,Moderately concerned,Not at all concerned,Slightly concerned,"[INVALID - survey labeling error: respondents saw DS3.6 question text, not DS3.8]",Agree,Agree,Agree,Strongly Agree,Strongly Agree,tu
09/04/2026 20:52:52,Turkey,Female,1st year,3 - Intermediate: I use some AI tools occasionally for simple tasks and understand their basic functions.,Daily,Helping with homework / Lesson planning,I review the AI-generated output to identify potential errors and refine the text as necessary.,"My original work would have been better, but the AI was faster.",It is a waste of time (I spend more time prompting and correcting than doing it myself).,"A significant amount of time (I engage in long conversations, going back and forth until the output is perfect).",Somewhat confident,"I do a quick search (e.g., Google, Wikipedia) to verify it.","Yes, occasionally.","Yes, occasionally.",Skepticism,You wait until it becomes mainstream and most people are using it.,A few times a week,A shortcut (to do the heavy lifting or do my assignments for me).,Agree,Disagree,Agree,Strongly Disagree,Disagree,Agree,Strongly Disagree,Slightly concerned,Very concerned,Not at all concerned,Slightly concerned,Slightly concerned,"[INVALID - survey labeling error: respondents saw DS3.6 question text, not DS3.8]",Agree,Disagree,Agree,Disagree,Disagree,tu
09/04/2026 20:52:36,Turkey,Female,2nd year,"2 - Novice: I know the basic concepts and have seen AI tools, but I rarely or never use them myself.",A few times a week,"Translating texts or learning a language, Helping with homework / Lesson planning",I review the AI-generated output to identify potential errors and refine the text as necessary.,"My original work would have been better, but the AI was faster.",It is a huge time saver.,A moderate amount of time (I ask for a few adjustments or refinements).,Somewhat confident,"I do a quick search (e.g., Google, Wikipedia) to verify it.","Yes, occasionally.",I have never paid attention to this aspect.,Curiosity,You wait until it becomes mainstream and most people are using it.,A few times a week,A smart search engine (to find information quickly and accurately).,Agree,Disagree,Disagree,Strongly Disagree,Strongly Disagree,Disagree,Disagree,Extremely concerned,Not at all concerned,Not at all concerned,Slightly concerned,Not at all concerned,"[INVALID - survey labeling error: respondents saw DS3.6 question text, not DS3.8]",Strongly Agree,Strongly Agree,Strongly Agree,Strongly Agree,Strongly Disagree,tu
09/04/2026 20:51:43,Turkey,Female,4th year,3 - Intermediate: I use some AI tools occasionally for simple tasks and understand their basic functions.,A few times a week,"Brainstorming ideas and getting inspiration, Translating texts or learning a language, Generating images or presentations",I only use AI to review or correct content I have entirely written myself.,"My original work would have been better, but the AI was faster.",It is a huge time saver.,A moderate amount of time (I ask for a few adjustments or refinements).,Not very confident,"I do a quick search (e.g., Google, Wikipedia) to verify it.","Yes, occasionally.",I have never paid attention to this aspect.,"Curiosity, Suspicion",You try it out after hearing good things from friends or colleagues.,Rarely,A smart search engine (to find information quickly and accurately).,Strongly Disagree,Disagree,Disagree,Agree,Strongly Disagree,Disagree,Disagree,Not at all concerned,Slightly concerned,Very concerned,Extremely concerned,Slightly concerned,"[INVALID - survey labeling error: respondents saw DS3.6 question text, not DS3.8]",Agree,Agree,Strongly Agree,Agree,Strongly Disagree,tu
09/04/2026 20:51:14,Turkey,Male,1st year,"4 - Advanced: I use AI tools regularly for various tasks and have a good understanding of their capabilities, limits, and potential biases.",A few times a week,"Brainstorming ideas and getting inspiration, Translating texts or learning a language, Summarizing long documents or articles",I review the AI-generated output to identify potential errors and refine the text as necessary.,"My original work would have been better, but the AI was faster.",It is a huge time saver.,"A significant amount of time (I engage in long conversations, going back and forth until the output is perfect).",Not very confident,"I do a quick search (e.g., Google, Wikipedia) to verify it.","Yes, occasionally.","No, never.","Anxiety, Skepticism",You wait until it becomes mainstream and most people are using it.,A few times a week,A smart search engine (to find information quickly and accurately).,Agree,Disagree,Disagree,Disagree,Strongly Disagree,Strongly Disagree,Disagree,Very concerned,Slightly concerned,Very concerned,Very concerned,Moderately concerned,"[INVALID - survey labeling error: respondents saw DS3.6 question text, not DS3.8]",Agree,Agree,Disagree,Disagree,Agree,tu
09/04/2026 20:50:01,Turkey,Female,3rd year,"2 - Novice: I know the basic concepts and have seen AI tools, but I rarely or never use them myself.",Rarely,Helping with homework / Lesson planning,I only use AI to review or correct content I have entirely written myself.,"My original work would have been better, but the AI was faster.",It is a huge time saver.,A moderate amount of time (I ask for a few adjustments or refinements).,Somewhat confident,I systematically check primary and authoritative sources to confirm the data.,I didn't know AI could do that.,I have never paid attention to this aspect.,"Anxiety, Skepticism",You only use it if it is strictly required for school or work.,Rarely,A creative assistant/collaborator (to brainstorm and co-create).,Agree,Agree,Disagree,Strongly Disagree,Disagree,Agree,Disagree,Moderately concerned,Extremely concerned,Very concerned,Very concerned,Moderately concerned,"[INVALID - survey labeling error: respondents saw DS3.6 question text, not DS3.8]",Disagree,Agree,Disagree,Agree,Agree,tu
09/04/2026 20:49:24,Turkey,Male,1st year,"4 - Advanced: I use AI tools regularly for various tasks and have a good understanding of their capabilities, limits, and potential biases.",Daily,Helping with homework / Lesson planning,I review the AI-generated output to identify potential errors and refine the text as necessary.,"My original work would have been better, but the AI was faster.",It is a huge time saver.,Very little time (I usually accept the first answer it provides).,Somewhat confident,I ask the AI itself if it is sure about the answer.,"Yes, occasionally.","Yes, occasionally.","Skepticism, Enthusiasm",You try it out after hearing good things from friends or colleagues.,A few times a week,A smart search engine (to find information quickly and accurately).,Strongly Disagree,Agree,Agree,Agree,Agree,Agree,Agree,Slightly concerned,Slightly concerned,Slightly concerned,Slightly concerned,Slightly concerned,"[INVALID - survey labeling error: respondents saw DS3.6 question text, not DS3.8]",Agree,Agree,Agree,Agree,Agree,tu
09/04/2026 20:48:57,Turkey,Male,4th year,"5 - Expert: I have a deep understanding of how AI works, use it extensively, and could comfortably teach others how to use it responsibly.",Daily,"Brainstorming ideas and getting inspiration, Summarizing long documents or articles, Solving math/logic problems or coding",I use it as a draft or inspiration and rewrite it heavily.,"My original work would have been better, but the AI was faster.",It is a huge time saver.,A moderate amount of time (I ask for a few adjustments or refinements).,Very confident,I ask the AI itself if it is sure about the answer.,"No, never.","No, never.","Curiosity, Hope, Enthusiasm",You are one of the first to try it out.,Daily,A creative assistant/collaborator (to brainstorm and co-create).,Strongly Disagree,Agree,Agree,Disagree,Agree,Agree,Agree,Moderately concerned,Slightly concerned,Slightly concerned,Slightly concerned,Slightly concerned,"[INVALID - survey labeling error: respondents saw DS3.6 question text, not DS3.8]",Agree,Agree,Agree,Agree,Agree,tu
09/04/2026 20:48:55,Turkey,Female,1st year,"4 - Advanced: I use AI tools regularly for various tasks and have a good understanding of their capabilities, limits, and potential biases.",A few times a week,Generating images or presentations,I only use AI to review or correct content I have entirely written myself.,"The AI's output was poor/incorrect, and I had to redo most of it.",It is a huge time saver.,A moderate amount of time (I ask for a few adjustments or refinements).,Somewhat confident,"I do a quick search (e.g., Google, Wikipedia) to verify it.","Yes, frequently.","Yes, occasionally.",Skepticism,You wait until it becomes mainstream and most people are using it.,Never,A shortcut (to do the heavy lifting or do my assignments for me).,Disagree,Disagree,Disagree,Disagree,Disagree,Strongly Disagree,Disagree,Slightly concerned,Slightly concerned,Slightly concerned,Slightly concerned,Slightly concerned,"[INVALID - survey labeling error: respondents saw DS3.6 question text, not DS3.8]",Strongly Disagree,Agree,Disagree,Agree,Disagree,tu
09/04/2026 20:48:10,Turkey,Male,1st year,"2 - Novice: I know the basic concepts and have seen AI tools, but I rarely or never use them myself.",Daily,Helping with homework / Lesson planning,I copy and paste it directly without reading it thoroughly.,The AI and I would have produced a similar result.,It is a huge time saver.,Very little time (I usually accept the first answer it provides).,Not very confident,I ask the AI itself if it is sure about the answer.,"Yes, occasionally.","Yes, occasionally.",Skepticism,You try it out after hearing good things from friends or colleagues.,A few times a week,A smart search engine (to find information quickly and accurately).,Disagree,Disagree,Disagree,Disagree,Disagree,Strongly Disagree,Strongly Disagree,Slightly concerned,Not at all concerned,Slightly concerned,Slightly concerned,Slightly concerned,"[INVALID - survey labeling error: respondents saw DS3.6 question text, not DS3.8]",Agree,Agree,Agree,Disagree,Agree,tu
09/04/2026 20:47:52,Turkey,Male,3rd year,"4 - Advanced: I use AI tools regularly for various tasks and have a good understanding of their capabilities, limits, and potential biases.",A few times a month,Brainstorming ideas and getting inspiration,I review the AI-generated output to identify potential errors and refine the text as necessary.,"My original work would have been better, but the AI was faster.",It is a huge time saver.,A moderate amount of time (I ask for a few adjustments or refinements).,Somewhat confident,I ask the AI itself if it is sure about the answer.,"No, never.","Yes, occasionally.","Anxiety, Curiosity, Hope",You wait until it becomes mainstream and most people are using it.,Rarely,A smart search engine (to find information quickly and accurately).,Agree,Strongly Disagree,Strongly Disagree,Strongly Disagree,Disagree,Strongly Disagree,Disagree,Extremely concerned,Slightly concerned,Moderately concerned,Not at all concerned,Slightly concerned,"[INVALID - survey labeling error: respondents saw DS3.6 question text, not DS3.8]",Strongly Disagree,Strongly Agree,Disagree,Agree,Strongly Agree,tu
09/04/2026 20:47:14,Turkey,Male,4th year,"4 - Advanced: I use AI tools regularly for various tasks and have a good understanding of their capabilities, limits, and potential biases.",A few times a week,"Brainstorming ideas and getting inspiration, Solving math/logic problems or coding",I review the AI-generated output to identify potential errors and refine the text as necessary.,The AI produced a much better result than I could have.,It is a huge time saver.,"A significant amount of time (I engage in long conversations, going back and forth until the output is perfect).",Somewhat confident,"I do a quick search (e.g., Google, Wikipedia) to verify it.","Yes, occasionally.","No, never.","Curiosity, Skepticism",You wait until it becomes mainstream and most people are using it.,Rarely,A smart search engine (to find information quickly and accurately).,Disagree,Disagree,Agree,Agree,Disagree,Disagree,Agree,Slightly concerned,Not at all concerned,Slightly concerned,Slightly concerned,Slightly concerned,"[INVALID - survey labeling error: respondents saw DS3.6 question text, not DS3.8]",Agree,Agree,Agree,Disagree,Agree,tu
09/04/2026 20:47:05,Turkey,Female,3rd year,1 - Absolute Beginner: I know almost nothing. I have heard the term but don't really know what it is or how to use it.,A few times a week,Helping with homework / Lesson planning,I review the AI-generated output to identify potential errors and refine the text as necessary.,"My original work would have been better, but the AI was faster.","It enriches my work (gives me ideas I wouldn't have had), but takes about the same amount of time.",A moderate amount of time (I ask for a few adjustments or refinements).,Somewhat confident,"I do a quick search (e.g., Google, Wikipedia) to verify it.","Yes, occasionally.","No, never.",Skepticism,You wait until it becomes mainstream and most people are using it.,A few times a week,A smart search engine (to find information quickly and accurately).,Strongly Agree,Disagree,Agree,Disagree,Strongly Disagree,Agree,Disagree,Not at all concerned,Not at all concerned,Slightly concerned,Not at all concerned,Not at all concerned,"[INVALID - survey labeling error: respondents saw DS3.6 question text, not DS3.8]",Agree,Agree,Agree,Agree,Disagree,tu
09/04/2026 20:47:05,Turkey,Female,1st year,3 - Intermediate: I use some AI tools occasionally for simple tasks and understand their basic functions.,A few times a week,"Summarizing long documents or articles, Writing/drafting text (emails, essays, reports), Helping with homework / Lesson planning","I read it to check for major errors, but keep it mostly intact.",The AI produced a much better result than I could have.,It is a huge time saver.,Very little time (I usually accept the first answer it provides).,Somewhat confident,I ask the AI itself if it is sure about the answer.,"Yes, occasionally.","Yes, occasionally.","Anxiety, Curiosity, Fear",You wait until it becomes mainstream and most people are using it.,Daily,A smart search engine (to find information quickly and accurately).,Disagree,Disagree,Disagree,Strongly Disagree,Strongly Disagree,Disagree,Disagree,Slightly concerned,Not at all concerned,Not at all concerned,Slightly concerned,Slightly concerned,"[INVALID - survey labeling error: respondents saw DS3.6 question text, not DS3.8]",Agree,Agree,Agree,Disagree,Disagree,tu
09/04/2026 20:46:43,Turkey,Female,1st year,"4 - Advanced: I use AI tools regularly for various tasks and have a good understanding of their capabilities, limits, and potential biases.",Daily,"Brainstorming ideas and getting inspiration, Summarizing long documents or articles, Writing/drafting text (emails, essays, reports), Helping with homework / Lesson planning, Generating images or presentations",I review the AI-generated output to identify potential errors and refine the text as necessary.,The AI and I would have produced a similar result.,It is a huge time saver.,"A significant amount of time (I engage in long conversations, going back and forth until the output is perfect).",Somewhat confident,"I do a quick search (e.g., Google, Wikipedia) to verify it.","Yes, occasionally.",I have never paid attention to this aspect.,"Curiosity, Skepticism",You wait until it becomes mainstream and most people are using it.,A few times a week,A smart search engine (to find information quickly and accurately).,Agree,Disagree,Strongly Disagree,Disagree,Disagree,Strongly Disagree,Disagree,Moderately concerned,Slightly concerned,Very concerned,Slightly concerned,Very concerned,"[INVALID - survey labeling error: respondents saw DS3.6 question text, not DS3.8]",Strongly Agree,Agree,Agree,Agree,Agree,tu
09/04/2026 20:46:38,Turkey,Male,4th year,3 - Intermediate: I use some AI tools occasionally for simple tasks and understand their basic functions.,A few times a week,"Brainstorming ideas and getting inspiration, Summarizing long documents or articles, Helping with homework / Lesson planning",I use it as a draft or inspiration and rewrite it heavily.,The AI produced a much better result than I could have.,It is a huge time saver.,"A significant amount of time (I engage in long conversations, going back and forth until the output is perfect).",Very confident,"I do a quick search (e.g., Google, Wikipedia) to verify it.","Yes, occasionally.","Yes, occasionally.",Curiosity,You wait until it becomes mainstream and most people are using it.,A few times a month,A smart search engine (to find information quickly and accurately).,Disagree,Disagree,Agree,Disagree,Disagree,Agree,Disagree,Not at all concerned,Moderately concerned,Very concerned,Moderately concerned,Moderately concerned,"[INVALID - survey labeling error: respondents saw DS3.6 question text, not DS3.8]",Agree,Strongly Disagree,Disagree,Strongly Disagree,Disagree,tu
09/04/2026 20:46:14,Turkey,Male,1st year,3 - Intermediate: I use some AI tools occasionally for simple tasks and understand their basic functions.,Daily,"Brainstorming ideas and getting inspiration, Helping with homework / Lesson planning, Generating images or presentations",I review the AI-generated output to identify potential errors and refine the text as necessary.,"My original work would have been better, but the AI was faster.",It is a huge time saver.,Very little time (I usually accept the first answer it provides).,Somewhat confident,I trust it completely and use it as is.,"Yes, occasionally.",I have never paid attention to this aspect.,"Curiosity, Skepticism",You wait until it becomes mainstream and most people are using it.,A few times a week,A shortcut (to do the heavy lifting or do my assignments for me).,Disagree,Agree,Strongly Agree,Agree,Agree,Agree,Disagree,Not at all concerned,Slightly concerned,Slightly concerned,Not at all concerned,Slightly concerned,"[INVALID - survey labeling error: respondents saw DS3.6 question text, not DS3.8]",Agree,Disagree,Agree,Agree,Disagree,tu
09/04/2026 20:46:08,Turkey,Male,2nd year,"2 - Novice: I know the basic concepts and have seen AI tools, but I rarely or never use them myself.",A few times a month,Summarizing long documents or articles,"I read it to check for major errors, but keep it mostly intact.",The AI and I would have produced a similar result.,"It enriches my work (gives me ideas I wouldn't have had), but takes about the same amount of time.",A moderate amount of time (I ask for a few adjustments or refinements).,Somewhat confident,I ask the AI itself if it is sure about the answer.,"Yes, occasionally.","Yes, occasionally.","Excitement, Curiosity, Hope",You try it out after hearing good things from friends or colleagues.,A few times a week,A personal tutor/mentor (to explain concepts and help me learn).,Agree,Strongly Disagree,Strongly Disagree,Strongly Disagree,Strongly Disagree,Strongly Disagree,Strongly Disagree,Slightly concerned,Not at all concerned,Not at all concerned,Slightly concerned,Not at all concerned,"[INVALID - survey labeling error: respondents saw DS3.6 question text, not DS3.8]",Strongly Disagree,Strongly Disagree,Strongly Disagree,Disagree,Disagree,tu
09/04/2026 20:45:05,Turkey,Female,2nd year,"2 - Novice: I know the basic concepts and have seen AI tools, but I rarely or never use them myself.",Daily,"Brainstorming ideas and getting inspiration, Solving math/logic problems or coding",I review the AI-generated output to identify potential errors and refine the text as necessary.,The AI produced a much better result than I could have.,"It enriches my work (gives me ideas I wouldn't have had), but takes about the same amount of time.","A significant amount of time (I engage in long conversations, going back and forth until the output is perfect).",Very confident,"I do a quick search (e.g., Google, Wikipedia) to verify it.","Yes, occasionally.","Yes, occasionally.",Curiosity,You wait until it becomes mainstream and most people are using it.,A few times a week,A smart search engine (to find information quickly and accurately).,Strongly Agree,Disagree,Disagree,Agree,Disagree,Disagree,Strongly Disagree,Not at all concerned,Slightly concerned,Not at all concerned,Not at all concerned,Slightly concerned,"[INVALID - survey labeling error: respondents saw DS3.6 question text, not DS3.8]",Disagree,Disagree,Disagree,Disagree,Strongly Disagree,tu
09/04/2026 20:40:18,Turkey,Female,2nd year,1 - Absolute Beginner: I know almost nothing. I have heard the term but don't really know what it is or how to use it.,A few times a week,Helping with homework / Lesson planning,I review the AI-generated output to identify potential errors and refine the text as necessary.,"My original work would have been better, but the AI was faster.",It is a huge time saver.,A moderate amount of time (I ask for a few adjustments or refinements).,Somewhat confident,I ask the AI itself if it is sure about the answer.,"Yes, occasionally.","Yes, frequently.","Excitement, Anxiety, Curiosity",You try it out after hearing good things from friends or colleagues.,Daily,A personal tutor/mentor (to explain concepts and help me learn).,Agree,Strongly Disagree,Strongly Disagree,Strongly Disagree,Strongly Disagree,Disagree,Strongly Disagree,Not at all concerned,Slightly concerned,Not at all concerned,Slightly concerned,Slightly concerned,"[INVALID - survey labeling error: respondents saw DS3.6 question text, not DS3.8]",Strongly Agree,Strongly Agree,Strongly Agree,Strongly Agree,Strongly Agree,tu
09/04/2026 20:37:01,Turkey,Male,4th year,3 - Intermediate: I use some AI tools occasionally for simple tasks and understand their basic functions.,Rarely,"Brainstorming ideas and getting inspiration, Translating texts or learning a language, Summarizing long documents or articles",I review the AI-generated output to identify potential errors and refine the text as necessary.,"My original work would have been better, but the AI was faster.",It is a huge time saver.,A moderate amount of time (I ask for a few adjustments or refinements).,Somewhat confident,"I do a quick search (e.g., Google, Wikipedia) to verify it.","Yes, frequently.","No, never.","Anxiety, Fear, Skepticism, Suspicion",You wait until it becomes mainstream and most people are using it.,Rarely,A smart search engine (to find information quickly and accurately).,Disagree,Disagree,Disagree,Strongly Disagree,Strongly Disagree,Disagree,Disagree,Not at all concerned,Moderately concerned,Very concerned,Slightly concerned,Not at all concerned,"[INVALID - survey labeling error: respondents saw DS3.6 question text, not DS3.8]",Disagree,Strongly Disagree,Disagree,Disagree,Strongly Disagree,tu
09/04/2026 20:36:55,Turkey,Male,2nd year,3 - Intermediate: I use some AI tools occasionally for simple tasks and understand their basic functions.,Daily,"Translating texts or learning a language, Summarizing long documents or articles, Helping with homework / Lesson planning","I read it to check for major errors, but keep it mostly intact.",The AI produced a much better result than I could have.,It has no significant impact on my time or effort.,A moderate amount of time (I ask for a few adjustments or refinements).,Very confident,I trust it completely and use it as is.,"Yes, frequently.","Yes, frequently.",Excitement,You are one of the first to try it out.,A few times a week,A smart search engine (to find information quickly and accurately).,Agree,Disagree,Disagree,Strongly Disagree,Disagree,Disagree,Disagree,Not at all concerned,Not at all concerned,Slightly concerned,Not at all concerned,Not at all concerned,"[INVALID - survey labeling error: respondents saw DS3.6 question text, not DS3.8]",Disagree,Disagree,Disagree,Strongly Disagree,Strongly Disagree,tu
09/04/2026 20:34:04,Turkey,Male,3rd year,3 - Intermediate: I use some AI tools occasionally for simple tasks and understand their basic functions.,Daily,"Brainstorming ideas and getting inspiration, Writing/drafting text (emails, essays, reports), Generating images or presentations",I review the AI-generated output to identify potential errors and refine the text as necessary.,The AI produced a much better result than I could have.,"It enriches my work (gives me ideas I wouldn't have had), but takes about the same amount of time.",A moderate amount of time (I ask for a few adjustments or refinements).,Very confident,"I do a quick search (e.g., Google, Wikipedia) to verify it.","Yes, frequently.",I have never paid attention to this aspect.,"Anxiety, Curiosity, Fear",You wait until it becomes mainstream and most people are using it.,A few times a month,A creative assistant/collaborator (to brainstorm and co-create).,Agree,Disagree,Agree,Strongly Disagree,Agree,Disagree,Strongly Disagree,Moderately concerned,Not at all concerned,Extremely concerned,Not at all concerned,Extremely concerned,"[INVALID - survey labeling error: respondents saw DS3.6 question text, not DS3.8]",Strongly Agree,Strongly Agree,Strongly Agree,Strongly Agree,Strongly Disagree,tu
09/04/2026 20:24:05,Turkey,Female,4th year,3 - Intermediate: I use some AI tools occasionally for simple tasks and understand their basic functions.,A few times a week,"Solving math/logic problems or coding, Helping with homework / Lesson planning, Generating images or presentations",I review the AI-generated output to identify potential errors and refine the text as necessary.,"My original work would have been better, but the AI was faster.",It is a huge time saver.,A moderate amount of time (I ask for a few adjustments or refinements).,Somewhat confident,"I do a quick search (e.g., Google, Wikipedia) to verify it.","Yes, frequently.",I have never paid attention to this aspect.,"Anxiety, Skepticism, Suspicion",You wait until it becomes mainstream and most people are using it.,A few times a month,A personal tutor/mentor (to explain concepts and help me learn).,Agree,Disagree,Agree,Strongly Disagree,Disagree,Agree,Strongly Disagree,Slightly concerned,Extremely concerned,Extremely concerned,Extremely concerned,Moderately concerned,"[INVALID - survey labeling error: respondents saw DS3.6 question text, not DS3.8]",Strongly Agree,Agree,Agree,Strongly Agree,Strongly Disagree,tu
09/04/2026 20:23:07,Turkey,Male,2nd year,3 - Intermediate: I use some AI tools occasionally for simple tasks and understand their basic functions.,Daily,"Brainstorming ideas and getting inspiration, Helping with homework / Lesson planning",I review the AI-generated output to identify potential errors and refine the text as necessary.,"My original work would have been better, but the AI was faster.",It is a huge time saver.,"A significant amount of time (I engage in long conversations, going back and forth until the output is perfect).",Very confident,"I do a quick search (e.g., Google, Wikipedia) to verify it.","Yes, frequently.","Yes, frequently.","Fear, Skepticism, Suspicion",You are one of the first to try it out.,A few times a week,A creative assistant/collaborator (to brainstorm and co-create).,Agree,Strongly Disagree,Disagree,Agree,Strongly Disagree,Disagree,Strongly Disagree,Not at all concerned,Extremely concerned,Slightly concerned,Moderately concerned,Not at all concerned,"[INVALID - survey labeling error: respondents saw DS3.6 question text, not DS3.8]",Strongly Agree,Agree,Strongly Agree,Strongly Agree,Agree,tu
09/04/2026 20:19:31,Turkey,Female,4th year,1 - Absolute Beginner: I know almost nothing. I have heard the term but don't really know what it is or how to use it.,Daily,"Brainstorming ideas and getting inspiration, Writing/drafting text (emails, essays, reports), Helping with homework / Lesson planning",I use it as a draft or inspiration and rewrite it heavily.,The AI and I would have produced a similar result.,It is a huge time saver.,"A significant amount of time (I engage in long conversations, going back and forth until the output is perfect).",Somewhat confident,I trust it completely and use it as is.,"Yes, occasionally.","No, never.","Excitement, Curiosity, Hope",You are one of the first to try it out.,Daily,A smart search engine (to find information quickly and accurately).,Strongly Agree,Strongly Agree,Strongly Agree,Agree,Strongly Agree,Strongly Agree,Strongly Agree,Not at all concerned,Not at all concerned,Not at all concerned,Not at all concerned,Not at all concerned,"[INVALID - survey labeling error: respondents saw DS3.6 question text, not DS3.8]",Strongly Agree,Strongly Agree,Strongly Agree,Strongly Agree,Strongly Agree,tu
09/04/2026 20:18:48,Turkey,Female,3rd year,3 - Intermediate: I use some AI tools occasionally for simple tasks and understand their basic functions.,A few times a week,"Brainstorming ideas and getting inspiration, Writing/drafting text (emails, essays, reports), Generating images or presentations",I review the AI-generated output to identify potential errors and refine the text as necessary.,The AI and I would have produced a similar result.,It is a huge time saver.,A moderate amount of time (I ask for a few adjustments or refinements).,Somewhat confident,"I do a quick search (e.g., Google, Wikipedia) to verify it.","Yes, occasionally.","No, never.",Curiosity,You try it out after hearing good things from friends or colleagues.,A few times a week,A creative assistant/collaborator (to brainstorm and co-create).,Agree,Agree,Agree,Disagree,Disagree,Disagree,Strongly Disagree,Not at all concerned,Slightly concerned,Slightly concerned,Not at all concerned,Moderately concerned,"[INVALID - survey labeling error: respondents saw DS3.6 question text, not DS3.8]",Agree,Agree,Agree,Agree,Agree,tu
09/04/2026 20:17:30,Turkey,Male,3rd year,3 - Intermediate: I use some AI tools occasionally for simple tasks and understand their basic functions.,A few times a week,Brainstorming ideas and getting inspiration,I review the AI-generated output to identify potential errors and refine the text as necessary.,"My original work would have been better, but the AI was faster.",It has no significant impact on my time or effort.,A moderate amount of time (I ask for a few adjustments or refinements).,Somewhat confident,I systematically check primary and authoritative sources to confirm the data.,"Yes, frequently.","Yes, occasionally.","Anxiety, Skepticism, Suspicion",You try it out after hearing good things from friends or colleagues.,A few times a month,A personal tutor/mentor (to explain concepts and help me learn).,Disagree,Disagree,Disagree,Disagree,Disagree,Disagree,Disagree,Not at all concerned,Slightly concerned,Slightly concerned,Slightly concerned,Slightly concerned,"[INVALID - survey labeling error: respondents saw DS3.6 question text, not DS3.8]",Disagree,Disagree,Disagree,Disagree,Disagree,tu
09/04/2026 20:15:57,Turkey,Male,3rd year,"2 - Novice: I know the basic concepts and have seen AI tools, but I rarely or never use them myself.",A few times a month,Generating images or presentations,"I read it to check for major errors, but keep it mostly intact.",The AI and I would have produced a similar result.,"It enriches my work (gives me ideas I wouldn't have had), but takes about the same amount of time.",A moderate amount of time (I ask for a few adjustments or refinements).,Somewhat confident,I trust it completely and use it as is.,"Yes, occasionally.","Yes, occasionally.",Skepticism,You wait until it becomes mainstream and most people are using it.,A few times a month,A creative assistant/collaborator (to brainstorm and co-create).,Agree,Agree,Agree,Disagree,Agree,Agree,Disagree,Slightly concerned,Moderately concerned,Moderately concerned,Slightly concerned,Extremely concerned,"[INVALID - survey labeling error: respondents saw DS3.6 question text, not DS3.8]",Agree,Agree,Strongly Agree,Agree,Disagree,tu
09/04/2026 20:10:59,Turkey,Male,1st year,3 - Intermediate: I use some AI tools occasionally for simple tasks and understand their basic functions.,A few times a week,"Brainstorming ideas and getting inspiration, Helping with homework / Lesson planning",I review the AI-generated output to identify potential errors and refine the text as necessary.,"My original work would have been better, but the AI was faster.",It is a huge time saver.,"A significant amount of time (I engage in long conversations, going back and forth until the output is perfect).",Somewhat confident,"I do a quick search (e.g., Google, Wikipedia) to verify it.",I didn't know AI could do that.,"No, never.","Curiosity, Suspicion",You try it out after hearing good things from friends or colleagues.,A few times a week,A smart search engine (to find information quickly and accurately).,Disagree,Agree,Agree,Disagree,Disagree,Strongly Agree,Strongly Disagree,Slightly concerned,Moderately concerned,Not at all concerned,Not at all concerned,Extremely concerned,"[INVALID - survey labeling error: respondents saw DS3.6 question text, not DS3.8]",Agree,Strongly Agree,Strongly Agree,Disagree,Disagree,tu
09/04/2026 19:58:25,Turkey,Male,1st year,3 - Intermediate: I use some AI tools occasionally for simple tasks and understand their basic functions.,A few times a week,Helping with homework / Lesson planning,I copy and paste it directly without reading it thoroughly.,The AI produced a much better result than I could have.,It has no significant impact on my time or effort.,Very little time (I usually accept the first answer it provides).,Somewhat confident,I trust it completely and use it as is.,I didn't know AI could do that.,I have never paid attention to this aspect.,"Excitement, Curiosity, Skepticism",You only use it if it is strictly required for school or work.,A few times a week,A smart search engine (to find information quickly and accurately).,Disagree,Agree,Strongly Disagree,Disagree,Strongly Disagree,Disagree,Agree,Not at all concerned,Not at all concerned,Moderately concerned,Not at all concerned,Not at all concerned,"[INVALID - survey labeling error: respondents saw DS3.6 question text, not DS3.8]",Agree,Disagree,Agree,Strongly Disagree,Strongly Disagree,tu
09/04/2026 19:53:29,Turkey,Male,1st year,3 - Intermediate: I use some AI tools occasionally for simple tasks and understand their basic functions.,A few times a week,"Summarizing long documents or articles, Helping with homework / Lesson planning",I review the AI-generated output to identify potential errors and refine the text as necessary.,The AI produced a much better result than I could have.,It is a huge time saver.,A moderate amount of time (I ask for a few adjustments or refinements).,Somewhat confident,I ask the AI itself if it is sure about the answer.,"Yes, occasionally.",I have never paid attention to this aspect.,"Excitement, Curiosity, Hope",You wait until it becomes mainstream and most people are using it.,Daily,A smart search engine (to find information quickly and accurately).,Disagree,Strongly Disagree,Disagree,Strongly Disagree,Strongly Disagree,Strongly Disagree,Disagree,Slightly concerned,Very concerned,Not at all concerned,Slightly concerned,Very concerned,"[INVALID - survey labeling error: respondents saw DS3.6 question text, not DS3.8]",Agree,Agree,Strongly Agree,Agree,Strongly Disagree,tu
09/04/2026 19:53:20,Turkey,Male,4th year,"5 - Expert: I have a deep understanding of how AI works, use it extensively, and could comfortably teach others how to use it responsibly.",Daily,"Brainstorming ideas and getting inspiration, Solving math/logic problems or coding",I review the AI-generated output to identify potential errors and refine the text as necessary.,"My original work would have been better, but the AI was faster.",It is a huge time saver.,A moderate amount of time (I ask for a few adjustments or refinements).,Very confident,I systematically check primary and authoritative sources to confirm the data.,"Yes, occasionally.","Yes, frequently.","Anxiety, Skepticism, Suspicion",You are one of the first to try it out.,Daily,A smart search engine (to find information quickly and accurately).,Strongly Disagree,Agree,Strongly Disagree,Strongly Disagree,Strongly Disagree,Strongly Agree,Disagree,Moderately concerned,Extremely concerned,Extremely concerned,Very concerned,Extremely concerned,"[INVALID - survey labeling error: respondents saw DS3.6 question text, not DS3.8]",Agree,Disagree,Agree,Agree,Strongly Disagree,tu
09/04/2026 19:53:20,Turkey,Male,1st year,"4 - Advanced: I use AI tools regularly for various tasks and have a good understanding of their capabilities, limits, and potential biases.",Daily,"Brainstorming ideas and getting inspiration, Helping with homework / Lesson planning, Generating images or presentations",I review the AI-generated output to identify potential errors and refine the text as necessary.,"My original work would have been better, but the AI was faster.",It is a huge time saver.,"A significant amount of time (I engage in long conversations, going back and forth until the output is perfect).",Very confident,"I do a quick search (e.g., Google, Wikipedia) to verify it.","Yes, occasionally.","Yes, occasionally.","Excitement, Anxiety, Curiosity",You are one of the first to try it out.,Daily,A creative assistant/collaborator (to brainstorm and co-create).,Agree,Agree,Agree,Strongly Disagree,Disagree,Agree,Strongly Disagree,Moderately concerned,Very concerned,Extremely concerned,Very concerned,Slightly concerned,"[INVALID - survey labeling error: respondents saw DS3.6 question text, not DS3.8]",Agree,Agree,Strongly Agree,Agree,Disagree,tu
09/04/2026 19:52:57,Turkey,Female,3rd year,"4 - Advanced: I use AI tools regularly for various tasks and have a good understanding of their capabilities, limits, and potential biases.",Daily,"Brainstorming ideas and getting inspiration, Summarizing long documents or articles, Writing/drafting text (emails, essays, reports), Solving math/logic problems or coding, Helping with homework / Lesson planning, Generating images or presentations",I review the AI-generated output to identify potential errors and refine the text as necessary.,"My original work would have been better, but the AI was faster.",It is a huge time saver.,A moderate amount of time (I ask for a few adjustments or refinements).,Somewhat confident,"I do a quick search (e.g., Google, Wikipedia) to verify it.","Yes, occasionally.","No, never.","Curiosity, Skepticism, Suspicion",You wait until it becomes mainstream and most people are using it.,A few times a week,A smart search engine (to find information quickly and accurately).,Disagree,Agree,Agree,Agree,Agree,Agree,Agree,Not at all concerned,Slightly concerned,Slightly concerned,Slightly concerned,Very concerned,"[INVALID - survey labeling error: respondents saw DS3.6 question text, not DS3.8]",Disagree,Disagree,Disagree,Disagree,Disagree,tu
09/04/2026 19:51:54,Turkey,Male,4th year,"2 - Novice: I know the basic concepts and have seen AI tools, but I rarely or never use them myself.",A few times a week,"Solving math/logic problems or coding, Helping with homework / Lesson planning","I read it to check for major errors, but keep it mostly intact.",The AI produced a much better result than I could have.,It is a huge time saver.,Very little time (I usually accept the first answer it provides).,Somewhat confident,I ask the AI itself if it is sure about the answer.,"Yes, occasionally.","No, never.",Hope,You wait until it becomes mainstream and most people are using it.,A few times a week,A smart search engine (to find information quickly and accurately).,Disagree,Agree,Agree,Agree,Agree,Disagree,Strongly Disagree,Not at all concerned,Not at all concerned,Slightly concerned,Slightly concerned,Moderately concerned,"[INVALID - survey labeling error: respondents saw DS3.6 question text, not DS3.8]",Agree,Agree,Agree,Agree,Agree,tu
09/04/2026 19:50:54,Turkey,Male,2nd year,"4 - Advanced: I use AI tools regularly for various tasks and have a good understanding of their capabilities, limits, and potential biases.",Daily,"Brainstorming ideas and getting inspiration, Summarizing long documents or articles, Writing/drafting text (emails, essays, reports), Helping with homework / Lesson planning",I review the AI-generated output to identify potential errors and refine the text as necessary.,The AI produced a much better result than I could have.,It is a huge time saver.,A moderate amount of time (I ask for a few adjustments or refinements).,Very confident,"I do a quick search (e.g., Google, Wikipedia) to verify it.","Yes, occasionally.",I have never paid attention to this aspect.,"Anxiety, Curiosity, Hope, Skepticism, Suspicion",You wait until it becomes mainstream and most people are using it.,A few times a week,A creative assistant/collaborator (to brainstorm and co-create).,Agree,Agree,Agree,Strongly Agree,Agree,Agree,Strongly Disagree,Slightly concerned,Moderately concerned,Very concerned,Slightly concerned,Not at all concerned,"[INVALID - survey labeling error: respondents saw DS3.6 question text, not DS3.8]",Strongly Agree,Strongly Agree,Agree,Agree,Strongly Disagree,tu
09/04/2026 19:50:25,Turkey,Male,4th year,3 - Intermediate: I use some AI tools occasionally for simple tasks and understand their basic functions.,A few times a week,"Brainstorming ideas and getting inspiration, Helping with homework / Lesson planning","I read it to check for major errors, but keep it mostly intact.",The AI produced a much better result than I could have.,"It enriches my work (gives me ideas I wouldn't have had), but takes about the same amount of time.",A moderate amount of time (I ask for a few adjustments or refinements).,Not very confident,"I do a quick search (e.g., Google, Wikipedia) to verify it.","No, never.","Yes, occasionally.","Excitement, Curiosity, Skepticism",You wait until it becomes mainstream and most people are using it.,A few times a week,A shortcut (to do the heavy lifting or do my assignments for me).,Disagree,Disagree,Disagree,Agree,Disagree,Disagree,Disagree,Not at all concerned,Slightly concerned,Moderately concerned,Slightly concerned,Not at all concerned,"[INVALID - survey labeling error: respondents saw DS3.6 question text, not DS3.8]",Disagree,Agree,Agree,Agree,Disagree,tu
09/04/2026 19:49:51,Turkey,Female,4th year,3 - Intermediate: I use some AI tools occasionally for simple tasks and understand their basic functions.,A few times a week,"Brainstorming ideas and getting inspiration, Solving math/logic problems or coding, Helping with homework / Lesson planning",I review the AI-generated output to identify potential errors and refine the text as necessary.,The AI produced a much better result than I could have.,"It enriches my work (gives me ideas I wouldn't have had), but takes about the same amount of time.",A moderate amount of time (I ask for a few adjustments or refinements).,Somewhat confident,"I do a quick search (e.g., Google, Wikipedia) to verify it.","No, never.","No, never.","Curiosity, Hope, Suspicion",You try it out after hearing good things from friends or colleagues.,A few times a week,A smart search engine (to find information quickly and accurately).,Disagree,Agree,Disagree,Agree,Disagree,Strongly Disagree,Disagree,Moderately concerned,Very concerned,Moderately concerned,Extremely concerned,Very concerned,"[INVALID - survey labeling error: respondents saw DS3.6 question text, not DS3.8]",Agree,Agree,Agree,Agree,Strongly Disagree,tu
09/04/2026 19:48:08,Turkey,Female,1st year,1 - Absolute Beginner: I know almost nothing. I have heard the term but don't really know what it is or how to use it.,Never,Brainstorming ideas and getting inspiration,I only use AI to review or correct content I have entirely written myself.,The AI produced a much better result than I could have.,It has no significant impact on my time or effort.,Very little time (I usually accept the first answer it provides).,Somewhat confident,I ask the AI itself if it is sure about the answer.,"No, never.","No, never.","Curiosity, Hope",You try it out after hearing good things from friends or colleagues.,Rarely,A smart search engine (to find information quickly and accurately).,Agree,Strongly Disagree,Strongly Disagree,Strongly Disagree,Strongly Disagree,Strongly Disagree,Strongly Disagree,Not at all concerned,Not at all concerned,Not at all concerned,Not at all concerned,Not at all concerned,"[INVALID - survey labeling error: respondents saw DS3.6 question text, not DS3.8]",Agree,Agree,Agree,Agree,Agree,tu
09/04/2026 19:45:58,Turkey,Male,3rd year,"4 - Advanced: I use AI tools regularly for various tasks and have a good understanding of their capabilities, limits, and potential biases.",A few times a week,"Brainstorming ideas and getting inspiration, Writing/drafting text (emails, essays, reports), Helping with homework / Lesson planning",I review the AI-generated output to identify potential errors and refine the text as necessary.,The AI produced a much better result than I could have.,It is a huge time saver.,A moderate amount of time (I ask for a few adjustments or refinements).,Somewhat confident,"I do a quick search (e.g., Google, Wikipedia) to verify it.",I didn't know AI could do that.,"No, never.","Hope, Skepticism, Suspicion",You wait until it becomes mainstream and most people are using it.,A few times a month,A smart search engine (to find information quickly and accurately).,Agree,Disagree,Agree,Agree,Disagree,Agree,Strongly Disagree,Not at all concerned,Moderately concerned,Very concerned,Slightly concerned,Moderately concerned,"[INVALID - survey labeling error: respondents saw DS3.6 question text, not DS3.8]",Agree,Agree,Agree,Strongly Agree,Disagree,tu
09/04/2026 19:45:25,Turkey,Male,3rd year,"4 - Advanced: I use AI tools regularly for various tasks and have a good understanding of their capabilities, limits, and potential biases.",Rarely,Other (research and information gathering),I only use AI to review or correct content I have entirely written myself.,"My original work would have been better, but the AI was faster.",It is a huge time saver.,A moderate amount of time (I ask for a few adjustments or refinements).,Very confident,I systematically check primary and authoritative sources to confirm the data.,"Yes, occasionally.","Yes, occasionally.","Anxiety, Curiosity, Skepticism",You are one of the first to try it out.,Rarely,A smart search engine (to find information quickly and accurately).,Disagree,Disagree,Disagree,Disagree,Disagree,Strongly Disagree,Disagree,Moderately concerned,Not at all concerned,Moderately concerned,Moderately concerned,Moderately concerned,"[INVALID - survey labeling error: respondents saw DS3.6 question text, not DS3.8]",Agree,Agree,Disagree,Disagree,Strongly Disagree,tu
09/04/2026 19:42:36,Turkey,Male,1st year,3 - Intermediate: I use some AI tools occasionally for simple tasks and understand their basic functions.,A few times a week,"Summarizing long documents or articles, Helping with homework / Lesson planning, Generating images or presentations",I review the AI-generated output to identify potential errors and refine the text as necessary.,The AI and I would have produced a similar result.,It is a huge time saver.,A moderate amount of time (I ask for a few adjustments or refinements).,Somewhat confident,"I do a quick search (e.g., Google, Wikipedia) to verify it.","No, never.",I have never paid attention to this aspect.,"Anxiety, Curiosity, Hope",You try it out after hearing good things from friends or colleagues.,A few times a week,A smart search engine (to find information quickly and accurately).,Disagree,Agree,Strongly Agree,Strongly Disagree,Disagree,Disagree,Strongly Disagree,Slightly concerned,Not at all concerned,Slightly concerned,Not at all concerned,Very concerned,"[INVALID - survey labeling error: respondents saw DS3.6 question text, not DS3.8]",Strongly Agree,Agree,Agree,Strongly Agree,Disagree,tu
09/04/2026 19:42:28,Turkey,Female,3rd year,3 - Intermediate: I use some AI tools occasionally for simple tasks and understand their basic functions.,Daily,"Brainstorming ideas and getting inspiration, Writing/drafting text (emails, essays, reports), Solving math/logic problems or coding, Generating images or presentations",I use it as a draft or inspiration and rewrite it heavily.,"My original work would have been better, but the AI was faster.",It is a huge time saver.,A moderate amount of time (I ask for a few adjustments or refinements).,Somewhat confident,"I do a quick search (e.g., Google, Wikipedia) to verify it.","Yes, occasionally.",I have never paid attention to this aspect.,"Curiosity, Skepticism",You wait until it becomes mainstream and most people are using it.,Daily,A personal tutor/mentor (to explain concepts and help me learn).,Agree,Disagree,Disagree,Disagree,Disagree,Agree,Disagree,Very concerned,Slightly concerned,Moderately concerned,Very concerned,Extremely concerned,"[INVALID - survey labeling error: respondents saw DS3.6 question text, not DS3.8]",Agree,Agree,Agree,Agree,Agree,tu
09/04/2026 19:41:17,Turkey,Male,1st year,3 - Intermediate: I use some AI tools occasionally for simple tasks and understand their basic functions.,A few times a week,"Summarizing long documents or articles, Helping with homework / Lesson planning, Generating images or presentations","I read it to check for major errors, but keep it mostly intact.",The AI and I would have produced a similar result.,It is a huge time saver.,A moderate amount of time (I ask for a few adjustments or refinements).,Very confident,"I do a quick search (e.g., Google, Wikipedia) to verify it.","Yes, occasionally.","Yes, occasionally.","Curiosity, Skepticism, Suspicion",You wait until it becomes mainstream and most people are using it.,A few times a week,A smart search engine (to find information quickly and accurately).,Agree,Agree,Agree,Disagree,Agree,Agree,Disagree,Not at all concerned,Not at all concerned,Moderately concerned,Moderately concerned,Slightly concerned,"[INVALID - survey labeling error: respondents saw DS3.6 question text, not DS3.8]",Agree,Agree,Agree,Disagree,Strongly Disagree,tu
09/04/2026 19:38:37,Turkey,Female,2nd year,"4 - Advanced: I use AI tools regularly for various tasks and have a good understanding of their capabilities, limits, and potential biases.",Daily,"Translating texts or learning a language, Summarizing long documents or articles, Writing/drafting text (emails, essays, reports), Helping with homework / Lesson planning",I review the AI-generated output to identify potential errors and refine the text as necessary.,The AI and I would have produced a similar result.,It is a huge time saver.,A moderate amount of time (I ask for a few adjustments or refinements).,Somewhat confident,I trust it completely and use it as is.,"Yes, frequently.","No, never.","Anxiety, Curiosity, Skepticism, Suspicion",You are one of the first to try it out.,A few times a week,A shortcut (to do the heavy lifting or do my assignments for me).,Agree,Disagree,Agree,Agree,Agree,Agree,Disagree,Slightly concerned,Moderately concerned,Moderately concerned,Moderately concerned,Moderately concerned,"[INVALID - survey labeling error: respondents saw DS3.6 question text, not DS3.8]",Agree,Disagree,Agree,Agree,Disagree,tu
09/04/2026 19:36:15,Turkey,Female,3rd year,"2 - Novice: I know the basic concepts and have seen AI tools, but I rarely or never use them myself.",A few times a month,"Solving math/logic problems or coding, Helping with homework / Lesson planning",I only use AI to review or correct content I have entirely written myself.,The AI and I would have produced a similar result.,"It enriches my work (gives me ideas I wouldn't have had), but takes about the same amount of time.",Very little time (I usually accept the first answer it provides).,Somewhat confident,"I do a quick search (e.g., Google, Wikipedia) to verify it.","Yes, occasionally.",I have never paid attention to this aspect.,Curiosity,You wait until it becomes mainstream and most people are using it.,A few times a month,A smart search engine (to find information quickly and accurately).,Disagree,Agree,Agree,Disagree,Disagree,Agree,Disagree,Not at all concerned,Moderately concerned,Moderately concerned,Slightly concerned,Slightly concerned,"[INVALID - survey labeling error: respondents saw DS3.6 question text, not DS3.8]",Disagree,Disagree,Agree,Agree,Disagree,tu
09/04/2026 19:34:31,Turkey,Female,1st year,3 - Intermediate: I use some AI tools occasionally for simple tasks and understand their basic functions.,A few times a week,"Brainstorming ideas and getting inspiration, Helping with homework / Lesson planning, Generating images or presentations",I review the AI-generated output to identify potential errors and refine the text as necessary.,"My original work would have been better, but the AI was faster.","It enriches my work (gives me ideas I wouldn't have had), but takes about the same amount of time.",A moderate amount of time (I ask for a few adjustments or refinements).,Not very confident,"I do a quick search (e.g., Google, Wikipedia) to verify it.","No, never.",I have never paid attention to this aspect.,"Curiosity, Skepticism, Enthusiasm",You wait until it becomes mainstream and most people are using it.,A few times a week,A creative assistant/collaborator (to brainstorm and co-create).,Agree,Agree,Agree,Disagree,Disagree,Disagree,Disagree,Moderately concerned,Moderately concerned,Extremely concerned,Moderately concerned,Very concerned,"[INVALID - survey labeling error: respondents saw DS3.6 question text, not DS3.8]",Agree,Disagree,Agree,Strongly Agree,Strongly Agree,tu
09/04/2026 19:32:39,Turkey,Male,1st year,"4 - Advanced: I use AI tools regularly for various tasks and have a good understanding of their capabilities, limits, and potential biases.",Daily,"Writing/drafting text (emails, essays, reports), Helping with homework / Lesson planning, Generating images or presentations",I review the AI-generated output to identify potential errors and refine the text as necessary.,"My original work would have been better, but the AI was faster.",It is a huge time saver.,"A significant amount of time (I engage in long conversations, going back and forth until the output is perfect).",Somewhat confident,"I do a quick search (e.g., Google, Wikipedia) to verify it.","No, never.","No, never.","Excitement, Hope, Enthusiasm",You wait until it becomes mainstream and most people are using it.,Daily,A creative assistant/collaborator (to brainstorm and co-create).,Agree,Agree,Agree,Strongly Disagree,Strongly Disagree,Agree,Strongly Disagree,Not at all concerned,Not at all concerned,Extremely concerned,Not at all concerned,Very concerned,"[INVALID - survey labeling error: respondents saw DS3.6 question text, not DS3.8]",Strongly Agree,Strongly Agree,Strongly Agree,Agree,Strongly Disagree,tu
09/04/2026 19:31:43,Turkey,Male,3rd year,3 - Intermediate: I use some AI tools occasionally for simple tasks and understand their basic functions.,A few times a week,"Translating texts or learning a language, Summarizing long documents or articles",I review the AI-generated output to identify potential errors and refine the text as necessary.,"My original work would have been better, but the AI was faster.",It has no significant impact on my time or effort.,A moderate amount of time (I ask for a few adjustments or refinements).,Somewhat confident,"I do a quick search (e.g., Google, Wikipedia) to verify it.","Yes, occasionally.",I have never paid attention to this aspect.,Skepticism,You try it out after hearing good things from friends or colleagues.,A few times a week,A smart search engine (to find information quickly and accurately).,Disagree,Disagree,Agree,Strongly Disagree,Disagree,Agree,Disagree,Slightly concerned,Very concerned,Moderately concerned,Moderately concerned,Not at all concerned,"[INVALID - survey labeling error: respondents saw DS3.6 question text, not DS3.8]",Agree,Disagree,Agree,Strongly Disagree,Disagree,tu
09/04/2026 19:31:25,Turkey,Female,1st year,3 - Intermediate: I use some AI tools occasionally for simple tasks and understand their basic functions.,Daily,"Summarizing long documents or articles, Writing/drafting text (emails, essays, reports), Helping with homework / Lesson planning",I review the AI-generated output to identify potential errors and refine the text as necessary.,The AI produced a much better result than I could have.,It is a huge time saver.,A moderate amount of time (I ask for a few adjustments or refinements).,Somewhat confident,"I do a quick search (e.g., Google, Wikipedia) to verify it.","No, never.",I have never paid attention to this aspect.,"Curiosity, Hope, Enthusiasm",You try it out after hearing good things from friends or colleagues.,Daily,A smart search engine (to find information quickly and accurately).,Agree,Agree,Agree,Disagree,Agree,Disagree,Strongly Disagree,Slightly concerned,Moderately concerned,Moderately concerned,Slightly concerned,Not at all concerned,"[INVALID - survey labeling error: respondents saw DS3.6 question text, not DS3.8]",Agree,Disagree,Agree,Agree,Disagree,tu
09/04/2026 19:31:07,Turkey,Male,2nd year,3 - Intermediate: I use some AI tools occasionally for simple tasks and understand their basic functions.,Daily,"Brainstorming ideas and getting inspiration, Helping with homework / Lesson planning, Generating images or presentations","I read it to check for major errors, but keep it mostly intact.","My original work would have been better, but the AI was faster.",It is a huge time saver.,A moderate amount of time (I ask for a few adjustments or refinements).,Somewhat confident,I ask the AI itself if it is sure about the answer.,"Yes, occasionally.","Yes, occasionally.","Curiosity, Skepticism, Suspicion",You only use it if it is strictly required for school or work.,A few times a week,A personal tutor/mentor (to explain concepts and help me learn).,Agree,Strongly Disagree,Strongly Disagree,Strongly Disagree,Strongly Disagree,Strongly Disagree,Strongly Disagree,Slightly concerned,Slightly concerned,Slightly concerned,Not at all concerned,Slightly concerned,"[INVALID - survey labeling error: respondents saw DS3.6 question text, not DS3.8]",Agree,Agree,Agree,Agree,Agree,tu
09/04/2026 19:29:54,Turkey,Female,3rd year,"4 - Advanced: I use AI tools regularly for various tasks and have a good understanding of their capabilities, limits, and potential biases.",Daily,Brainstorming ideas and getting inspiration,I review the AI-generated output to identify potential errors and refine the text as necessary.,"My original work would have been better, but the AI was faster.",It has no significant impact on my time or effort.,A moderate amount of time (I ask for a few adjustments or refinements).,Very confident,"I do a quick search (e.g., Google, Wikipedia) to verify it.","Yes, frequently.","Yes, occasionally.",Skepticism,You are one of the first to try it out.,Rarely,A creative assistant/collaborator (to brainstorm and co-create).,Strongly Disagree,Disagree,Disagree,Disagree,Strongly Disagree,Strongly Agree,Strongly Disagree,Not at all concerned,Not at all concerned,Not at all concerned,Not at all concerned,Not at all concerned,"[INVALID - survey labeling error: respondents saw DS3.6 question text, not DS3.8]",Strongly Agree,Disagree,Strongly Agree,Strongly Disagree,Strongly Disagree,tu
09/04/2026 19:29:51,Turkey,Female,4th year,3 - Intermediate: I use some AI tools occasionally for simple tasks and understand their basic functions.,A few times a month,"Solving math/logic problems or coding, Helping with homework / Lesson planning",I only use AI to review or correct content I have entirely written myself.,"My original work would have been better, but the AI was faster.",It has no significant impact on my time or effort.,Very little time (I usually accept the first answer it provides).,Not very confident,"I do a quick search (e.g., Google, Wikipedia) to verify it.","Yes, frequently.","Yes, frequently.","Excitement, Curiosity, Skepticism",You try it out after hearing good things from friends or colleagues.,A few times a month,A shortcut (to do the heavy lifting or do my assignments for me).,Disagree,Strongly Agree,Agree,Disagree,Disagree,Disagree,Agree,Extremely concerned,Moderately concerned,Very concerned,Extremely concerned,Extremely concerned,"[INVALID - survey labeling error: respondents saw DS3.6 question text, not DS3.8]",Agree,Disagree,Agree,Disagree,Disagree,tu
09/04/2026 19:28:59,Turkey,Male,2nd year,3 - Intermediate: I use some AI tools occasionally for simple tasks and understand their basic functions.,A few times a week,Solving math/logic problems or coding,"I read it to check for major errors, but keep it mostly intact.","My original work would have been better, but the AI was faster.",It is a huge time saver.,A moderate amount of time (I ask for a few adjustments or refinements).,Somewhat confident,I ask the AI itself if it is sure about the answer.,"Yes, occasionally.","No, never.","Fear, Skepticism, Suspicion",You try it out after hearing good things from friends or colleagues.,A few times a month,A creative assistant/collaborator (to brainstorm and co-create).,Agree,Disagree,Agree,Disagree,Disagree,Agree,Agree,Moderately concerned,Very concerned,Slightly concerned,Moderately concerned,Very concerned,"[INVALID - survey labeling error: respondents saw DS3.6 question text, not DS3.8]",Agree,Agree,Disagree,Disagree,Disagree,tu
09/04/2026 19:28:48,Turkey,Male,2nd year,3 - Intermediate: I use some AI tools occasionally for simple tasks and understand their basic functions.,A few times a month,Helping with homework / Lesson planning,I review the AI-generated output to identify potential errors and refine the text as necessary.,"My original work would have been better, but the AI was faster.",It has no significant impact on my time or effort.,A moderate amount of time (I ask for a few adjustments or refinements).,Very confident,I ask the AI itself if it is sure about the answer.,"Yes, frequently.","Yes, occasionally.",Curiosity,You wait until it becomes mainstream and most people are using it.,A few times a month,A creative assistant/collaborator (to brainstorm and co-create).,Strongly Agree,Disagree,Strongly Disagree,Strongly Disagree,Disagree,Strongly Disagree,Disagree,Slightly concerned,Moderately concerned,Slightly concerned,Slightly concerned,Extremely concerned,"[INVALID - survey labeling error: respondents saw DS3.6 question text, not DS3.8]",Strongly Disagree,Strongly Agree,Agree,Disagree,Strongly Disagree,tu
09/04/2026 19:28:39,Turkey,Male,3rd year,1 - Absolute Beginner: I know almost nothing. I have heard the term but don't really know what it is or how to use it.,Rarely,"Summarizing long documents or articles, Helping with homework / Lesson planning","I read it to check for major errors, but keep it mostly intact.",The AI produced a much better result than I could have.,It has no significant impact on my time or effort.,"A significant amount of time (I engage in long conversations, going back and forth until the output is perfect).",Somewhat confident,I ask the AI itself if it is sure about the answer.,"No, never.","No, never.",Curiosity,You try it out after hearing good things from friends or colleagues.,Rarely,A shortcut (to do the heavy lifting or do my assignments for me).,Agree,Strongly Disagree,Strongly Disagree,Strongly Disagree,Disagree,Strongly Disagree,Disagree,Slightly concerned,Not at all concerned,Slightly concerned,Slightly concerned,Slightly concerned,"[INVALID - survey labeling error: respondents saw DS3.6 question text, not DS3.8]",Disagree,Disagree,Strongly Agree,Agree,Disagree,tu
09/04/2026 19:27:29,Turkey,Female,4th year,3 - Intermediate: I use some AI tools occasionally for simple tasks and understand their basic functions.,A few times a week,"Solving math/logic problems or coding, Helping with homework / Lesson planning, Generating images or presentations",I review the AI-generated output to identify potential errors and refine the text as necessary.,The AI and I would have produced a similar result.,It has no significant impact on my time or effort.,A moderate amount of time (I ask for a few adjustments or refinements).,Very confident,"I do a quick search (e.g., Google, Wikipedia) to verify it.",I didn't know AI could do that.,I have never paid attention to this aspect.,"Curiosity, Skepticism, Suspicion",You try it out after hearing good things from friends or colleagues.,A few times a month,A shortcut (to do the heavy lifting or do my assignments for me).,Disagree,Disagree,Strongly Disagree,Strongly Disagree,Disagree,Agree,Strongly Disagree,Moderately concerned,Moderately concerned,Extremely concerned,Extremely concerned,Extremely concerned,"[INVALID - survey labeling error: respondents saw DS3.6 question text, not DS3.8]",Disagree,Disagree,Agree,Agree,Disagree,tu
09/04/2026 19:27:11,Turkey,Male,2nd year,3 - Intermediate: I use some AI tools occasionally for simple tasks and understand their basic functions.,A few times a week,"Translating texts or learning a language, Helping with homework / Lesson planning",I review the AI-generated output to identify potential errors and refine the text as necessary.,"My original work would have been better, but the AI was faster.","It enriches my work (gives me ideas I wouldn't have had), but takes about the same amount of time.",A moderate amount of time (I ask for a few adjustments or refinements).,Not very confident,"I do a quick search (e.g., Google, Wikipedia) to verify it.",I didn't know AI could do that.,I have never paid attention to this aspect.,"Curiosity, Skepticism",You wait until it becomes mainstream and most people are using it.,A few times a week,A smart search engine (to find information quickly and accurately).,Agree,Agree,Agree,Strongly Disagree,Disagree,Disagree,Disagree,Not at all concerned,Moderately concerned,Slightly concerned,Slightly concerned,Extremely concerned,"[INVALID - survey labeling error: respondents saw DS3.6 question text, not DS3.8]",Agree,Agree,Agree,Agree,Strongly Disagree,tu
09/04/2026 19:26:28,Turkey,Female,3rd year,"4 - Advanced: I use AI tools regularly for various tasks and have a good understanding of their capabilities, limits, and potential biases.",Daily,"Writing/drafting text (emails, essays, reports), Helping with homework / Lesson planning, Generating images or presentations",I review the AI-generated output to identify potential errors and refine the text as necessary.,"My original work would have been better, but the AI was faster.",It is a huge time saver.,A moderate amount of time (I ask for a few adjustments or refinements).,Somewhat confident,"I do a quick search (e.g., Google, Wikipedia) to verify it.","Yes, occasionally.","Yes, occasionally.",Hope,You wait until it becomes mainstream and most people are using it.,Rarely,A creative assistant/collaborator (to brainstorm and co-create).,Disagree,Strongly Disagree,Disagree,Disagree,Disagree,Strongly Disagree,Disagree,Slightly concerned,Not at all concerned,Slightly concerned,Slightly concerned,Slightly concerned,"[INVALID - survey labeling error: respondents saw DS3.6 question text, not DS3.8]",Disagree,Strongly Disagree,Disagree,Strongly Disagree,Disagree,tu
09/04/2026 19:26:23,Turkey,Female,1st year,3 - Intermediate: I use some AI tools occasionally for simple tasks and understand their basic functions.,A few times a week,"Summarizing long documents or articles, Writing/drafting text (emails, essays, reports), Helping with homework / Lesson planning",I review the AI-generated output to identify potential errors and refine the text as necessary.,"My original work would have been better, but the AI was faster.",It has no significant impact on my time or effort.,"A significant amount of time (I engage in long conversations, going back and forth until the output is perfect).",Somewhat confident,"I do a quick search (e.g., Google, Wikipedia) to verify it.","Yes, frequently.","Yes, occasionally.","Anxiety, Skepticism, Suspicion",You only use it if it is strictly required for school or work.,A few times a week,A creative assistant/collaborator (to brainstorm and co-create).,Strongly Disagree,Strongly Disagree,Disagree,Strongly Disagree,Disagree,Disagree,Strongly Disagree,Slightly concerned,Moderately concerned,Extremely concerned,Extremely concerned,Moderately concerned,"[INVALID - survey labeling error: respondents saw DS3.6 question text, not DS3.8]",Disagree,Agree,Strongly Agree,Disagree,Disagree,tu
09/04/2026 19:26:12,Turkey,Female,4th year,3 - Intermediate: I use some AI tools occasionally for simple tasks and understand their basic functions.,A few times a week,"Solving math/logic problems or coding, Helping with homework / Lesson planning, Generating images or presentations",I review the AI-generated output to identify potential errors and refine the text as necessary.,"My original work would have been better, but the AI was faster.",It is a huge time saver.,A moderate amount of time (I ask for a few adjustments or refinements).,Somewhat confident,"I do a quick search (e.g., Google, Wikipedia) to verify it.","Yes, occasionally.","No, never.","Excitement, Curiosity, Skepticism",You wait until it becomes mainstream and most people are using it.,A few times a month,A smart search engine (to find information quickly and accurately).,Strongly Disagree,Disagree,Agree,Strongly Disagree,Strongly Disagree,Agree,Strongly Disagree,Moderately concerned,Very concerned,Very concerned,Very concerned,Extremely concerned,"[INVALID - survey labeling error: respondents saw DS3.6 question text, not DS3.8]",Strongly Agree,Strongly Agree,Strongly Agree,Strongly Agree,Disagree,tu
09/04/2026 19:26:03,Turkey,Male,3rd year,3 - Intermediate: I use some AI tools occasionally for simple tasks and understand their basic functions.,A few times a week,Helping with homework / Lesson planning,I review the AI-generated output to identify potential errors and refine the text as necessary.,The AI and I would have produced a similar result.,It has no significant impact on my time or effort.,A moderate amount of time (I ask for a few adjustments or refinements).,Somewhat confident,I ask the AI itself if it is sure about the answer.,"Yes, occasionally.","Yes, occasionally.","Curiosity, Hope",You are one of the first to try it out.,A few times a week,A shortcut (to do the heavy lifting or do my assignments for me).,Strongly Disagree,Disagree,Strongly Disagree,Agree,Disagree,Agree,Strongly Disagree,Slightly concerned,Not at all concerned,Very concerned,Moderately concerned,Extremely concerned,"[INVALID - survey labeling error: respondents saw DS3.6 question text, not DS3.8]",Agree,Agree,Agree,Agree,Agree,tu
09/04/2026 19:25:59,Turkey,Male,4th year,3 - Intermediate: I use some AI tools occasionally for simple tasks and understand their basic functions.,A few times a month,Summarizing long documents or articles,"I read it to check for major errors, but keep it mostly intact.","My original work would have been better, but the AI was faster.",It is a huge time saver.,A moderate amount of time (I ask for a few adjustments or refinements).,Somewhat confident,I systematically check primary and authoritative sources to confirm the data.,"Yes, occasionally.","Yes, occasionally.","Curiosity, Skepticism",You wait until it becomes mainstream and most people are using it.,Rarely,A shortcut (to do the heavy lifting or do my assignments for me).,Agree,Agree,Agree,Disagree,Disagree,Agree,Agree,Not at all concerned,Moderately concerned,Moderately concerned,Slightly concerned,Slightly concerned,"[INVALID - survey labeling error: respondents saw DS3.6 question text, not DS3.8]",Agree,Disagree,Agree,Disagree,Disagree,tu
09/04/2026 19:25:44,Turkey,Female,2nd year,"4 - Advanced: I use AI tools regularly for various tasks and have a good understanding of their capabilities, limits, and potential biases.",Daily,"Translating texts or learning a language, Helping with homework / Lesson planning",I use it as a draft or inspiration and rewrite it heavily.,The AI and I would have produced a similar result.,"It enriches my work (gives me ideas I wouldn't have had), but takes about the same amount of time.","A significant amount of time (I engage in long conversations, going back and forth until the output is perfect).",Very confident,"I do a quick search (e.g., Google, Wikipedia) to verify it.","Yes, occasionally.","Yes, occasionally.","Anxiety, Curiosity",You wait until it becomes mainstream and most people are using it.,Daily,A smart search engine (to find information quickly and accurately).,Agree,Agree,Agree,Disagree,Disagree,Agree,Strongly Disagree,Not at all concerned,Not at all concerned,Very concerned,Extremely concerned,Very concerned,"[INVALID - survey labeling error: respondents saw DS3.6 question text, not DS3.8]",Strongly Agree,Agree,Strongly Agree,Strongly Agree,Disagree,tu
09/04/2026 19:25:31,Turkey,Female,1st year,3 - Intermediate: I use some AI tools occasionally for simple tasks and understand their basic functions.,A few times a week,"Summarizing long documents or articles, Helping with homework / Lesson planning",I review the AI-generated output to identify potential errors and refine the text as necessary.,The AI and I would have produced a similar result.,It is a huge time saver.,"A significant amount of time (I engage in long conversations, going back and forth until the output is perfect).",Somewhat confident,"I do a quick search (e.g., Google, Wikipedia) to verify it.","Yes, occasionally.",I have never paid attention to this aspect.,"Curiosity, Skepticism",You wait until it becomes mainstream and most people are using it.,A few times a month,A personal tutor/mentor (to explain concepts and help me learn).,Agree,Agree,Agree,Agree,Disagree,Disagree,Strongly Disagree,Moderately concerned,Moderately concerned,Moderately concerned,Slightly concerned,Moderately concerned,"[INVALID - survey labeling error: respondents saw DS3.6 question text, not DS3.8]",Agree,Agree,Agree,Agree,Disagree,tu
09/04/2026 19:25:11,Turkey,Female,1st year,3 - Intermediate: I use some AI tools occasionally for simple tasks and understand their basic functions.,Daily,"Brainstorming ideas and getting inspiration, Helping with homework / Lesson planning",I review the AI-generated output to identify potential errors and refine the text as necessary.,The AI produced a much better result than I could have.,"It enriches my work (gives me ideas I wouldn't have had), but takes about the same amount of time.",A moderate amount of time (I ask for a few adjustments or refinements).,Somewhat confident,"I do a quick search (e.g., Google, Wikipedia) to verify it.","Yes, occasionally.","Yes, occasionally.","Curiosity, Hope",You wait until it becomes mainstream and most people are using it.,A few times a week,A shortcut (to do the heavy lifting or do my assignments for me).,Agree,Agree,Disagree,Agree,Strongly Disagree,Agree,Strongly Disagree,Slightly concerned,Slightly concerned,Moderately concerned,Not at all concerned,Not at all concerned,"[INVALID - survey labeling error: respondents saw DS3.6 question text, not DS3.8]",Strongly Agree,Agree,Agree,Agree,Agree,tu
09/04/2026 19:24:59,Turkey,Female,2nd year,3 - Intermediate: I use some AI tools occasionally for simple tasks and understand their basic functions.,A few times a week,"Brainstorming ideas and getting inspiration, Helping with homework / Lesson planning",I review the AI-generated output to identify potential errors and refine the text as necessary.,The AI produced a much better result than I could have.,"It enriches my work (gives me ideas I wouldn't have had), but takes about the same amount of time.",A moderate amount of time (I ask for a few adjustments or refinements).,Somewhat confident,"I do a quick search (e.g., Google, Wikipedia) to verify it.","Yes, occasionally.","No, never.","Anxiety, Curiosity, Hope",You try it out after hearing good things from friends or colleagues.,A few times a week,A shortcut (to do the heavy lifting or do my assignments for me).,Agree,Agree,Strongly Agree,Agree,Disagree,Disagree,Strongly Disagree,Moderately concerned,Slightly concerned,Moderately concerned,Slightly concerned,Slightly concerned,"[INVALID - survey labeling error: respondents saw DS3.6 question text, not DS3.8]",Agree,Agree,Strongly Agree,Disagree,Disagree,tu
09/04/2026 19:24:08,Turkey,Male,2nd year,3 - Intermediate: I use some AI tools occasionally for simple tasks and understand their basic functions.,A few times a week,"Summarizing long documents or articles, Writing/drafting text (emails, essays, reports), Helping with homework / Lesson planning",I review the AI-generated output to identify potential errors and refine the text as necessary.,The AI and I would have produced a similar result.,It is a huge time saver.,A moderate amount of time (I ask for a few adjustments or refinements).,Somewhat confident,I systematically check primary and authoritative sources to confirm the data.,"Yes, occasionally.","Yes, occasionally.","Curiosity, Skepticism",You only use it if it is strictly required for school or work.,A few times a week,A smart search engine (to find information quickly and accurately).,Agree,Disagree,Disagree,Disagree,Strongly Disagree,Agree,Strongly Disagree,Slightly concerned,Moderately concerned,Moderately concerned,Slightly concerned,Not at all concerned,"[INVALID - survey labeling error: respondents saw DS3.6 question text, not DS3.8]",Agree,Agree,Strongly Agree,Disagree,Strongly Disagree,tu
09/04/2026 19:23:48,Turkey,Male,3rd year,"4 - Advanced: I use AI tools regularly for various tasks and have a good understanding of their capabilities, limits, and potential biases.",Rarely,"Summarizing long documents or articles, Helping with homework / Lesson planning",I use it as a draft or inspiration and rewrite it heavily.,"The AI's output was poor/incorrect, and I had to redo most of it.","It enriches my work (gives me ideas I wouldn't have had), but takes about the same amount of time.",Very little time (I usually accept the first answer it provides).,Somewhat confident,I trust it completely and use it as is.,"Yes, occasionally.","Yes, occasionally.",Curiosity,You wait until it becomes mainstream and most people are using it.,Rarely,A creative assistant/collaborator (to brainstorm and co-create).,Strongly Disagree,Disagree,Disagree,Disagree,Strongly Disagree,Strongly Disagree,Disagree,Slightly concerned,Not at all concerned,Not at all concerned,Slightly concerned,Slightly concerned,"[INVALID - survey labeling error: respondents saw DS3.6 question text, not DS3.8]",Disagree,Strongly Disagree,Disagree,Strongly Disagree,Strongly Disagree,tu
09/04/2026 19:23:18,Turkey,Male,4th year,1 - Absolute Beginner: I know almost nothing. I have heard the term but don't really know what it is or how to use it.,Never,I do not use AI tools,"I read it to check for major errors, but keep it mostly intact.","My original work would have been better, but the AI was faster.",It is a waste of time (I spend more time prompting and correcting than doing it myself).,It takes so much time that sometimes I just give up and do the work myself.,Very confident,I systematically check primary and authoritative sources to confirm the data.,I didn't know AI could do that.,I have never paid attention to this aspect.,"Anxiety, Fear, Suspicion",You only use it if it is strictly required for school or work.,Never,A smart search engine (to find information quickly and accurately).,Strongly Disagree,Disagree,Disagree,Disagree,Disagree,Disagree,Disagree,Slightly concerned,Slightly concerned,Slightly concerned,Slightly concerned,Slightly concerned,"[INVALID - survey labeling error: respondents saw DS3.6 question text, not DS3.8]",Strongly Disagree,Strongly Disagree,Strongly Disagree,Strongly Disagree,Strongly Disagree,tu
09/04/2026 19:23:15,Turkey,Male,3rd year,"4 - Advanced: I use AI tools regularly for various tasks and have a good understanding of their capabilities, limits, and potential biases.",A few times a week,"Brainstorming ideas and getting inspiration, Writing/drafting text (emails, essays, reports)",I review the AI-generated output to identify potential errors and refine the text as necessary.,"My original work would have been better, but the AI was faster.",It is a huge time saver.,"A significant amount of time (I engage in long conversations, going back and forth until the output is perfect).",Very confident,I ask the AI itself if it is sure about the answer.,"Yes, occasionally.","Yes, occasionally.","Excitement, Suspicion",You wait until it becomes mainstream and most people are using it.,A few times a month,A smart search engine (to find information quickly and accurately).,Strongly Disagree,Agree,Agree,Agree,Agree,Agree,Strongly Disagree,Slightly concerned,Moderately concerned,Slightly concerned,Slightly concerned,Slightly concerned,"[INVALID - survey labeling error: respondents saw DS3.6 question text, not DS3.8]",Agree,Disagree,Agree,Agree,Disagree,tu
09/04/2026 19:22:27,Turkey,Male,3rd year,3 - Intermediate: I use some AI tools occasionally for simple tasks and understand their basic functions.,A few times a week,"Brainstorming ideas and getting inspiration, Translating texts or learning a language, Helping with homework / Lesson planning",I only use AI to review or correct content I have entirely written myself.,The AI and I would have produced a similar result.,It is a huge time saver.,It takes so much time that sometimes I just give up and do the work myself.,Somewhat confident,I systematically check primary and authoritative sources to confirm the data.,"Yes, occasionally.","Yes, occasionally.","Curiosity, Skepticism",You wait until it becomes mainstream and most people are using it.,Rarely,A smart search engine (to find information quickly and accurately).,Agree,Agree,Agree,Disagree,Disagree,Agree,Disagree,Not at all concerned,Slightly concerned,Slightly concerned,Slightly concerned,Slightly concerned,"[INVALID - survey labeling error: respondents saw DS3.6 question text, not DS3.8]",Strongly Disagree,Disagree,Agree,Agree,Agree,tu
09/04/2026 19:22:18,Turkey,Male,3rd year,"5 - Expert: I have a deep understanding of how AI works, use it extensively, and could comfortably teach others how to use it responsibly.",Daily,"Summarizing long documents or articles, Solving math/logic problems or coding, Generating images or presentations","I read it to check for major errors, but keep it mostly intact.","My original work would have been better, but the AI was faster.",It is a huge time saver.,A moderate amount of time (I ask for a few adjustments or refinements).,Somewhat confident,"I do a quick search (e.g., Google, Wikipedia) to verify it.","Yes, frequently.","No, never.","Curiosity, Hope",You are one of the first to try it out.,A few times a week,A personal tutor/mentor (to explain concepts and help me learn).,Strongly Disagree,Disagree,Disagree,Strongly Disagree,Strongly Disagree,Strongly Agree,Strongly Disagree,Not at all concerned,Moderately concerned,Slightly concerned,Not at all concerned,Not at all concerned,"[INVALID - survey labeling error: respondents saw DS3.6 question text, not DS3.8]",Strongly Disagree,Strongly Disagree,Strongly Disagree,Strongly Disagree,Strongly Disagree,tu
09/04/2026 19:22:01,Turkey,Male,1st year,3 - Intermediate: I use some AI tools occasionally for simple tasks and understand their basic functions.,Daily,"Brainstorming ideas and getting inspiration, Translating texts or learning a language, Summarizing long documents or articles, Helping with homework / Lesson planning, Other (artistic work)",I review the AI-generated output to identify potential errors and refine the text as necessary.,"My original work would have been better, but the AI was faster.","It enriches my work (gives me ideas I wouldn't have had), but takes about the same amount of time.",A moderate amount of time (I ask for a few adjustments or refinements).,Somewhat confident,"I do a quick search (e.g., Google, Wikipedia) to verify it.","Yes, occasionally.","Yes, occasionally.","Excitement, Curiosity, Fear",You try it out after hearing good things from friends or colleagues.,A few times a week,A creative assistant/collaborator (to brainstorm and co-create).,Disagree,Strongly Disagree,Strongly Disagree,Strongly Disagree,Strongly Disagree,Agree,Strongly Disagree,Not at all concerned,Not at all concerned,Slightly concerned,Slightly concerned,Slightly concerned,"[INVALID - survey labeling error: respondents saw DS3.6 question text, not DS3.8]",Strongly Agree,Disagree,Agree,Agree,Strongly Disagree,tu
09/04/2026 19:21:53,Turkey,Female,3rd year,3 - Intermediate: I use some AI tools occasionally for simple tasks and understand their basic functions.,A few times a week,"Brainstorming ideas and getting inspiration, Translating texts or learning a language, Writing/drafting text (emails, essays, reports), Generating images or presentations","I read it to check for major errors, but keep it mostly intact.","My original work would have been better, but the AI was faster.",It is a huge time saver.,A moderate amount of time (I ask for a few adjustments or refinements).,Very confident,"I do a quick search (e.g., Google, Wikipedia) to verify it.",I didn't know AI could do that.,I have never paid attention to this aspect.,"Anxiety, Curiosity, Suspicion",You wait until it becomes mainstream and most people are using it.,A few times a month,A shortcut (to do the heavy lifting or do my assignments for me).,Disagree,Disagree,Agree,Strongly Disagree,Disagree,Agree,Agree,Not at all concerned,Moderately concerned,Very concerned,Slightly concerned,Not at all concerned,"[INVALID - survey labeling error: respondents saw DS3.6 question text, not DS3.8]",Agree,Disagree,Strongly Agree,Disagree,Agree,tu
09/04/2026 19:21:48,Turkey,Female,1st year,3 - Intermediate: I use some AI tools occasionally for simple tasks and understand their basic functions.,A few times a week,"Helping with homework / Lesson planning, Generating images or presentations",I review the AI-generated output to identify potential errors and refine the text as necessary.,"My original work would have been better, but the AI was faster.","It enriches my work (gives me ideas I wouldn't have had), but takes about the same amount of time.",A moderate amount of time (I ask for a few adjustments or refinements).,Not very confident,"I do a quick search (e.g., Google, Wikipedia) to verify it.","Yes, occasionally.",I have never paid attention to this aspect.,"Curiosity, Skepticism",You try it out after hearing good things from friends or colleagues.,A few times a week,A smart search engine (to find information quickly and accurately).,Disagree,Agree,Agree,Agree,Disagree,Disagree,Agree,Slightly concerned,Moderately concerned,Moderately concerned,Slightly concerned,Moderately concerned,"[INVALID - survey labeling error: respondents saw DS3.6 question text, not DS3.8]",Agree,Agree,Agree,Agree,Disagree,tu
09/04/2026 19:21:43,Turkey,Male,2nd year,"4 - Advanced: I use AI tools regularly for various tasks and have a good understanding of their capabilities, limits, and potential biases.",Daily,"Brainstorming ideas and getting inspiration, Summarizing long documents or articles, Writing/drafting text (emails, essays, reports)",I review the AI-generated output to identify potential errors and refine the text as necessary.,The AI and I would have produced a similar result.,"It enriches my work (gives me ideas I wouldn't have had), but takes about the same amount of time.","A significant amount of time (I engage in long conversations, going back and forth until the output is perfect).",Somewhat confident,"I do a quick search (e.g., Google, Wikipedia) to verify it.","Yes, occasionally.","No, never.","Excitement, Curiosity, Hope",You try it out after hearing good things from friends or colleagues.,Daily,A personal tutor/mentor (to explain concepts and help me learn).,Strongly Disagree,Agree,Strongly Agree,Agree,Disagree,Agree,Strongly Disagree,Extremely concerned,Not at all concerned,Moderately concerned,Not at all concerned,Slightly concerned,"[INVALID - survey labeling error: respondents saw DS3.6 question text, not DS3.8]",Strongly Agree,Strongly Agree,Strongly Agree,Strongly Agree,Strongly Agree,tu
09/04/2026 19:21:26,Turkey,Male,3rd year,"4 - Advanced: I use AI tools regularly for various tasks and have a good understanding of their capabilities, limits, and potential biases.",Daily,"Brainstorming ideas and getting inspiration, Helping with homework / Lesson planning",I only use AI to review or correct content I have entirely written myself.,The AI produced a much better result than I could have.,"It enriches my work (gives me ideas I wouldn't have had), but takes about the same amount of time.",A moderate amount of time (I ask for a few adjustments or refinements).,Very confident,I ask the AI itself if it is sure about the answer.,"No, never.",I have never paid attention to this aspect.,"Excitement, Anxiety, Curiosity",You wait until it becomes mainstream and most people are using it.,Daily,A personal tutor/mentor (to explain concepts and help me learn).,Strongly Disagree,Agree,Strongly Disagree,Agree,Disagree,Agree,Strongly Disagree,Not at all concerned,Very concerned,Slightly concerned,Very concerned,Very concerned,"[INVALID - survey labeling error: respondents saw DS3.6 question text, not DS3.8]",Strongly Agree,Agree,Agree,Disagree,Agree,tu
09/04/2026 19:21:17,Turkey,Male,1st year,3 - Intermediate: I use some AI tools occasionally for simple tasks and understand their basic functions.,A few times a week,"Writing/drafting text (emails, essays, reports), Helping with homework / Lesson planning, Generating images or presentations","I read it to check for major errors, but keep it mostly intact.","My original work would have been better, but the AI was faster.",It is a huge time saver.,A moderate amount of time (I ask for a few adjustments or refinements).,Very confident,I ask the AI itself if it is sure about the answer.,"Yes, occasionally.","Yes, frequently.","Curiosity, Skepticism, Suspicion",You are one of the first to try it out.,A few times a week,A creative assistant/collaborator (to brainstorm and co-create).,Disagree,Disagree,Disagree,Disagree,Disagree,Agree,Disagree,Not at all concerned,Moderately concerned,Very concerned,Moderately concerned,Not at all concerned,"[INVALID - survey labeling error: respondents saw DS3.6 question text, not DS3.8]",Agree,Agree,Strongly Agree,Disagree,Disagree,tu
09/04/2026 19:21:11,Turkey,Female,1st year,"2 - Novice: I know the basic concepts and have seen AI tools, but I rarely or never use them myself.",A few times a week,"Brainstorming ideas and getting inspiration, Helping with homework / Lesson planning",I review the AI-generated output to identify potential errors and refine the text as necessary.,"My original work would have been better, but the AI was faster.",It is a huge time saver.,A moderate amount of time (I ask for a few adjustments or refinements).,Somewhat confident,"I do a quick search (e.g., Google, Wikipedia) to verify it.",I didn't know AI could do that.,I have never paid attention to this aspect.,"Excitement, Curiosity",You try it out after hearing good things from friends or colleagues.,A few times a week,A smart search engine (to find information quickly and accurately).,Agree,Disagree,Agree,Strongly Disagree,Agree,Agree,Strongly Disagree,Not at all concerned,Slightly concerned,Moderately concerned,Very concerned,Extremely concerned,"[INVALID - survey labeling error: respondents saw DS3.6 question text, not DS3.8]",Strongly Agree,Strongly Agree,Strongly Agree,Strongly Agree,Strongly Agree,tu
09/04/2026 19:20:46,Turkey,Female,2nd year,3 - Intermediate: I use some AI tools occasionally for simple tasks and understand their basic functions.,A few times a week,Brainstorming ideas and getting inspiration,I review the AI-generated output to identify potential errors and refine the text as necessary.,"My original work would have been better, but the AI was faster.",It is a huge time saver.,A moderate amount of time (I ask for a few adjustments or refinements).,Very confident,"I do a quick search (e.g., Google, Wikipedia) to verify it.","No, never.",I have never paid attention to this aspect.,Curiosity,You wait until it becomes mainstream and most people are using it.,Daily,A smart search engine (to find information quickly and accurately).,Disagree,Strongly Disagree,Disagree,Disagree,Strongly Disagree,Disagree,Strongly Disagree,Not at all concerned,Slightly concerned,Not at all concerned,Slightly concerned,Not at all concerned,"[INVALID - survey labeling error: respondents saw DS3.6 question text, not DS3.8]",Strongly Disagree,Disagree,Strongly Disagree,Disagree,Strongly Disagree,tu
09/04/2026 19:20:29,Turkey,Male,3rd year,3 - Intermediate: I use some AI tools occasionally for simple tasks and understand their basic functions.,A few times a week,"Brainstorming ideas and getting inspiration, Solving math/logic problems or coding",I use it as a draft or inspiration and rewrite it heavily.,"My original work would have been better, but the AI was faster.",It is a huge time saver.,A moderate amount of time (I ask for a few adjustments or refinements).,Somewhat confident,"I do a quick search (e.g., Google, Wikipedia) to verify it.","Yes, occasionally.","No, never.","Curiosity, Hope, Suspicion",You try it out after hearing good things from friends or colleagues.,A few times a week,A creative assistant/collaborator (to brainstorm and co-create).,Disagree,Disagree,Agree,Disagree,Disagree,Agree,Disagree,Slightly concerned,Slightly concerned,Very concerned,Moderately concerned,Moderately concerned,"[INVALID - survey labeling error: respondents saw DS3.6 question text, not DS3.8]",Agree,Agree,Agree,Disagree,Agree,tu
09/04/2026 19:19:54,Turkey,Female,2nd year,3 - Intermediate: I use some AI tools occasionally for simple tasks and understand their basic functions.,A few times a week,"Brainstorming ideas and getting inspiration, Translating texts or learning a language, Summarizing long documents or articles",I use it as a draft or inspiration and rewrite it heavily.,"My original work would have been better, but the AI was faster.",It is a huge time saver.,Very little time (I usually accept the first answer it provides).,Very confident,"I do a quick search (e.g., Google, Wikipedia) to verify it.","Yes, occasionally.","Yes, occasionally.","Excitement, Curiosity, Skepticism",You wait until it becomes mainstream and most people are using it.,A few times a week,A smart search engine (to find information quickly and accurately).,Strongly Agree,Disagree,Agree,Strongly Disagree,Disagree,Agree,Disagree,Moderately concerned,Slightly concerned,Not at all concerned,Moderately concerned,Extremely concerned,"[INVALID - survey labeling error: respondents saw DS3.6 question text, not DS3.8]",Strongly Agree,Agree,Strongly Agree,Agree,Disagree,tu
09/04/2026 19:19:48,Turkey,Prefer not to say,1st year,"5 - Expert: I have a deep understanding of how AI works, use it extensively, and could comfortably teach others how to use it responsibly.",Never,Other (filling out surveys),I review the AI-generated output to identify potential errors and refine the text as necessary.,"The AI's output was poor/incorrect, and I had to redo most of it.",It is a waste of time (I spend more time prompting and correcting than doing it myself).,"A significant amount of time (I engage in long conversations, going back and forth until the output is perfect).",Very confident,I trust it completely and use it as is.,I didn't know AI could do that.,I have never paid attention to this aspect.,Excitement,You wait until it becomes mainstream and most people are using it.,Never,An entertainment tool (just for fun).,Strongly Agree,Disagree,Strongly Disagree,Strongly Agree,Strongly Disagree,Agree,Strongly Agree,Extremely concerned,Extremely concerned,Extremely concerned,Extremely concerned,Extremely concerned,"[INVALID - survey labeling error: respondents saw DS3.6 question text, not DS3.8]",Strongly Disagree,Disagree,Disagree,Agree,Agree,tu
09/04/2026 19:19:46,Turkey,Male,1st year,"4 - Advanced: I use AI tools regularly for various tasks and have a good understanding of their capabilities, limits, and potential biases.",Daily,"Brainstorming ideas and getting inspiration, Translating texts or learning a language, Solving math/logic problems or coding, Helping with homework / Lesson planning",I review the AI-generated output to identify potential errors and refine the text as necessary.,The AI produced a much better result than I could have.,It is a huge time saver.,A moderate amount of time (I ask for a few adjustments or refinements).,Very confident,I trust it completely and use it as is.,"Yes, occasionally.","Yes, occasionally.","Excitement, Hope, Enthusiasm",You try it out after hearing good things from friends or colleagues.,Daily,A creative assistant/collaborator (to brainstorm and co-create).,Disagree,Strongly Agree,Strongly Agree,Agree,Strongly Agree,Strongly Agree,Strongly Disagree,Not at all concerned,Not at all concerned,Not at all concerned,Not at all concerned,Not at all concerned,"[INVALID - survey labeling error: respondents saw DS3.6 question text, not DS3.8]",Strongly Agree,Strongly Agree,Strongly Agree,Strongly Agree,Strongly Agree,tu
09/04/2026 19:19:20,Turkey,Male,1st year,3 - Intermediate: I use some AI tools occasionally for simple tasks and understand their basic functions.,A few times a week,"Brainstorming ideas and getting inspiration, Translating texts or learning a language, Helping with homework / Lesson planning",I review the AI-generated output to identify potential errors and refine the text as necessary.,The AI and I would have produced a similar result.,"It enriches my work (gives me ideas I wouldn't have had), but takes about the same amount of time.",A moderate amount of time (I ask for a few adjustments or refinements).,Somewhat confident,I ask the AI itself if it is sure about the answer.,I didn't know AI could do that.,"No, never.",Curiosity,You wait until it becomes mainstream and most people are using it.,A few times a week,A creative assistant/collaborator (to brainstorm and co-create).,Disagree,Disagree,Agree,Disagree,Agree,Disagree,Strongly Disagree,Moderately concerned,Extremely concerned,Very concerned,Slightly concerned,Moderately concerned,"[INVALID - survey labeling error: respondents saw DS3.6 question text, not DS3.8]",Agree,Agree,Agree,Agree,Disagree,tu
09/04/2026 19:18:56,Turkey,Male,3rd year,"4 - Advanced: I use AI tools regularly for various tasks and have a good understanding of their capabilities, limits, and potential biases.",A few times a month,"Writing/drafting text (emails, essays, reports)",I review the AI-generated output to identify potential errors and refine the text as necessary.,"My original work would have been better, but the AI was faster.",It is a waste of time (I spend more time prompting and correcting than doing it myself).,"A significant amount of time (I engage in long conversations, going back and forth until the output is perfect).",Not at all confident,I systematically check primary and authoritative sources to confirm the data.,"No, never.",I have never paid attention to this aspect.,Curiosity,You wait until it becomes mainstream and most people are using it.,Rarely,An entertainment tool (just for fun).,Agree,Strongly Disagree,Disagree,Disagree,Disagree,Disagree,Strongly Disagree,Slightly concerned,Slightly concerned,Slightly concerned,Slightly concerned,Slightly concerned,"[INVALID - survey labeling error: respondents saw DS3.6 question text, not DS3.8]",Disagree,Strongly Disagree,Disagree,Strongly Disagree,Disagree,tu
09/04/2026 19:18:27,Turkey,Male,3rd year,3 - Intermediate: I use some AI tools occasionally for simple tasks and understand their basic functions.,A few times a week,"Translating texts or learning a language, Helping with homework / Lesson planning, Generating images or presentations","I read it to check for major errors, but keep it mostly intact.","My original work would have been better, but the AI was faster.",It is a huge time saver.,A moderate amount of time (I ask for a few adjustments or refinements).,Somewhat confident,"I do a quick search (e.g., Google, Wikipedia) to verify it.",I didn't know AI could do that.,I have never paid attention to this aspect.,"Curiosity, Hope, Skepticism",You wait until it becomes mainstream and most people are using it.,A few times a week,A creative assistant/collaborator (to brainstorm and co-create).,Disagree,Agree,Agree,Agree,Agree,Agree,Agree,Slightly concerned,Slightly concerned,Slightly concerned,Slightly concerned,Slightly concerned,"[INVALID - survey labeling error: respondents saw DS3.6 question text, not DS3.8]",Agree,Agree,Agree,Agree,Agree,tu
09/04/2026 19:18:23,Turkey,Male,1st year,3 - Intermediate: I use some AI tools occasionally for simple tasks and understand their basic functions.,Daily,Helping with homework / Lesson planning,I review the AI-generated output to identify potential errors and refine the text as necessary.,The AI and I would have produced a similar result.,It has no significant impact on my time or effort.,A moderate amount of time (I ask for a few adjustments or refinements).,Somewhat confident,"I do a quick search (e.g., Google, Wikipedia) to verify it.","Yes, occasionally.",I have never paid attention to this aspect.,"Excitement, Curiosity, Enthusiasm",You try it out after hearing good things from friends or colleagues.,A few times a week,A smart search engine (to find information quickly and accurately).,Agree,Agree,Strongly Agree,Agree,Disagree,Disagree,Disagree,Extremely concerned,Moderately concerned,Moderately concerned,Slightly concerned,Moderately concerned,"[INVALID - survey labeling error: respondents saw DS3.6 question text, not DS3.8]",Agree,Disagree,Agree,Disagree,Strongly Disagree,tu
09/04/2026 19:18:21,Turkey,Female,3rd year,"2 - Novice: I know the basic concepts and have seen AI tools, but I rarely or never use them myself.",A few times a week,Helping with homework / Lesson planning,"I read it to check for major errors, but keep it mostly intact.","My original work would have been better, but the AI was faster.",It is a huge time saver.,A moderate amount of time (I ask for a few adjustments or refinements).,Not at all confident,"I do a quick search (e.g., Google, Wikipedia) to verify it.","Yes, frequently.",I have never paid attention to this aspect.,"Anxiety, Skepticism",You only use it if it is strictly required for school or work.,A few times a week,A shortcut (to do the heavy lifting or do my assignments for me).,Strongly Disagree,Disagree,Agree,Agree,Strongly Disagree,Disagree,Agree,Not at all concerned,Moderately concerned,Very concerned,Moderately concerned,Not at all concerned,"[INVALID - survey labeling error: respondents saw DS3.6 question text, not DS3.8]",Agree,Disagree,Agree,Agree,Disagree,tu
09/04/2026 19:18:17,Turkey,Female,1st year,3 - Intermediate: I use some AI tools occasionally for simple tasks and understand their basic functions.,A few times a week,"Translating texts or learning a language, Summarizing long documents or articles, Writing/drafting text (emails, essays, reports), Helping with homework / Lesson planning","I read it to check for major errors, but keep it mostly intact.","My original work would have been better, but the AI was faster.",It is a huge time saver.,A moderate amount of time (I ask for a few adjustments or refinements).,Very confident,I ask the AI itself if it is sure about the answer.,"Yes, occasionally.","Yes, frequently.","Curiosity, Skepticism, Suspicion",You wait until it becomes mainstream and most people are using it.,A few times a week,A shortcut (to do the heavy lifting or do my assignments for me).,Disagree,Disagree,Disagree,Disagree,Disagree,Strongly Disagree,Disagree,Moderately concerned,Moderately concerned,Extremely concerned,Extremely concerned,Not at all concerned,"[INVALID - survey labeling error: respondents saw DS3.6 question text, not DS3.8]",Agree,Agree,Agree,Agree,Agree,tu
09/04/2026 19:18:14,Turkey,Male,1st year,1 - Absolute Beginner: I know almost nothing. I have heard the term but don't really know what it is or how to use it.,A few times a week,"Brainstorming ideas and getting inspiration, Helping with homework / Lesson planning, Generating images or presentations","I read it to check for major errors, but keep it mostly intact.",The AI produced a much better result than I could have.,It is a huge time saver.,Very little time (I usually accept the first answer it provides).,Not very confident,I ask the AI itself if it is sure about the answer.,I didn't know AI could do that.,I have never paid attention to this aspect.,Curiosity,You try it out after hearing good things from friends or colleagues.,A few times a week,A smart search engine (to find information quickly and accurately).,Disagree,Disagree,Strongly Disagree,Disagree,Strongly Disagree,Disagree,Disagree,Slightly concerned,Slightly concerned,Slightly concerned,Slightly concerned,Extremely concerned,"[INVALID - survey labeling error: respondents saw DS3.6 question text, not DS3.8]",Agree,Disagree,Agree,Disagree,Strongly Agree,tu
09/04/2026 19:17:42,Turkey,Prefer not to say,4th year,"4 - Advanced: I use AI tools regularly for various tasks and have a good understanding of their capabilities, limits, and potential biases.",Daily,"Brainstorming ideas and getting inspiration, Writing/drafting text (emails, essays, reports)",I use it as a draft or inspiration and rewrite it heavily.,"My original work would have been better, but the AI was faster.","It enriches my work (gives me ideas I wouldn't have had), but takes about the same amount of time.",A moderate amount of time (I ask for a few adjustments or refinements).,Somewhat confident,"I do a quick search (e.g., Google, Wikipedia) to verify it.","Yes, occasionally.",I have never paid attention to this aspect.,Curiosity,You wait until it becomes mainstream and most people are using it.,Never,A creative assistant/collaborator (to brainstorm and co-create).,Strongly Disagree,Disagree,Disagree,Disagree,Disagree,Agree,Strongly Disagree,Not at all concerned,Not at all concerned,Moderately concerned,Not at all concerned,Extremely concerned,"[INVALID - survey labeling error: respondents saw DS3.6 question text, not DS3.8]",Agree,Agree,Agree,Agree,Agree,tu
09/04/2026 19:17:21,Turkey,Female,4th year,"4 - Advanced: I use AI tools regularly for various tasks and have a good understanding of their capabilities, limits, and potential biases.",Daily,Brainstorming ideas and getting inspiration,I use it as a draft or inspiration and rewrite it heavily.,"My original work would have been better, but the AI was faster.",It has no significant impact on my time or effort.,A moderate amount of time (I ask for a few adjustments or refinements).,Very confident,I ask the AI itself if it is sure about the answer.,"Yes, occasionally.",I have never paid attention to this aspect.,Hope,You wait until it becomes mainstream and most people are using it.,A few times a week,A smart search engine (to find information quickly and accurately).,Strongly Disagree,Disagree,Agree,Strongly Disagree,Agree,Agree,Disagree,Not at all concerned,Slightly concerned,Slightly concerned,Slightly concerned,Moderately concerned,"[INVALID - survey labeling error: respondents saw DS3.6 question text, not DS3.8]",Strongly Agree,Agree,Agree,Strongly Agree,Disagree,tu
09/04/2026 19:17:07,Turkey,Female,1st year,"2 - Novice: I know the basic concepts and have seen AI tools, but I rarely or never use them myself.",A few times a week,Helping with homework / Lesson planning,I review the AI-generated output to identify potential errors and refine the text as necessary.,The AI and I would have produced a similar result.,It is a huge time saver.,A moderate amount of time (I ask for a few adjustments or refinements).,Not very confident,"I do a quick search (e.g., Google, Wikipedia) to verify it.",I didn't know AI could do that.,I have never paid attention to this aspect.,Curiosity,You only use it if it is strictly required for school or work.,A few times a week,A smart search engine (to find information quickly and accurately).,Disagree,Disagree,Strongly Disagree,Disagree,Disagree,Strongly Disagree,Disagree,Slightly concerned,Not at all concerned,Not at all concerned,Moderately concerned,Not at all concerned,"[INVALID - survey labeling error: respondents saw DS3.6 question text, not DS3.8]",Agree,Agree,Agree,Disagree,Disagree,tu
09/04/2026 19:16:51,Turkey,Male,4th year,"2 - Novice: I know the basic concepts and have seen AI tools, but I rarely or never use them myself.",Rarely,Solving math/logic problems or coding,I review the AI-generated output to identify potential errors and refine the text as necessary.,"My original work would have been better, but the AI was faster.","It enriches my work (gives me ideas I wouldn't have had), but takes about the same amount of time.",A moderate amount of time (I ask for a few adjustments or refinements).,Somewhat confident,"I do a quick search (e.g., Google, Wikipedia) to verify it.","No, never.","No, never.",Skepticism,You wait until it becomes mainstream and most people are using it.,A few times a month,A shortcut (to do the heavy lifting or do my assignments for me).,Disagree,Disagree,Strongly Disagree,Disagree,Strongly Disagree,Disagree,Strongly Disagree,Slightly concerned,Moderately concerned,Moderately concerned,Slightly concerned,Moderately concerned,"[INVALID - survey labeling error: respondents saw DS3.6 question text, not DS3.8]",Strongly Disagree,Agree,Disagree,Disagree,Strongly Disagree,tu
09/04/2026 19:16:49,Turkey,Male,2nd year,3 - Intermediate: I use some AI tools occasionally for simple tasks and understand their basic functions.,A few times a week,"Brainstorming ideas and getting inspiration, Translating texts or learning a language, Helping with homework / Lesson planning",I review the AI-generated output to identify potential errors and refine the text as necessary.,The AI produced a much better result than I could have.,It is a huge time saver.,A moderate amount of time (I ask for a few adjustments or refinements).,Somewhat confident,"I do a quick search (e.g., Google, Wikipedia) to verify it.","Yes, occasionally.","Yes, frequently.","Skepticism, Suspicion",You try it out after hearing good things from friends or colleagues.,A few times a month,A creative assistant/collaborator (to brainstorm and co-create).,Strongly Agree,Agree,Agree,Strongly Disagree,Disagree,Agree,Strongly Disagree,Not at all concerned,Slightly concerned,Slightly concerned,Slightly concerned,Not at all concerned,"[INVALID - survey labeling error: respondents saw DS3.6 question text, not DS3.8]",Strongly Agree,Disagree,Strongly Agree,Agree,Strongly Disagree,tu
09/04/2026 19:16:41,Turkey,Female,3rd year,1 - Absolute Beginner: I know almost nothing. I have heard the term but don't really know what it is or how to use it.,A few times a week,Brainstorming ideas and getting inspiration,I only use AI to review or correct content I have entirely written myself.,"My original work would have been better, but the AI was faster.","It enriches my work (gives me ideas I wouldn't have had), but takes about the same amount of time.","A significant amount of time (I engage in long conversations, going back and forth until the output is perfect).",Somewhat confident,I systematically check primary and authoritative sources to confirm the data.,"Yes, occasionally.",I have never paid attention to this aspect.,Curiosity,You wait until it becomes mainstream and most people are using it.,A few times a month,A personal tutor/mentor (to explain concepts and help me learn).,Disagree,Disagree,Disagree,Strongly Agree,Strongly Disagree,Strongly Disagree,Disagree,Moderately concerned,Very concerned,Very concerned,Extremely concerned,Extremely concerned,"[INVALID - survey labeling error: respondents saw DS3.6 question text, not DS3.8]",Disagree,Disagree,Disagree,Disagree,Disagree,tu
09/04/2026 19:16:34,Turkey,Female,1st year,3 - Intermediate: I use some AI tools occasionally for simple tasks and understand their basic functions.,A few times a week,"Writing/drafting text (emails, essays, reports), Helping with homework / Lesson planning, Generating images or presentations",I review the AI-generated output to identify potential errors and refine the text as necessary.,"My original work would have been better, but the AI was faster.","It enriches my work (gives me ideas I wouldn't have had), but takes about the same amount of time.",A moderate amount of time (I ask for a few adjustments or refinements).,Somewhat confident,"I do a quick search (e.g., Google, Wikipedia) to verify it.","Yes, occasionally.","Yes, occasionally.",Curiosity,You try it out after hearing good things from friends or colleagues.,A few times a month,A creative assistant/collaborator (to brainstorm and co-create).,Disagree,Disagree,Disagree,Disagree,Disagree,Disagree,Disagree,Slightly concerned,Slightly concerned,Moderately concerned,Moderately concerned,Moderately concerned,"[INVALID - survey labeling error: respondents saw DS3.6 question text, not DS3.8]",Agree,Agree,Agree,Agree,Agree,tu
09/04/2026 19:16:18,Turkey,Female,2nd year,3 - Intermediate: I use some AI tools occasionally for simple tasks and understand their basic functions.,Daily,Brainstorming ideas and getting inspiration,I use it as a draft or inspiration and rewrite it heavily.,"My original work would have been better, but the AI was faster.",It is a huge time saver.,It takes so much time that sometimes I just give up and do the work myself.,Not very confident,I ask the AI itself if it is sure about the answer.,"Yes, occasionally.",I have never paid attention to this aspect.,"Curiosity, Skepticism, Suspicion",You only use it if it is strictly required for school or work.,A few times a week,A shortcut (to do the heavy lifting or do my assignments for me).,Agree,Disagree,Agree,Agree,Disagree,Disagree,Strongly Disagree,Very concerned,Not at all concerned,Not at all concerned,Not at all concerned,Not at all concerned,"[INVALID - survey labeling error: respondents saw DS3.6 question text, not DS3.8]",Strongly Agree,Agree,Strongly Agree,Strongly Agree,Strongly Agree,tu
09/04/2026 19:16:02,Turkey,Male,3rd year,3 - Intermediate: I use some AI tools occasionally for simple tasks and understand their basic functions.,A few times a week,"Translating texts or learning a language, Solving math/logic problems or coding",I review the AI-generated output to identify potential errors and refine the text as necessary.,The AI and I would have produced a similar result.,It is a huge time saver.,A moderate amount of time (I ask for a few adjustments or refinements).,Not very confident,"I do a quick search (e.g., Google, Wikipedia) to verify it.","Yes, occasionally.","Yes, occasionally.",Curiosity,You wait until it becomes mainstream and most people are using it.,A few times a month,A smart search engine (to find information quickly and accurately).,Disagree,Strongly Disagree,Strongly Agree,Disagree,Strongly Agree,Disagree,Disagree,Not at all concerned,Not at all concerned,Moderately concerned,Not at all concerned,Moderately concerned,"[INVALID - survey labeling error: respondents saw DS3.6 question text, not DS3.8]",Strongly Agree,Strongly Agree,Agree,Strongly Disagree,Agree,tu
09/04/2026 19:15:53,Turkey,Female,2nd year,"4 - Advanced: I use AI tools regularly for various tasks and have a good understanding of their capabilities, limits, and potential biases.",A few times a week,"Brainstorming ideas and getting inspiration, Translating texts or learning a language, Helping with homework / Lesson planning",I use it as a draft or inspiration and rewrite it heavily.,"My original work would have been better, but the AI was faster.","It enriches my work (gives me ideas I wouldn't have had), but takes about the same amount of time.","A significant amount of time (I engage in long conversations, going back and forth until the output is perfect).",Somewhat confident,"I do a quick search (e.g., Google, Wikipedia) to verify it.","Yes, frequently.","No, never.","Anxiety, Skepticism",You wait until it becomes mainstream and most people are using it.,A few times a month,A smart search engine (to find information quickly and accurately).,Strongly Disagree,Disagree,Disagree,Agree,Strongly Disagree,Disagree,Agree,Very concerned,Extremely concerned,Very concerned,Extremely concerned,Slightly concerned,"[INVALID - survey labeling error: respondents saw DS3.6 question text, not DS3.8]",Agree,Strongly Agree,Agree,Agree,Agree,tu
09/04/2026 19:15:46,Turkey,Female,1st year,"4 - Advanced: I use AI tools regularly for various tasks and have a good understanding of their capabilities, limits, and potential biases.",A few times a week,"Brainstorming ideas and getting inspiration, Writing/drafting text (emails, essays, reports), Helping with homework / Lesson planning",I review the AI-generated output to identify potential errors and refine the text as necessary.,"My original work would have been better, but the AI was faster.",It is a huge time saver.,A moderate amount of time (I ask for a few adjustments or refinements).,Somewhat confident,"I do a quick search (e.g., Google, Wikipedia) to verify it.","Yes, occasionally.","Yes, occasionally.","Curiosity, Hope, Skepticism",You try it out after hearing good things from friends or colleagues.,A few times a week,A personal tutor/mentor (to explain concepts and help me learn).,Disagree,Agree,Agree,Agree,Agree,Agree,Strongly Disagree,Moderately concerned,Moderately concerned,Slightly concerned,Slightly concerned,Slightly concerned,"[INVALID - survey labeling error: respondents saw DS3.6 question text, not DS3.8]",Agree,Agree,Agree,Agree,Agree,tu
09/04/2026 19:15:19,Turkey,Female,2nd year,"5 - Expert: I have a deep understanding of how AI works, use it extensively, and could comfortably teach others how to use it responsibly.",A few times a week,"Solving math/logic problems or coding, Helping with homework / Lesson planning",I use it as a draft or inspiration and rewrite it heavily.,"The AI's output was poor/incorrect, and I had to redo most of it.","It enriches my work (gives me ideas I wouldn't have had), but takes about the same amount of time.",It takes so much time that sometimes I just give up and do the work myself.,Very confident,"I do a quick search (e.g., Google, Wikipedia) to verify it.","Yes, occasionally.","Yes, occasionally.","Anxiety, Fear, Skepticism",You only use it if it is strictly required for school or work.,A few times a week,A personal tutor/mentor (to explain concepts and help me learn).,Agree,Agree,Agree,Disagree,Disagree,Strongly Agree,Strongly Disagree,Moderately concerned,Moderately concerned,Moderately concerned,Slightly concerned,Slightly concerned,"[INVALID - survey labeling error: respondents saw DS3.6 question text, not DS3.8]",Agree,Agree,Agree,Agree,Disagree,tu
09/04/2026 19:14:39,Turkey,Female,3rd year,3 - Intermediate: I use some AI tools occasionally for simple tasks and understand their basic functions.,A few times a week,"Translating texts or learning a language, Helping with homework / Lesson planning, Generating images or presentations","I read it to check for major errors, but keep it mostly intact.","My original work would have been better, but the AI was faster.",It is a huge time saver.,A moderate amount of time (I ask for a few adjustments or refinements).,Not very confident,"I do a quick search (e.g., Google, Wikipedia) to verify it.",I didn't know AI could do that.,I have never paid attention to this aspect.,Curiosity,You try it out after hearing good things from friends or colleagues.,Daily,A shortcut (to do the heavy lifting or do my assignments for me).,Strongly Disagree,Agree,Disagree,Strongly Disagree,Agree,Disagree,Disagree,Not at all concerned,Not at all concerned,Extremely concerned,Moderately concerned,Not at all concerned,"[INVALID - survey labeling error: respondents saw DS3.6 question text, not DS3.8]",Strongly Agree,Agree,Agree,Agree,Strongly Agree,tu
09/04/2026 19:13:50,Turkey,Female,1st year,3 - Intermediate: I use some AI tools occasionally for simple tasks and understand their basic functions.,Daily,Helping with homework / Lesson planning,"I read it to check for major errors, but keep it mostly intact.",The AI produced a much better result than I could have.,It is a huge time saver.,Very little time (I usually accept the first answer it provides).,Not very confident,I ask the AI itself if it is sure about the answer.,"Yes, occasionally.","Yes, occasionally.","Curiosity, Skepticism, Suspicion",You wait until it becomes mainstream and most people are using it.,A few times a week,A shortcut (to do the heavy lifting or do my assignments for me).,Disagree,Disagree,Agree,Disagree,Disagree,Strongly Disagree,Strongly Disagree,Not at all concerned,Moderately concerned,Moderately concerned,Slightly concerned,Slightly concerned,"[INVALID - survey labeling error: respondents saw DS3.6 question text, not DS3.8]",Agree,Disagree,Agree,Agree,Agree,tu
09/04/2026 19:12:54,Turkey,Male,2nd year,"2 - Novice: I know the basic concepts and have seen AI tools, but I rarely or never use them myself.",Rarely,Helping with homework / Lesson planning,I review the AI-generated output to identify potential errors and refine the text as necessary.,The AI produced a much better result than I could have.,"It enriches my work (gives me ideas I wouldn't have had), but takes about the same amount of time.",A moderate amount of time (I ask for a few adjustments or refinements).,Not very confident,"I do a quick search (e.g., Google, Wikipedia) to verify it.","No, never.","No, never.","Excitement, Anxiety, Curiosity",You wait until it becomes mainstream and most people are using it.,Rarely,A creative assistant/collaborator (to brainstorm and co-create).,Agree,Agree,Strongly Agree,Disagree,Disagree,Agree,Agree,Very concerned,Moderately concerned,Extremely concerned,Very concerned,Extremely concerned,"[INVALID - survey labeling error: respondents saw DS3.6 question text, not DS3.8]",Disagree,Strongly Disagree,Disagree,Disagree,Strongly Disagree,tu
09/04/2026 19:12:54,Turkey,Male,3rd year,"4 - Advanced: I use AI tools regularly for various tasks and have a good understanding of their capabilities, limits, and potential biases.",Daily,Brainstorming ideas and getting inspiration,I use it as a draft or inspiration and rewrite it heavily.,"The AI's output was poor/incorrect, and I had to redo most of it.",It is a waste of time (I spend more time prompting and correcting than doing it myself).,"A significant amount of time (I engage in long conversations, going back and forth until the output is perfect).",Somewhat confident,"I do a quick search (e.g., Google, Wikipedia) to verify it.",I didn't know AI could do that.,"Yes, occasionally.",Suspicion,You try it out after hearing good things from friends or colleagues.,Rarely,A creative assistant/collaborator (to brainstorm and co-create).,Agree,Strongly Agree,Strongly Agree,Strongly Disagree,Strongly Agree,Strongly Disagree,Disagree,Extremely concerned,Very concerned,Extremely concerned,Extremely concerned,Extremely concerned,"[INVALID - survey labeling error: respondents saw DS3.6 question text, not DS3.8]",Strongly Disagree,Disagree,Disagree,Strongly Disagree,Strongly Agree,tu
09/04/2026 19:12:51,Turkey,Male,1st year,3 - Intermediate: I use some AI tools occasionally for simple tasks and understand their basic functions.,A few times a week,"Translating texts or learning a language, Summarizing long documents or articles, Writing/drafting text (emails, essays, reports), Solving math/logic problems or coding, Helping with homework / Lesson planning, Generating images or presentations",I only use AI to review or correct content I have entirely written myself.,The AI and I would have produced a similar result.,It is a huge time saver.,A moderate amount of time (I ask for a few adjustments or refinements).,Somewhat confident,"I do a quick search (e.g., Google, Wikipedia) to verify it.","Yes, occasionally.","Yes, frequently.","Excitement, Curiosity, Suspicion",You try it out after hearing good things from friends or colleagues.,Daily,A personal tutor/mentor (to explain concepts and help me learn).,Disagree,Disagree,Agree,Disagree,Strongly Disagree,Strongly Agree,Strongly Agree,Not at all concerned,Slightly concerned,Extremely concerned,Very concerned,Slightly concerned,"[INVALID - survey labeling error: respondents saw DS3.6 question text, not DS3.8]",Strongly Disagree,Disagree,Agree,Agree,Strongly Agree,tu
09/04/2026 19:11:39,Turkey,Male,2nd year,3 - Intermediate: I use some AI tools occasionally for simple tasks and understand their basic functions.,A few times a week,Helping with homework / Lesson planning,"I read it to check for major errors, but keep it mostly intact.","My original work would have been better, but the AI was faster.","It enriches my work (gives me ideas I wouldn't have had), but takes about the same amount of time.",A moderate amount of time (I ask for a few adjustments or refinements).,Somewhat confident,I ask the AI itself if it is sure about the answer.,"Yes, occasionally.","Yes, frequently.","Curiosity, Skepticism, Suspicion",You try it out after hearing good things from friends or colleagues.,A few times a week,A smart search engine (to find information quickly and accurately).,Agree,Agree,Strongly Agree,Disagree,Agree,Strongly Disagree,Disagree,Slightly concerned,Moderately concerned,Not at all concerned,Very concerned,Not at all concerned,"[INVALID - survey labeling error: respondents saw DS3.6 question text, not DS3.8]",Disagree,Agree,Strongly Disagree,Strongly Agree,Agree,tu
09/04/2026 19:09:09,Turkey,Male,4th year,"4 - Advanced: I use AI tools regularly for various tasks and have a good understanding of their capabilities, limits, and potential biases.",Daily,"Brainstorming ideas and getting inspiration, Writing/drafting text (emails, essays, reports), Generating images or presentations","I read it to check for major errors, but keep it mostly intact.",The AI produced a much better result than I could have.,It is a huge time saver.,"A significant amount of time (I engage in long conversations, going back and forth until the output is perfect).",Not very confident,I trust it completely and use it as is.,"Yes, occasionally.","No, never.","Excitement, Anxiety, Curiosity",You are one of the first to try it out.,A few times a week,A shortcut (to do the heavy lifting or do my assignments for me).,Strongly Disagree,Disagree,Agree,Disagree,Agree,Disagree,Strongly Disagree,Moderately concerned,Slightly concerned,Extremely concerned,Very concerned,Extremely concerned,"[INVALID - survey labeling error: respondents saw DS3.6 question text, not DS3.8]",Agree,Agree,Strongly Agree,Strongly Agree,Disagree,tu
09/04/2026 19:05:31,Turkey,Female,2nd year,3 - Intermediate: I use some AI tools occasionally for simple tasks and understand their basic functions.,A few times a week,"Translating texts or learning a language, Generating images or presentations",I use it as a draft or inspiration and rewrite it heavily.,"My original work would have been better, but the AI was faster.",It is a huge time saver.,"A significant amount of time (I engage in long conversations, going back and forth until the output is perfect).",Not very confident,"I do a quick search (e.g., Google, Wikipedia) to verify it.","Yes, occasionally.","No, never.",Skepticism,You try it out after hearing good things from friends or colleagues.,A few times a week,A shortcut (to do the heavy lifting or do my assignments for me).,Agree,Agree,Agree,Disagree,Disagree,Agree,Strongly Disagree,Moderately concerned,Moderately concerned,Very concerned,Not at all concerned,Slightly concerned,"[INVALID - survey labeling error: respondents saw DS3.6 question text, not DS3.8]",Agree,Disagree,Agree,Agree,Strongly Disagree,tu
09/04/2026 19:05:25,Turkey,Female,2nd year,"2 - Novice: I know the basic concepts and have seen AI tools, but I rarely or never use them myself.",A few times a week,"Translating texts or learning a language, Solving math/logic problems or coding, Helping with homework / Lesson planning",I use it as a draft or inspiration and rewrite it heavily.,"My original work would have been better, but the AI was faster.","It enriches my work (gives me ideas I wouldn't have had), but takes about the same amount of time.",A moderate amount of time (I ask for a few adjustments or refinements).,Somewhat confident,I ask the AI itself if it is sure about the answer.,"Yes, occasionally.","Yes, occasionally.",,You try it out after hearing good things from friends or colleagues.,A few times a week,A personal tutor/mentor (to explain concepts and help me learn).,Agree,Strongly Disagree,Strongly Disagree,Strongly Disagree,Strongly Disagree,Strongly Disagree,Disagree,Not at all concerned,Slightly concerned,Slightly concerned,Slightly concerned,Slightly concerned,"[INVALID - survey labeling error: respondents saw DS3.6 question text, not DS3.8]",Strongly Disagree,Disagree,Strongly Disagree,Disagree,Strongly Disagree,tu
09/04/2026 19:05:16,Turkey,Male,1st year,3 - Intermediate: I use some AI tools occasionally for simple tasks and understand their basic functions.,Daily,"Brainstorming ideas and getting inspiration, Helping with homework / Lesson planning, Generating images or presentations",I review the AI-generated output to identify potential errors and refine the text as necessary.,The AI and I would have produced a similar result.,"It enriches my work (gives me ideas I wouldn't have had), but takes about the same amount of time.","A significant amount of time (I engage in long conversations, going back and forth until the output is perfect).",Very confident,I systematically check primary and authoritative sources to confirm the data.,"Yes, occasionally.","Yes, frequently.","Excitement, Curiosity, Hope, Enthusiasm",You are one of the first to try it out.,Daily,A creative assistant/collaborator (to brainstorm and co-create).,Strongly Disagree,Agree,Agree,Disagree,Disagree,Strongly Agree,Strongly Disagree,Not at all concerned,Not at all concerned,Slightly concerned,Very concerned,Moderately concerned,"[INVALID - survey labeling error: respondents saw DS3.6 question text, not DS3.8]",Agree,Strongly Agree,Disagree,Agree,Agree,tu
09/04/2026 19:01:19,Turkey,Male,1st year,"4 - Advanced: I use AI tools regularly for various tasks and have a good understanding of their capabilities, limits, and potential biases.",Daily,"Brainstorming ideas and getting inspiration, Generating images or presentations, Other (coding)",I review the AI-generated output to identify potential errors and refine the text as necessary.,The AI produced a much better result than I could have.,"It enriches my work (gives me ideas I wouldn't have had), but takes about the same amount of time.","A significant amount of time (I engage in long conversations, going back and forth until the output is perfect).",Very confident,"I do a quick search (e.g., Google, Wikipedia) to verify it.","Yes, occasionally.",I have never paid attention to this aspect.,"Curiosity, Hope, Skepticism",You wait until it becomes mainstream and most people are using it.,A few times a week,A creative assistant/collaborator (to brainstorm and co-create).,Strongly Agree,Disagree,Disagree,Strongly Disagree,Disagree,Disagree,Disagree,Moderately concerned,Slightly concerned,Not at all concerned,Slightly concerned,Extremely concerned,"[INVALID - survey labeling error: respondents saw DS3.6 question text, not DS3.8]",Agree,Disagree,Strongly Disagree,Strongly Disagree,Disagree,tu
09/04/2026 18:59:13,Turkey,Female,4th year,"2 - Novice: I know the basic concepts and have seen AI tools, but I rarely or never use them myself.",Daily,"Helping with homework / Lesson planning, Generating images or presentations","I read it to check for major errors, but keep it mostly intact.",The AI and I would have produced a similar result.,It is a huge time saver.,A moderate amount of time (I ask for a few adjustments or refinements).,Somewhat confident,I trust it completely and use it as is.,"Yes, occasionally.",I have never paid attention to this aspect.,"Anxiety, Curiosity, Suspicion",You wait until it becomes mainstream and most people are using it.,Rarely,A smart search engine (to find information quickly and accurately).,Disagree,Disagree,Agree,Disagree,Agree,Disagree,Disagree,Not at all concerned,Extremely concerned,Extremely concerned,Slightly concerned,Not at all concerned,"[INVALID - survey labeling error: respondents saw DS3.6 question text, not DS3.8]",Agree,Agree,Disagree,Strongly Agree,Strongly Agree,tu
09/04/2026 18:59:03,Turkey,Female,4th year,3 - Intermediate: I use some AI tools occasionally for simple tasks and understand their basic functions.,Daily,"Writing/drafting text (emails, essays, reports), Solving math/logic problems or coding, Helping with homework / Lesson planning",I use it as a draft or inspiration and rewrite it heavily.,"My original work would have been better, but the AI was faster.",It is a huge time saver.,A moderate amount of time (I ask for a few adjustments or refinements).,Somewhat confident,I ask the AI itself if it is sure about the answer.,"Yes, occasionally.","No, never.","Curiosity, Skepticism, Suspicion",You wait until it becomes mainstream and most people are using it.,Daily,A smart search engine (to find information quickly and accurately).,Strongly Agree,Agree,Disagree,Agree,Agree,Agree,Disagree,Not at all concerned,Slightly concerned,Moderately concerned,Moderately concerned,Moderately concerned,"[INVALID - survey labeling error: respondents saw DS3.6 question text, not DS3.8]",Strongly Agree,Strongly Agree,Strongly Agree,Strongly Agree,Agree,tu
09/04/2026 18:59:02,Turkey,Female,3rd year,3 - Intermediate: I use some AI tools occasionally for simple tasks and understand their basic functions.,A few times a month,"Brainstorming ideas and getting inspiration, Helping with homework / Lesson planning, Generating images or presentations",I review the AI-generated output to identify potential errors and refine the text as necessary.,"My original work would have been better, but the AI was faster.","It enriches my work (gives me ideas I wouldn't have had), but takes about the same amount of time.",A moderate amount of time (I ask for a few adjustments or refinements).,Somewhat confident,"I do a quick search (e.g., Google, Wikipedia) to verify it.","Yes, occasionally.","Yes, occasionally.","Excitement, Curiosity, Hope",You wait until it becomes mainstream and most people are using it.,A few times a month,A personal tutor/mentor (to explain concepts and help me learn).,Agree,Disagree,Agree,Disagree,Agree,Agree,Agree,Slightly concerned,Moderately concerned,Slightly concerned,Slightly concerned,Slightly concerned,"[INVALID - survey labeling error: respondents saw DS3.6 question text, not DS3.8]",Agree,Agree,Agree,Agree,Agree,tu
09/04/2026 18:58:35,Turkey,Male,1st year,3 - Intermediate: I use some AI tools occasionally for simple tasks and understand their basic functions.,Daily,"Brainstorming ideas and getting inspiration, Writing/drafting text (emails, essays, reports), Helping with homework / Lesson planning, Generating images or presentations",I review the AI-generated output to identify potential errors and refine the text as necessary.,"My original work would have been better, but the AI was faster.",It is a huge time saver.,A moderate amount of time (I ask for a few adjustments or refinements).,Very confident,I systematically check primary and authoritative sources to confirm the data.,"Yes, frequently.","Yes, occasionally.","Excitement, Curiosity",You wait until it becomes mainstream and most people are using it.,A few times a week,A creative assistant/collaborator (to brainstorm and co-create).,Disagree,Disagree,Strongly Disagree,Strongly Disagree,Disagree,Agree,Strongly Disagree,Slightly concerned,Slightly concerned,Extremely concerned,Slightly concerned,Slightly concerned,"[INVALID - survey labeling error: respondents saw DS3.6 question text, not DS3.8]",Agree,Agree,Agree,Disagree,Strongly Disagree,tu
09/04/2026 18:58:12,Turkey,Male,1st year,"5 - Expert: I have a deep understanding of how AI works, use it extensively, and could comfortably teach others how to use it responsibly.",Daily,"Brainstorming ideas and getting inspiration, Writing/drafting text (emails, essays, reports), Solving math/logic problems or coding",I review the AI-generated output to identify potential errors and refine the text as necessary.,"My original work would have been better, but the AI was faster.",It is a huge time saver.,"A significant amount of time (I engage in long conversations, going back and forth until the output is perfect).",Somewhat confident,I systematically check primary and authoritative sources to confirm the data.,"Yes, frequently.","Yes, frequently.","Curiosity, Skepticism, Suspicion",You are one of the first to try it out.,A few times a week,A creative assistant/collaborator (to brainstorm and co-create).,Strongly Disagree,Disagree,Strongly Disagree,Disagree,Strongly Disagree,Strongly Agree,Strongly Disagree,Moderately concerned,Slightly concerned,Not at all concerned,Slightly concerned,Slightly concerned,"[INVALID - survey labeling error: respondents saw DS3.6 question text, not DS3.8]",Agree,Disagree,Agree,Agree,Strongly Agree,tu
09/04/2026 18:58:06,Turkey,Female,1st year,3 - Intermediate: I use some AI tools occasionally for simple tasks and understand their basic functions.,Daily,"Brainstorming ideas and getting inspiration, Writing/drafting text (emails, essays, reports), Helping with homework / Lesson planning",I use it as a draft or inspiration and rewrite it heavily.,"My original work would have been better, but the AI was faster.","It enriches my work (gives me ideas I wouldn't have had), but takes about the same amount of time.",A moderate amount of time (I ask for a few adjustments or refinements).,Somewhat confident,"I do a quick search (e.g., Google, Wikipedia) to verify it.","No, never.","No, never.","Curiosity, Skepticism",You wait until it becomes mainstream and most people are using it.,Rarely,A creative assistant/collaborator (to brainstorm and co-create).,Strongly Disagree,Agree,Disagree,Agree,Disagree,Agree,Strongly Disagree,Not at all concerned,Moderately concerned,Very concerned,Very concerned,Extremely concerned,"[INVALID - survey labeling error: respondents saw DS3.6 question text, not DS3.8]",Disagree,Strongly Disagree,Agree,Agree,Disagree,tu
09/04/2026 18:58:00,Turkey,Female,2nd year,3 - Intermediate: I use some AI tools occasionally for simple tasks and understand their basic functions.,A few times a month,"Writing/drafting text (emails, essays, reports)",I review the AI-generated output to identify potential errors and refine the text as necessary.,"My original work would have been better, but the AI was faster.","It enriches my work (gives me ideas I wouldn't have had), but takes about the same amount of time.",It takes so much time that sometimes I just give up and do the work myself.,Somewhat confident,"I do a quick search (e.g., Google, Wikipedia) to verify it.","Yes, occasionally.","Yes, frequently.",Anxiety,You only use it if it is strictly required for school or work.,A few times a month,A smart search engine (to find information quickly and accurately).,Disagree,Disagree,Disagree,Strongly Disagree,Disagree,Disagree,Strongly Disagree,Extremely concerned,Very concerned,Extremely concerned,Extremely concerned,Slightly concerned,"[INVALID - survey labeling error: respondents saw DS3.6 question text, not DS3.8]",Disagree,Strongly Disagree,Strongly Agree,Agree,Agree,tu
09/04/2026 18:56:58,Turkey,Female,4th year,"4 - Advanced: I use AI tools regularly for various tasks and have a good understanding of their capabilities, limits, and potential biases.",Daily,"Brainstorming ideas and getting inspiration, Helping with homework / Lesson planning, Generating images or presentations",I review the AI-generated output to identify potential errors and refine the text as necessary.,The AI produced a much better result than I could have.,It is a huge time saver.,"A significant amount of time (I engage in long conversations, going back and forth until the output is perfect).",Somewhat confident,"I do a quick search (e.g., Google, Wikipedia) to verify it.","Yes, occasionally.",I have never paid attention to this aspect.,Curiosity,You try it out after hearing good things from friends or colleagues.,A few times a week,A creative assistant/collaborator (to brainstorm and co-create).,Strongly Disagree,Disagree,Agree,Disagree,Disagree,Agree,Disagree,Slightly concerned,Moderately concerned,Very concerned,Slightly concerned,Slightly concerned,"[INVALID - survey labeling error: respondents saw DS3.6 question text, not DS3.8]",Agree,Agree,Agree,Agree,Agree,tu
09/04/2026 18:56:55,Turkey,Female,2nd year,"4 - Advanced: I use AI tools regularly for various tasks and have a good understanding of their capabilities, limits, and potential biases.",Daily,"Translating texts or learning a language, Solving math/logic problems or coding, Helping with homework / Lesson planning",I review the AI-generated output to identify potential errors and refine the text as necessary.,"My original work would have been better, but the AI was faster.",It is a huge time saver.,A moderate amount of time (I ask for a few adjustments or refinements).,Somewhat confident,"I do a quick search (e.g., Google, Wikipedia) to verify it.",I didn't know AI could do that.,I have never paid attention to this aspect.,"Curiosity, Skepticism, Suspicion",You try it out after hearing good things from friends or colleagues.,Daily,A smart search engine (to find information quickly and accurately).,Agree,Agree,Agree,Disagree,Disagree,Disagree,Strongly Disagree,Slightly concerned,Slightly concerned,Slightly concerned,Slightly concerned,Not at all concerned,"[INVALID - survey labeling error: respondents saw DS3.6 question text, not DS3.8]",Agree,Agree,Agree,Agree,Disagree,tu
09/04/2026 18:56:50,Turkey,Female,2nd year,"5 - Expert: I have a deep understanding of how AI works, use it extensively, and could comfortably teach others how to use it responsibly.",Daily,"Summarizing long documents or articles, Writing/drafting text (emails, essays, reports), Helping with homework / Lesson planning",I only use AI to review or correct content I have entirely written myself.,"The AI's output was poor/incorrect, and I had to redo most of it.",It is a waste of time (I spend more time prompting and correcting than doing it myself).,It takes so much time that sometimes I just give up and do the work myself.,Very confident,"I do a quick search (e.g., Google, Wikipedia) to verify it.","Yes, frequently.","Yes, frequently.",Anxiety,You are one of the first to try it out.,Rarely,An entertainment tool (just for fun).,Disagree,Disagree,Strongly Disagree,Strongly Disagree,Disagree,Agree,Strongly Disagree,Very concerned,Extremely concerned,Very concerned,Extremely concerned,Extremely concerned,"[INVALID - survey labeling error: respondents saw DS3.6 question text, not DS3.8]",Agree,Agree,Agree,Agree,Agree,tu
09/04/2026 18:56:42,Turkey,Male,1st year,3 - Intermediate: I use some AI tools occasionally for simple tasks and understand their basic functions.,A few times a week,"Summarizing long documents or articles, Writing/drafting text (emails, essays, reports)",I review the AI-generated output to identify potential errors and refine the text as necessary.,"My original work would have been better, but the AI was faster.",It is a huge time saver.,A moderate amount of time (I ask for a few adjustments or refinements).,Very confident,"I do a quick search (e.g., Google, Wikipedia) to verify it.",I didn't know AI could do that.,"Yes, occasionally.","Curiosity, Skepticism, Suspicion",You wait until it becomes mainstream and most people are using it.,Rarely,An entertainment tool (just for fun).,Agree,Agree,Agree,Disagree,Strongly Disagree,Agree,Agree,Not at all concerned,Moderately concerned,Slightly concerned,Slightly concerned,Moderately concerned,"[INVALID - survey labeling error: respondents saw DS3.6 question text, not DS3.8]",Agree,Agree,Disagree,Strongly Disagree,Strongly Disagree,tu
09/04/2026 18:56:26,Turkey,Female,2nd year,"2 - Novice: I know the basic concepts and have seen AI tools, but I rarely or never use them myself.",Rarely,"Brainstorming ideas and getting inspiration, Solving math/logic problems or coding",I use it as a draft or inspiration and rewrite it heavily.,"The AI's output was poor/incorrect, and I had to redo most of it.","It enriches my work (gives me ideas I wouldn't have had), but takes about the same amount of time.",A moderate amount of time (I ask for a few adjustments or refinements).,Somewhat confident,"I do a quick search (e.g., Google, Wikipedia) to verify it.","No, never.",I have never paid attention to this aspect.,Skepticism,You are one of the first to try it out.,Never,A smart search engine (to find information quickly and accurately).,Agree,Disagree,Agree,Disagree,Disagree,Agree,Disagree,Slightly concerned,Moderately concerned,Moderately concerned,Slightly concerned,Slightly concerned,"[INVALID - survey labeling error: respondents saw DS3.6 question text, not DS3.8]",Disagree,Disagree,Agree,Disagree,Agree,tu
09/04/2026 18:56:22,Turkey,Male,4th year,3 - Intermediate: I use some AI tools occasionally for simple tasks and understand their basic functions.,A few times a week,"Helping with homework / Lesson planning, Generating images or presentations","I read it to check for major errors, but keep it mostly intact.",The AI produced a much better result than I could have.,It is a huge time saver.,A moderate amount of time (I ask for a few adjustments or refinements).,Somewhat confident,I ask the AI itself if it is sure about the answer.,"No, never.",I have never paid attention to this aspect.,Hope,You try it out after hearing good things from friends or colleagues.,A few times a week,A creative assistant/collaborator (to brainstorm and co-create).,Agree,Disagree,Agree,Disagree,Agree,Disagree,Strongly Disagree,Moderately concerned,Slightly concerned,Moderately concerned,Moderately concerned,Moderately concerned,"[INVALID - survey labeling error: respondents saw DS3.6 question text, not DS3.8]",Strongly Agree,Agree,Agree,Agree,Disagree,tu
09/04/2026 18:56:17,Turkey,Female,3rd year,1 - Absolute Beginner: I know almost nothing. I have heard the term but don't really know what it is or how to use it.,A few times a week,"Writing/drafting text (emails, essays, reports)",I review the AI-generated output to identify potential errors and refine the text as necessary.,"My original work would have been better, but the AI was faster.",It is a huge time saver.,A moderate amount of time (I ask for a few adjustments or refinements).,Somewhat confident,"I do a quick search (e.g., Google, Wikipedia) to verify it.","Yes, frequently.","No, never.",Anxiety,You only use it if it is strictly required for school or work.,A few times a week,A creative assistant/collaborator (to brainstorm and co-create).,Disagree,Agree,Disagree,Strongly Disagree,Strongly Disagree,Disagree,Agree,Slightly concerned,Slightly concerned,Slightly concerned,Slightly concerned,Slightly concerned,"[INVALID - survey labeling error: respondents saw DS3.6 question text, not DS3.8]",Agree,Strongly Agree,Agree,Disagree,Agree,tu
09/04/2026 18:56:11,Turkey,Female,2nd year,3 - Intermediate: I use some AI tools occasionally for simple tasks and understand their basic functions.,A few times a week,"Brainstorming ideas and getting inspiration, Writing/drafting text (emails, essays, reports), Helping with homework / Lesson planning",I review the AI-generated output to identify potential errors and refine the text as necessary.,"My original work would have been better, but the AI was faster.","It enriches my work (gives me ideas I wouldn't have had), but takes about the same amount of time.",A moderate amount of time (I ask for a few adjustments or refinements).,Somewhat confident,"I do a quick search (e.g., Google, Wikipedia) to verify it.",I didn't know AI could do that.,"Yes, occasionally.","Anxiety, Skepticism, Suspicion",You try it out after hearing good things from friends or colleagues.,A few times a month,A creative assistant/collaborator (to brainstorm and co-create).,Agree,Agree,Disagree,Disagree,Strongly Disagree,Agree,Disagree,Not at all concerned,Moderately concerned,Slightly concerned,Moderately concerned,Very concerned,"[INVALID - survey labeling error: respondents saw DS3.6 question text, not DS3.8]",Agree,Agree,Agree,Agree,Disagree,tu
09/04/2026 18:55:55,Turkey,Female,4th year,"2 - Novice: I know the basic concepts and have seen AI tools, but I rarely or never use them myself.",A few times a week,Brainstorming ideas and getting inspiration,I use it as a draft or inspiration and rewrite it heavily.,"My original work would have been better, but the AI was faster.",It has no significant impact on my time or effort.,Very little time (I usually accept the first answer it provides).,Not at all confident,I systematically check primary and authoritative sources to confirm the data.,"Yes, occasionally.","Yes, frequently.",Skepticism,You only use it if it is strictly required for school or work.,Never,A personal tutor/mentor (to explain concepts and help me learn).,Agree,Disagree,Disagree,Strongly Disagree,Agree,Disagree,Disagree,Not at all concerned,Not at all concerned,Extremely concerned,Extremely concerned,Very concerned,"[INVALID - survey labeling error: respondents saw DS3.6 question text, not DS3.8]",Strongly Disagree,Strongly Disagree,Disagree,Strongly Disagree,Strongly Disagree,tu
09/04/2026 18:55:49,Turkey,Male,4th year,"2 - Novice: I know the basic concepts and have seen AI tools, but I rarely or never use them myself.",A few times a week,Translating texts or learning a language,I copy and paste it directly without reading it thoroughly.,The AI produced a much better result than I could have.,It is a huge time saver.,A moderate amount of time (I ask for a few adjustments or refinements).,Very confident,"I do a quick search (e.g., Google, Wikipedia) to verify it.","Yes, occasionally.",I have never paid attention to this aspect.,"Anxiety, Fear, Suspicion",You wait until it becomes mainstream and most people are using it.,A few times a month,A smart search engine (to find information quickly and accurately).,Strongly Disagree,Strongly Disagree,Strongly Disagree,Strongly Disagree,Strongly Disagree,Strongly Disagree,Strongly Disagree,Slightly concerned,Not at all concerned,Slightly concerned,Not at all concerned,Slightly concerned,"[INVALID - survey labeling error: respondents saw DS3.6 question text, not DS3.8]",Strongly Disagree,Disagree,Strongly Disagree,Strongly Disagree,Disagree,tu
09/04/2026 18:55:35,Turkey,Female,1st year,"2 - Novice: I know the basic concepts and have seen AI tools, but I rarely or never use them myself.",Daily,"Brainstorming ideas and getting inspiration, Solving math/logic problems or coding, Helping with homework / Lesson planning","I read it to check for major errors, but keep it mostly intact.",The AI and I would have produced a similar result.,It is a huge time saver.,A moderate amount of time (I ask for a few adjustments or refinements).,Somewhat confident,I ask the AI itself if it is sure about the answer.,I didn't know AI could do that.,I have never paid attention to this aspect.,"Curiosity, Hope",You try it out after hearing good things from friends or colleagues.,Daily,A smart search engine (to find information quickly and accurately).,Agree,Strongly Disagree,Agree,Disagree,Agree,Disagree,Strongly Agree,Very concerned,Slightly concerned,Very concerned,Extremely concerned,Extremely concerned,"[INVALID - survey labeling error: respondents saw DS3.6 question text, not DS3.8]",Strongly Agree,Disagree,Strongly Agree,Agree,Strongly Disagree,tu
09/04/2026 18:54:47,Turkey,Male,3rd year,"4 - Advanced: I use AI tools regularly for various tasks and have a good understanding of their capabilities, limits, and potential biases.",Daily,"Writing/drafting text (emails, essays, reports), Helping with homework / Lesson planning, Generating images or presentations",I use it as a draft or inspiration and rewrite it heavily.,"My original work would have been better, but the AI was faster.","It enriches my work (gives me ideas I wouldn't have had), but takes about the same amount of time.",A moderate amount of time (I ask for a few adjustments or refinements).,Very confident,"I do a quick search (e.g., Google, Wikipedia) to verify it.","Yes, occasionally.",I have never paid attention to this aspect.,"Anxiety, Fear, Skepticism",You are one of the first to try it out.,A few times a month,A creative assistant/collaborator (to brainstorm and co-create).,Strongly Disagree,Disagree,Agree,Agree,Disagree,Agree,Strongly Disagree,Not at all concerned,Very concerned,Not at all concerned,Not at all concerned,Moderately concerned,"[INVALID - survey labeling error: respondents saw DS3.6 question text, not DS3.8]",Strongly Agree,Strongly Disagree,Disagree,Disagree,Disagree,tu
09/04/2026 18:54:45,Turkey,Female,4th year,"2 - Novice: I know the basic concepts and have seen AI tools, but I rarely or never use them myself.",Rarely,Helping with homework / Lesson planning,I review the AI-generated output to identify potential errors and refine the text as necessary.,"My original work would have been better, but the AI was faster.",It is a huge time saver.,A moderate amount of time (I ask for a few adjustments or refinements).,Somewhat confident,I ask the AI itself if it is sure about the answer.,I didn't know AI could do that.,"No, never.",Skepticism,You try it out after hearing good things from friends or colleagues.,A few times a week,A smart search engine (to find information quickly and accurately).,Disagree,Disagree,Disagree,Strongly Disagree,Disagree,Disagree,Strongly Disagree,Moderately concerned,Moderately concerned,Moderately concerned,Moderately concerned,Moderately concerned,"[INVALID - survey labeling error: respondents saw DS3.6 question text, not DS3.8]",Agree,Agree,Agree,Agree,Strongly Disagree,tu
09/04/2026 18:54:38,Turkey,Female,2nd year,3 - Intermediate: I use some AI tools occasionally for simple tasks and understand their basic functions.,A few times a week,"Solving math/logic problems or coding, Helping with homework / Lesson planning, Generating images or presentations",I review the AI-generated output to identify potential errors and refine the text as necessary.,The AI produced a much better result than I could have.,It is a huge time saver.,A moderate amount of time (I ask for a few adjustments or refinements).,Somewhat confident,"I do a quick search (e.g., Google, Wikipedia) to verify it.",I didn't know AI could do that.,"No, never.",Curiosity,You wait until it becomes mainstream and most people are using it.,A few times a week,A creative assistant/collaborator (to brainstorm and co-create).,Agree,Disagree,Strongly Agree,Agree,Disagree,Disagree,Agree,Moderately concerned,Extremely concerned,Slightly concerned,Moderately concerned,Very concerned,"[INVALID - survey labeling error: respondents saw DS3.6 question text, not DS3.8]",Agree,Agree,Agree,Agree,Agree,tu
09/04/2026 18:53:59,Turkey,Male,4th year,1 - Absolute Beginner: I know almost nothing. I have heard the term but don't really know what it is or how to use it.,A few times a week,Generating images or presentations,"I read it to check for major errors, but keep it mostly intact.",The AI produced a much better result than I could have.,It is a huge time saver.,"A significant amount of time (I engage in long conversations, going back and forth until the output is perfect).",Somewhat confident,I trust it completely and use it as is.,"No, never.","Yes, occasionally.",Curiosity,You are one of the first to try it out.,A few times a week,A personal tutor/mentor (to explain concepts and help me learn).,Disagree,Disagree,Agree,Disagree,Agree,Disagree,Strongly Disagree,Not at all concerned,Slightly concerned,Very concerned,Very concerned,Very concerned,"[INVALID - survey labeling error: respondents saw DS3.6 question text, not DS3.8]",Agree,Agree,Agree,Agree,Agree,tu
09/04/2026 18:53:57,Turkey,Male,1st year,"5 - Expert: I have a deep understanding of how AI works, use it extensively, and could comfortably teach others how to use it responsibly.",Daily,"Brainstorming ideas and getting inspiration, Summarizing long documents or articles, Generating images or presentations",I review the AI-generated output to identify potential errors and refine the text as necessary.,The AI and I would have produced a similar result.,It is a huge time saver.,"A significant amount of time (I engage in long conversations, going back and forth until the output is perfect).",Very confident,I systematically check primary and authoritative sources to confirm the data.,"Yes, occasionally.","Yes, occasionally.","Excitement, Anxiety, Curiosity",You are one of the first to try it out.,Daily,A creative assistant/collaborator (to brainstorm and co-create).,Strongly Agree,Disagree,Strongly Disagree,Disagree,Disagree,Strongly Disagree,Disagree,Not at all concerned,Not at all concerned,Extremely concerned,Slightly concerned,Extremely concerned,"[INVALID - survey labeling error: respondents saw DS3.6 question text, not DS3.8]",Strongly Agree,Agree,Disagree,Agree,Disagree,tu
09/04/2026 18:53:57,Turkey,Female,2nd year,3 - Intermediate: I use some AI tools occasionally for simple tasks and understand their basic functions.,Daily,"Brainstorming ideas and getting inspiration, Translating texts or learning a language, Writing/drafting text (emails, essays, reports), Helping with homework / Lesson planning, Generating images or presentations",I review the AI-generated output to identify potential errors and refine the text as necessary.,"My original work would have been better, but the AI was faster.",It is a huge time saver.,"A significant amount of time (I engage in long conversations, going back and forth until the output is perfect).",Somewhat confident,I ask the AI itself if it is sure about the answer.,"Yes, occasionally.",I have never paid attention to this aspect.,"Curiosity, Skepticism",You only use it if it is strictly required for school or work.,Daily,A personal tutor/mentor (to explain concepts and help me learn).,Agree,Agree,Disagree,Agree,Strongly Disagree,Agree,Strongly Disagree,Not at all concerned,Slightly concerned,Moderately concerned,Not at all concerned,Moderately concerned,"[INVALID - survey labeling error: respondents saw DS3.6 question text, not DS3.8]",Agree,Agree,Strongly Agree,Strongly Agree,Strongly Agree,tu
09/04/2026 18:53:54,Turkey,Male,4th year,"4 - Advanced: I use AI tools regularly for various tasks and have a good understanding of their capabilities, limits, and potential biases.",Daily,"Brainstorming ideas and getting inspiration, Translating texts or learning a language, Solving math/logic problems or coding, Helping with homework / Lesson planning",I only use AI to review or correct content I have entirely written myself.,"The AI's output was poor/incorrect, and I had to redo most of it.",It is a huge time saver.,A moderate amount of time (I ask for a few adjustments or refinements).,Somewhat confident,"I do a quick search (e.g., Google, Wikipedia) to verify it.","Yes, occasionally.","No, never.","Excitement, Curiosity, Hope, Enthusiasm",You are one of the first to try it out.,Daily,A personal tutor/mentor (to explain concepts and help me learn).,Strongly Disagree,Disagree,Agree,Agree,Agree,Disagree,Strongly Disagree,Not at all concerned,Not at all concerned,Moderately concerned,Not at all concerned,Not at all concerned,"[INVALID - survey labeling error: respondents saw DS3.6 question text, not DS3.8]",Strongly Agree,Strongly Agree,Strongly Agree,Strongly Agree,Strongly Agree,tu
09/04/2026 18:53:12,Afghanistan,Male,2nd year,1 - Absolute Beginner: I know almost nothing. I have heard the term but don't really know what it is or how to use it.,Never,I do not use AI tools,I only use AI to review or correct content I have entirely written myself.,"The AI's output was poor/incorrect, and I had to redo most of it.",It is a waste of time (I spend more time prompting and correcting than doing it myself).,It takes so much time that sometimes I just give up and do the work myself.,Not at all confident,"I do a quick search (e.g., Google, Wikipedia) to verify it.","Yes, frequently.","Yes, frequently.","Skepticism, Other (racism concerns)",You wait until it becomes mainstream and most people are using it.,Rarely,A shortcut (to do the heavy lifting or do my assignments for me).,Strongly Disagree,Strongly Agree,Strongly Agree,Strongly Agree,Strongly Agree,Strongly Agree,Strongly Agree,Extremely concerned,Extremely concerned,Extremely concerned,Extremely concerned,Extremely concerned,"[INVALID - survey labeling error: respondents saw DS3.6 question text, not DS3.8]",Strongly Agree,Strongly Agree,Strongly Agree,Strongly Agree,Strongly Agree,tu
09/04/2026 18:52:55,Turkey,Male,2nd year,"4 - Advanced: I use AI tools regularly for various tasks and have a good understanding of their capabilities, limits, and potential biases.",Rarely,"Translating texts or learning a language, Other (social use)",I review the AI-generated output to identify potential errors and refine the text as necessary.,The AI and I would have produced a similar result.,It is a huge time saver.,A moderate amount of time (I ask for a few adjustments or refinements).,Somewhat confident,I ask the AI itself if it is sure about the answer.,"Yes, occasionally.","No, never.","Excitement, Curiosity, Enthusiasm",You try it out after hearing good things from friends or colleagues.,A few times a month,An entertainment tool (just for fun).,Agree,Agree,Disagree,Agree,Disagree,Agree,Disagree,Not at all concerned,Moderately concerned,Slightly concerned,Moderately concerned,Slightly concerned,"[INVALID - survey labeling error: respondents saw DS3.6 question text, not DS3.8]",Disagree,Agree,Disagree,Agree,Disagree,tu
09/04/2026 18:52:17,Turkey,Male,1st year,3 - Intermediate: I use some AI tools occasionally for simple tasks and understand their basic functions.,A few times a week,"Brainstorming ideas and getting inspiration, Solving math/logic problems or coding, Helping with homework / Lesson planning, Generating images or presentations","I read it to check for major errors, but keep it mostly intact.","The AI's output was poor/incorrect, and I had to redo most of it.",It is a huge time saver.,"A significant amount of time (I engage in long conversations, going back and forth until the output is perfect).",Very confident,I trust it completely and use it as is.,"Yes, occasionally.","Yes, occasionally.",Hope,You are one of the first to try it out.,Never,A creative assistant/collaborator (to brainstorm and co-create).,Disagree,Disagree,Disagree,Disagree,Strongly Disagree,Disagree,Disagree,Not at all concerned,Not at all concerned,Not at all concerned,Not at all concerned,Not at all concerned,"[INVALID - survey labeling error: respondents saw DS3.6 question text, not DS3.8]",Strongly Disagree,Disagree,Strongly Disagree,Disagree,Strongly Disagree,tu
09/04/2026 18:51:51,Turkey,Male,3rd year,3 - Intermediate: I use some AI tools occasionally for simple tasks and understand their basic functions.,A few times a week,Brainstorming ideas and getting inspiration,I review the AI-generated output to identify potential errors and refine the text as necessary.,"My original work would have been better, but the AI was faster.",It has no significant impact on my time or effort.,A moderate amount of time (I ask for a few adjustments or refinements).,Not very confident,I systematically check primary and authoritative sources to confirm the data.,"Yes, occasionally.","Yes, occasionally.",Curiosity,You are one of the first to try it out.,A few times a month,A creative assistant/collaborator (to brainstorm and co-create).,Strongly Disagree,Disagree,Disagree,Strongly Agree,Disagree,Agree,Disagree,Not at all concerned,Moderately concerned,Very concerned,Very concerned,Not at all concerned,"[INVALID - survey labeling error: respondents saw DS3.6 question text, not DS3.8]",Disagree,Strongly Disagree,Agree,Strongly Disagree,Strongly Agree,tu
09/04/2026 18:50:55,Turkey,Male,3rd year,3 - Intermediate: I use some AI tools occasionally for simple tasks and understand their basic functions.,A few times a week,Helping with homework / Lesson planning,I review the AI-generated output to identify potential errors and refine the text as necessary.,The AI produced a much better result than I could have.,It is a huge time saver.,A moderate amount of time (I ask for a few adjustments or refinements).,Not very confident,"I do a quick search (e.g., Google, Wikipedia) to verify it.","Yes, occasionally.","Yes, frequently.","Anxiety, Skepticism, Suspicion",You try it out after hearing good things from friends or colleagues.,A few times a month,A smart search engine (to find information quickly and accurately).,Agree,Strongly Disagree,Strongly Disagree,Strongly Disagree,Disagree,Disagree,Strongly Disagree,Not at all concerned,Slightly concerned,Not at all concerned,Not at all concerned,Not at all concerned,"[INVALID - survey labeling error: respondents saw DS3.6 question text, not DS3.8]",Strongly Disagree,Disagree,Disagree,Strongly Disagree,Strongly Disagree,tu
09/04/2026 18:50:39,Turkey,Male,1st year,"2 - Novice: I know the basic concepts and have seen AI tools, but I rarely or never use them myself.",A few times a week,"Writing/drafting text (emails, essays, reports), Helping with homework / Lesson planning, Generating images or presentations","I read it to check for major errors, but keep it mostly intact.",The AI and I would have produced a similar result.,It is a huge time saver.,A moderate amount of time (I ask for a few adjustments or refinements).,Somewhat confident,"I do a quick search (e.g., Google, Wikipedia) to verify it.",I didn't know AI could do that.,"No, never.","Curiosity, Fear, Hope",You wait until it becomes mainstream and most people are using it.,A few times a month,A creative assistant/collaborator (to brainstorm and co-create).,Agree,Strongly Disagree,Strongly Disagree,Disagree,Disagree,Strongly Disagree,Strongly Disagree,Slightly concerned,Not at all concerned,Slightly concerned,Not at all concerned,Not at all concerned,"[INVALID - survey labeling error: respondents saw DS3.6 question text, not DS3.8]",Strongly Disagree,Strongly Disagree,Strongly Disagree,Strongly Disagree,Strongly Disagree,tu
09/04/2026 18:49:36,Turkey,Male,1st year,1 - Absolute Beginner: I know almost nothing. I have heard the term but don't really know what it is or how to use it.,A few times a week,Helping with homework / Lesson planning,I only use AI to review or correct content I have entirely written myself.,The AI and I would have produced a similar result.,It is a huge time saver.,Very little time (I usually accept the first answer it provides).,Somewhat confident,I systematically check primary and authoritative sources to confirm the data.,"Yes, frequently.","Yes, occasionally.",Excitement,You are one of the first to try it out.,A few times a week,A creative assistant/collaborator (to brainstorm and co-create).,Strongly Disagree,Strongly Disagree,Disagree,Strongly Disagree,Disagree,Strongly Disagree,Disagree,Slightly concerned,Not at all concerned,Not at all concerned,Slightly concerned,Not at all concerned,"[INVALID - survey labeling error: respondents saw DS3.6 question text, not DS3.8]",Agree,Disagree,Agree,Disagree,Agree,tu
09/04/2026 18:49:35,Turkey,Male,2nd year,3 - Intermediate: I use some AI tools occasionally for simple tasks and understand their basic functions.,Daily,"Solving math/logic problems or coding, Helping with homework / Lesson planning",I review the AI-generated output to identify potential errors and refine the text as necessary.,"My original work would have been better, but the AI was faster.","It enriches my work (gives me ideas I wouldn't have had), but takes about the same amount of time.",A moderate amount of time (I ask for a few adjustments or refinements).,Somewhat confident,"I do a quick search (e.g., Google, Wikipedia) to verify it.","Yes, occasionally.",I have never paid attention to this aspect.,"Curiosity, Hope, Suspicion",You try it out after hearing good things from friends or colleagues.,A few times a month,A personal tutor/mentor (to explain concepts and help me learn).,Strongly Disagree,Disagree,Agree,Disagree,Agree,Disagree,Disagree,Slightly concerned,Slightly concerned,Slightly concerned,Slightly concerned,Slightly concerned,"[INVALID - survey labeling error: respondents saw DS3.6 question text, not DS3.8]",Disagree,Disagree,Agree,Disagree,Disagree,tu
09/04/2026 18:37:35,Turkey,Male,2nd year,"4 - Advanced: I use AI tools regularly for various tasks and have a good understanding of their capabilities, limits, and potential biases.",A few times a week,"Brainstorming ideas and getting inspiration, Summarizing long documents or articles, Helping with homework / Lesson planning",I review the AI-generated output to identify potential errors and refine the text as necessary.,The AI and I would have produced a similar result.,It is a huge time saver.,A moderate amount of time (I ask for a few adjustments or refinements).,Somewhat confident,"I do a quick search (e.g., Google, Wikipedia) to verify it.","Yes, occasionally.",I have never paid attention to this aspect.,"Excitement, Anxiety, Skepticism",You try it out after hearing good things from friends or colleagues.,A few times a week,A creative assistant/collaborator (to brainstorm and co-create).,Agree,Agree,Agree,Strongly Agree,Disagree,Disagree,Agree,Moderately concerned,Slightly concerned,Moderately concerned,Not at all concerned,Not at all concerned,"[INVALID - survey labeling error: respondents saw DS3.6 question text, not DS3.8]",Strongly Agree,Agree,Agree,Agree,Disagree,tu
09/04/2026 17:22:17,Turkey,Male,2nd year,"4 - Advanced: I use AI tools regularly for various tasks and have a good understanding of their capabilities, limits, and potential biases.",A few times a week,"Brainstorming ideas and getting inspiration, Writing/drafting text (emails, essays, reports), Solving math/logic problems or coding, Generating images or presentations",I review the AI-generated output to identify potential errors and refine the text as necessary.,The AI produced a much better result than I could have.,It has no significant impact on my time or effort.,"A significant amount of time (I engage in long conversations, going back and forth until the output is perfect).",Somewhat confident,"I do a quick search (e.g., Google, Wikipedia) to verify it.","Yes, frequently.","Yes, occasionally.","Excitement, Curiosity",You try it out after hearing good things from friends or colleagues.,A few times a week,A creative assistant/collaborator (to brainstorm and co-create).,Disagree,Agree,Agree,Disagree,Agree,Agree,Disagree,Slightly concerned,Not at all concerned,Very concerned,Moderately concerned,Extremely concerned,"[INVALID - survey labeling error: respondents saw DS3.6 question text, not DS3.8]",Strongly Agree,Disagree,Agree,Strongly Disagree,Disagree,tu
09/04/2026 17:19:55,Turkey,Female,2nd year,"2 - Novice: I know the basic concepts and have seen AI tools, but I rarely or never use them myself.",A few times a week,"Brainstorming ideas and getting inspiration, Translating texts or learning a language, Summarizing long documents or articles, Helping with homework / Lesson planning, Other (psychological support)","I read it to check for major errors, but keep it mostly intact.",The AI and I would have produced a similar result.,It is a huge time saver.,A moderate amount of time (I ask for a few adjustments or refinements).,Somewhat confident,I ask the AI itself if it is sure about the answer.,"Yes, frequently.",I have never paid attention to this aspect.,"Curiosity, Hope, Skepticism",You only use it if it is strictly required for school or work.,A few times a week,A smart search engine (to find information quickly and accurately).,Disagree,Strongly Disagree,Agree,Disagree,Agree,Strongly Disagree,Disagree,Not at all concerned,Very concerned,Very concerned,Moderately concerned,Slightly concerned,"[INVALID - survey labeling error: respondents saw DS3.6 question text, not DS3.8]",Agree,Agree,Agree,Strongly Agree,Agree,tu
09/04/2026 15:56:53,Turkey,Female,2nd year,3 - Intermediate: I use some AI tools occasionally for simple tasks and understand their basic functions.,Daily,"Brainstorming ideas and getting inspiration, Solving math/logic problems or coding, Helping with homework / Lesson planning, Generating images or presentations",I review the AI-generated output to identify potential errors and refine the text as necessary.,The AI and I would have produced a similar result.,It has no significant impact on my time or effort.,"A significant amount of time (I engage in long conversations, going back and forth until the output is perfect).",Somewhat confident,I ask the AI itself if it is sure about the answer.,"No, never.","No, never.",Curiosity,You are one of the first to try it out.,A few times a month,A creative assistant/collaborator (to brainstorm and co-create).,Agree,Strongly Disagree,Disagree,Disagree,Strongly Disagree,Disagree,Strongly Disagree,Not at all concerned,Not at all concerned,Not at all concerned,Slightly concerned,Slightly concerned,"[INVALID - survey labeling error: respondents saw DS3.6 question text, not DS3.8]",Strongly Disagree,Strongly Agree,Disagree,Strongly Agree,Agree,tu
09/04/2026 14:15:56,Turkey,Female,2nd year,3 - Intermediate: I use some AI tools occasionally for simple tasks and understand their basic functions.,A few times a week,"Translating texts or learning a language, Summarizing long documents or articles, Helping with homework / Lesson planning","I read it to check for major errors, but keep it mostly intact.","My original work would have been better, but the AI was faster.","It enriches my work (gives me ideas I wouldn't have had), but takes about the same amount of time.","A significant amount of time (I engage in long conversations, going back and forth until the output is perfect).",Not very confident,"I do a quick search (e.g., Google, Wikipedia) to verify it.","Yes, occasionally.",I have never paid attention to this aspect.,"Anxiety, Curiosity, Suspicion",You wait until it becomes mainstream and most people are using it.,A few times a week,A creative assistant/collaborator (to brainstorm and co-create).,Disagree,Agree,Disagree,Agree,Strongly Disagree,Disagree,Disagree,Moderately concerned,Slightly concerned,Moderately concerned,Slightly concerned,Slightly concerned,"[INVALID - survey labeling error: respondents saw DS3.6 question text, not DS3.8]",Agree,Disagree,Agree,Agree,Disagree,tu
09/04/2026 14:15:40,Turkey,Female,2nd year,3 - Intermediate: I use some AI tools occasionally for simple tasks and understand their basic functions.,Daily,Other (daily calorie calculation),I review the AI-generated output to identify potential errors and refine the text as necessary.,"My original work would have been better, but the AI was faster.",It is a huge time saver.,A moderate amount of time (I ask for a few adjustments or refinements).,Very confident,"I do a quick search (e.g., Google, Wikipedia) to verify it.",I didn't know AI could do that.,"Yes, occasionally.","Anxiety, Curiosity, Skepticism",You wait until it becomes mainstream and most people are using it.,A few times a month,A creative assistant/collaborator (to brainstorm and co-create).,Disagree,Agree,Disagree,Strongly Disagree,Disagree,Agree,Strongly Disagree,Not at all concerned,Extremely concerned,Extremely concerned,Moderately concerned,Extremely concerned,"[INVALID - survey labeling error: respondents saw DS3.6 question text, not DS3.8]",Agree,Disagree,Agree,Strongly Disagree,Strongly Disagree,tu
09/04/2026 14:12:35,Germany,Prefer not to say,1st year,"4 - Advanced: I use AI tools regularly for various tasks and have a good understanding of their capabilities, limits, and potential biases.",Never,Brainstorming ideas and getting inspiration,I copy and paste it directly without reading it thoroughly.,"My original work would have been better, but the AI was faster.",It is a huge time saver.,"A significant amount of time (I engage in long conversations, going back and forth until the output is perfect).",Not at all confident,I trust it completely and use it as is.,"No, never.","Yes, frequently.","Fear, Skepticism, Enthusiasm",You only use it if it is strictly required for school or work.,A few times a week,A shortcut (to do the heavy lifting or do my assignments for me).,Strongly Agree,Strongly Disagree,Disagree,Agree,Agree,Agree,Disagree,Not at all concerned,Slightly concerned,Moderately concerned,Very concerned,Extremely concerned,"[INVALID - survey labeling error: respondents saw DS3.6 question text, not DS3.8]",Strongly Disagree,Disagree,Strongly Disagree,Disagree,Disagree,tu
09/04/2026 14:11:09,Turkey,Female,2nd year,"4 - Advanced: I use AI tools regularly for various tasks and have a good understanding of their capabilities, limits, and potential biases.",Daily,"Brainstorming ideas and getting inspiration, Writing/drafting text (emails, essays, reports), Generating images or presentations",I review the AI-generated output to identify potential errors and refine the text as necessary.,The AI produced a much better result than I could have.,"It enriches my work (gives me ideas I wouldn't have had), but takes about the same amount of time.","A significant amount of time (I engage in long conversations, going back and forth until the output is perfect).",Somewhat confident,"I do a quick search (e.g., Google, Wikipedia) to verify it.","Yes, frequently.","No, never.","Curiosity, Skepticism, Suspicion",You wait until it becomes mainstream and most people are using it.,A few times a week,A smart search engine (to find information quickly and accurately).,Agree,Agree,Disagree,Agree,Strongly Disagree,Agree,Strongly Disagree,Extremely concerned,Very concerned,Very concerned,Moderately concerned,Moderately concerned,"[INVALID - survey labeling error: respondents saw DS3.6 question text, not DS3.8]",Strongly Agree,Strongly Agree,Strongly Agree,Agree,Agree,tu
09/04/2026 14:10:31,Turkey,Male,2nd year,"2 - Novice: I know the basic concepts and have seen AI tools, but I rarely or never use them myself.",Daily,Generating images or presentations,I review the AI-generated output to identify potential errors and refine the text as necessary.,The AI and I would have produced a similar result.,It has no significant impact on my time or effort.,A moderate amount of time (I ask for a few adjustments or refinements).,Somewhat confident,"I do a quick search (e.g., Google, Wikipedia) to verify it.","Yes, occasionally.","Yes, occasionally.",Enthusiasm,You try it out after hearing good things from friends or colleagues.,A few times a week,A smart search engine (to find information quickly and accurately).,Disagree,Disagree,Agree,Disagree,Agree,Strongly Agree,Agree,Not at all concerned,Slightly concerned,Very concerned,Moderately concerned,Not at all concerned,"[INVALID - survey labeling error: respondents saw DS3.6 question text, not DS3.8]",Strongly Disagree,Agree,Strongly Agree,Strongly Agree,Agree,tu
09/04/2026 14:09:31,Turkey,Prefer not to say,2nd year,3 - Intermediate: I use some AI tools occasionally for simple tasks and understand their basic functions.,Daily,"Brainstorming ideas and getting inspiration, Helping with homework / Lesson planning",I copy and paste it directly without reading it thoroughly.,"My original work would have been better, but the AI was faster.","It enriches my work (gives me ideas I wouldn't have had), but takes about the same amount of time.",A moderate amount of time (I ask for a few adjustments or refinements).,Not very confident,I trust it completely and use it as is.,"Yes, occasionally.","Yes, occasionally.","Anxiety, Fear, Skepticism, Suspicion",You are one of the first to try it out.,Daily,A creative assistant/collaborator (to brainstorm and co-create).,Strongly Agree,Strongly Disagree,Disagree,Strongly Disagree,Agree,Agree,Strongly Disagree,Extremely concerned,Extremely concerned,Extremely concerned,Not at all concerned,Moderately concerned,"[INVALID - survey labeling error: respondents saw DS3.6 question text, not DS3.8]",Disagree,Agree,Agree,Strongly Disagree,Disagree,tu
09/04/2026 14:08:20,Turkey,Male,2nd year,"4 - Advanced: I use AI tools regularly for various tasks and have a good understanding of their capabilities, limits, and potential biases.",Daily,"Brainstorming ideas and getting inspiration, Translating texts or learning a language, Helping with homework / Lesson planning",I review the AI-generated output to identify potential errors and refine the text as necessary.,"My original work would have been better, but the AI was faster.",It is a huge time saver.,A moderate amount of time (I ask for a few adjustments or refinements).,Somewhat confident,I ask the AI itself if it is sure about the answer.,I didn't know AI could do that.,"No, never.","Curiosity, Fear",You are one of the first to try it out.,Never,A smart search engine (to find information quickly and accurately).,Agree,Strongly Disagree,Disagree,Strongly Disagree,Strongly Disagree,Disagree,Disagree,Not at all concerned,Slightly concerned,Slightly concerned,Slightly concerned,Not at all concerned,"[INVALID - survey labeling error: respondents saw DS3.6 question text, not DS3.8]",Agree,Strongly Disagree,Strongly Disagree,Strongly Disagree,Strongly Disagree,tu
09/04/2026 14:04:15,Turkey,Male,2nd year,3 - Intermediate: I use some AI tools occasionally for simple tasks and understand their basic functions.,Daily,"Translating texts or learning a language, Summarizing long documents or articles, Helping with homework / Lesson planning","I read it to check for major errors, but keep it mostly intact.",The AI produced a much better result than I could have.,It is a huge time saver.,A moderate amount of time (I ask for a few adjustments or refinements).,Very confident,"I do a quick search (e.g., Google, Wikipedia) to verify it.","Yes, occasionally.",I have never paid attention to this aspect.,"Excitement, Curiosity, Enthusiasm",You wait until it becomes mainstream and most people are using it.,A few times a week,A personal tutor/mentor (to explain concepts and help me learn).,Disagree,Agree,Agree,Strongly Agree,Disagree,Disagree,Strongly Disagree,Slightly concerned,Very concerned,Not at all concerned,Not at all concerned,Not at all concerned,"[INVALID - survey labeling error: respondents saw DS3.6 question text, not DS3.8]",Strongly Agree,Agree,Agree,Agree,Disagree,tu
09/04/2026 13:57:18,Turkey,Male,2nd year,3 - Intermediate: I use some AI tools occasionally for simple tasks and understand their basic functions.,A few times a month,"Writing/drafting text (emails, essays, reports), Solving math/logic problems or coding, Helping with homework / Lesson planning, Generating images or presentations","I read it to check for major errors, but keep it mostly intact.",The AI and I would have produced a similar result.,It is a huge time saver.,Very little time (I usually accept the first answer it provides).,Somewhat confident,I trust it completely and use it as is.,"No, never.","Yes, occasionally.","Excitement, Anxiety, Curiosity",You try it out after hearing good things from friends or colleagues.,A few times a week,A creative assistant/collaborator (to brainstorm and co-create).,Agree,Disagree,Disagree,Disagree,Disagree,Disagree,Disagree,Slightly concerned,Moderately concerned,Slightly concerned,Slightly concerned,Slightly concerned,"[INVALID - survey labeling error: respondents saw DS3.6 question text, not DS3.8]",Disagree,Disagree,Disagree,Disagree,Disagree,tu
09/04/2026 13:54:06,Turkey,Male,2nd year,"4 - Advanced: I use AI tools regularly for various tasks and have a good understanding of their capabilities, limits, and potential biases.",Daily,"Brainstorming ideas and getting inspiration, Writing/drafting text (emails, essays, reports), Solving math/logic problems or coding, Helping with homework / Lesson planning","I read it to check for major errors, but keep it mostly intact.",The AI and I would have produced a similar result.,It is a huge time saver.,A moderate amount of time (I ask for a few adjustments or refinements).,Very confident,I ask the AI itself if it is sure about the answer.,"No, never.","Yes, occasionally.","Curiosity, Fear, Hope, Skepticism, Enthusiasm, Suspicion",You try it out after hearing good things from friends or colleagues.,A few times a month,An entertainment tool (just for fun).,Strongly Agree,Strongly Agree,Agree,Agree,Agree,Agree,Agree,Very concerned,Very concerned,Moderately concerned,Moderately concerned,Slightly concerned,"[INVALID - survey labeling error: respondents saw DS3.6 question text, not DS3.8]",Agree,Disagree,Agree,Disagree,Agree,tu
09/04/2026 13:45:26,Turkey,Female,2nd year,3 - Intermediate: I use some AI tools occasionally for simple tasks and understand their basic functions.,A few times a week,"Brainstorming ideas and getting inspiration, Solving math/logic problems or coding, Helping with homework / Lesson planning","I read it to check for major errors, but keep it mostly intact.",The AI and I would have produced a similar result.,It is a huge time saver.,"A significant amount of time (I engage in long conversations, going back and forth until the output is perfect).",Somewhat confident,I systematically check primary and authoritative sources to confirm the data.,"Yes, frequently.",I have never paid attention to this aspect.,"Hope, Skepticism, Suspicion",You wait until it becomes mainstream and most people are using it.,A few times a week,A smart search engine (to find information quickly and accurately).,Disagree,Disagree,Disagree,Disagree,Disagree,Strongly Disagree,Disagree,Not at all concerned,Slightly concerned,Moderately concerned,Extremely concerned,Moderately concerned,"[INVALID - survey labeling error: respondents saw DS3.6 question text, not DS3.8]",Strongly Agree,Strongly Disagree,Strongly Agree,Agree,Agree,tu
09/04/2026 13:41:15,Turkey,Female,2nd year,3 - Intermediate: I use some AI tools occasionally for simple tasks and understand their basic functions.,A few times a week,"Brainstorming ideas and getting inspiration, Solving math/logic problems or coding, Helping with homework / Lesson planning",I use it as a draft or inspiration and rewrite it heavily.,The AI and I would have produced a similar result.,"It enriches my work (gives me ideas I wouldn't have had), but takes about the same amount of time.","A significant amount of time (I engage in long conversations, going back and forth until the output is perfect).",Very confident,"I do a quick search (e.g., Google, Wikipedia) to verify it.","Yes, occasionally.","No, never.","Curiosity, Fear, Suspicion",You try it out after hearing good things from friends or colleagues.,A few times a month,A personal tutor/mentor (to explain concepts and help me learn).,Agree,Agree,Agree,Disagree,Disagree,Disagree,Strongly Disagree,Slightly concerned,Slightly concerned,Moderately concerned,Slightly concerned,Slightly concerned,"[INVALID - survey labeling error: respondents saw DS3.6 question text, not DS3.8]",Agree,Disagree,Agree,Agree,Disagree,tu
09/04/2026 13:31:44,Turkey,Male,2nd year,"4 - Advanced: I use AI tools regularly for various tasks and have a good understanding of their capabilities, limits, and potential biases.",Daily,"Translating texts or learning a language, Solving math/logic problems or coding, Helping with homework / Lesson planning",I review the AI-generated output to identify potential errors and refine the text as necessary.,The AI and I would have produced a similar result.,It is a huge time saver.,A moderate amount of time (I ask for a few adjustments or refinements).,Somewhat confident,"I do a quick search (e.g., Google, Wikipedia) to verify it.","Yes, frequently.","No, never.",Skepticism,You try it out after hearing good things from friends or colleagues.,A few times a week,A smart search engine (to find information quickly and accurately).,Agree,Agree,Disagree,Disagree,Disagree,Disagree,Disagree,Slightly concerned,Slightly concerned,Slightly concerned,Slightly concerned,Not at all concerned,"[INVALID - survey labeling error: respondents saw DS3.6 question text, not DS3.8]",Agree,Disagree,Agree,Agree,Strongly Disagree,tu
09/04/2026 13:31:24,Turkey,Female,2nd year,"2 - Novice: I know the basic concepts and have seen AI tools, but I rarely or never use them myself.",A few times a week,Brainstorming ideas and getting inspiration,I only use AI to review or correct content I have entirely written myself.,"My original work would have been better, but the AI was faster.","It enriches my work (gives me ideas I wouldn't have had), but takes about the same amount of time.","A significant amount of time (I engage in long conversations, going back and forth until the output is perfect).",Not at all confident,"I do a quick search (e.g., Google, Wikipedia) to verify it.","No, never.",I have never paid attention to this aspect.,Skepticism,You only use it if it is strictly required for school or work.,A few times a week,A creative assistant/collaborator (to brainstorm and co-create).,Disagree,Agree,Strongly Agree,Disagree,Disagree,Strongly Disagree,Strongly Disagree,Not at all concerned,Extremely concerned,Very concerned,Not at all concerned,Very concerned,"[INVALID - survey labeling error: respondents saw DS3.6 question text, not DS3.8]",Agree,Agree,Strongly Agree,Strongly Agree,Strongly Disagree,tu
09/04/2026 13:29:44,Turkey,Male,2nd year,3 - Intermediate: I use some AI tools occasionally for simple tasks and understand their basic functions.,A few times a week,"Translating texts or learning a language, Writing/drafting text (emails, essays, reports), Helping with homework / Lesson planning",I review the AI-generated output to identify potential errors and refine the text as necessary.,The AI produced a much better result than I could have.,It is a huge time saver.,A moderate amount of time (I ask for a few adjustments or refinements).,Somewhat confident,"I do a quick search (e.g., Google, Wikipedia) to verify it.","Yes, frequently.",I have never paid attention to this aspect.,"Curiosity, Hope, Skepticism",You wait until it becomes mainstream and most people are using it.,Daily,A creative assistant/collaborator (to brainstorm and co-create).,Agree,Agree,Strongly Agree,Disagree,Disagree,Agree,Strongly Disagree,Not at all concerned,Not at all concerned,Moderately concerned,Not at all concerned,Slightly concerned,"[INVALID - survey labeling error: respondents saw DS3.6 question text, not DS3.8]",Strongly Agree,Disagree,Agree,Agree,Strongly Disagree,tu
09/04/2026 13:26:05,Turkey,Male,2nd year,3 - Intermediate: I use some AI tools occasionally for simple tasks and understand their basic functions.,A few times a week,"Summarizing long documents or articles, Writing/drafting text (emails, essays, reports), Helping with homework / Lesson planning",I review the AI-generated output to identify potential errors and refine the text as necessary.,The AI produced a much better result than I could have.,It is a huge time saver.,Very little time (I usually accept the first answer it provides).,Very confident,I ask the AI itself if it is sure about the answer.,"Yes, frequently.","Yes, frequently.","Excitement, Curiosity, Hope",You are one of the first to try it out.,Daily,A smart search engine (to find information quickly and accurately).,Disagree,Agree,Strongly Agree,Strongly Agree,Agree,Agree,Agree,Extremely concerned,Not at all concerned,Not at all concerned,Very concerned,Extremely concerned,"[INVALID - survey labeling error: respondents saw DS3.6 question text, not DS3.8]",Strongly Agree,Strongly Agree,Strongly Agree,Strongly Agree,Strongly Disagree,tu
08/04/2026 21:58:15,Turkey,Female,2nd year,"4 - Advanced: I use AI tools regularly for various tasks and have a good understanding of their capabilities, limits, and potential biases.",A few times a week,"Brainstorming ideas and getting inspiration, Translating texts or learning a language, Helping with homework / Lesson planning",I review the AI-generated output to identify potential errors and refine the text as necessary.,The AI produced a much better result than I could have.,"It enriches my work (gives me ideas I wouldn't have had), but takes about the same amount of time.","A significant amount of time (I engage in long conversations, going back and forth until the output is perfect).",Somewhat confident,"I do a quick search (e.g., Google, Wikipedia) to verify it.","No, never.","No, never.","Curiosity, Skepticism, Enthusiasm",You try it out after hearing good things from friends or colleagues.,A few times a week,A shortcut (to do the heavy lifting or do my assignments for me).,Agree,Strongly Disagree,Disagree,Strongly Disagree,Disagree,Disagree,Disagree,Slightly concerned,Moderately concerned,Slightly concerned,Slightly concerned,Extremely concerned,"[INVALID - survey labeling error: respondents saw DS3.6 question text, not DS3.8]",Agree,Agree,Agree,Disagree,Disagree,tu
08/04/2026 20:57:47,Turkey,Male,3rd year,"5 - Expert: I have a deep understanding of how AI works, use it extensively, and could comfortably teach others how to use it responsibly.",A few times a month,"Translating texts or learning a language, Helping with homework / Lesson planning",I only use AI to review or correct content I have entirely written myself.,"My original work would have been better, but the AI was faster.","It enriches my work (gives me ideas I wouldn't have had), but takes about the same amount of time.",A moderate amount of time (I ask for a few adjustments or refinements).,Somewhat confident,"I do a quick search (e.g., Google, Wikipedia) to verify it.","Yes, occasionally.",I have never paid attention to this aspect.,"Anxiety, Curiosity, Skepticism",You are one of the first to try it out.,A few times a month,A smart search engine (to find information quickly and accurately).,Agree,Strongly Disagree,Disagree,Strongly Disagree,Disagree,Strongly Agree,Disagree,Very concerned,Extremely concerned,Slightly concerned,Very concerned,Not at all concerned,"[INVALID - survey labeling error: respondents saw DS3.6 question text, not DS3.8]",Agree,Agree,Strongly Agree,Strongly Disagree,Disagree,tu
08/04/2026 20:42:24,Turkey,Female,2nd year,3 - Intermediate: I use some AI tools occasionally for simple tasks and understand their basic functions.,A few times a week,"Writing/drafting text (emails, essays, reports), Solving math/logic problems or coding, Helping with homework / Lesson planning","I read it to check for major errors, but keep it mostly intact.","My original work would have been better, but the AI was faster.",It is a huge time saver.,Very little time (I usually accept the first answer it provides).,Somewhat confident,"I do a quick search (e.g., Google, Wikipedia) to verify it.","Yes, occasionally.","Yes, occasionally.","Curiosity, Fear, Skepticism",You try it out after hearing good things from friends or colleagues.,A few times a month,A smart search engine (to find information quickly and accurately).,Agree,Disagree,Disagree,Disagree,Disagree,Agree,Disagree,Moderately concerned,Very concerned,Very concerned,Extremely concerned,Not at all concerned,"[INVALID - survey labeling error: respondents saw DS3.6 question text, not DS3.8]",Agree,Disagree,Disagree,Agree,Disagree,tu
08/04/2026 20:13:51,Turkey,Female,2nd year,"4 - Advanced: I use AI tools regularly for various tasks and have a good understanding of their capabilities, limits, and potential biases.",Daily,"Writing/drafting text (emails, essays, reports), Solving math/logic problems or coding, Helping with homework / Lesson planning",I review the AI-generated output to identify potential errors and refine the text as necessary.,"My original work would have been better, but the AI was faster.",It is a huge time saver.,"A significant amount of time (I engage in long conversations, going back and forth until the output is perfect).",Very confident,"I do a quick search (e.g., Google, Wikipedia) to verify it.",I didn't know AI could do that.,I have never paid attention to this aspect.,"Anxiety, Curiosity, Skepticism",You only use it if it is strictly required for school or work.,A few times a week,A creative assistant/collaborator (to brainstorm and co-create).,Agree,Disagree,Disagree,Disagree,Strongly Disagree,Strongly Agree,Strongly Disagree,Slightly concerned,Very concerned,Not at all concerned,Not at all concerned,Not at all concerned,"[INVALID - survey labeling error: respondents saw DS3.6 question text, not DS3.8]",Agree,Strongly Agree,Strongly Agree,Agree,Strongly Agree,tu
08/04/2026 18:30:09,Turkey,Male,1st year,"5 - Expert: I have a deep understanding of how AI works, use it extensively, and could comfortably teach others how to use it responsibly.",Daily,"Brainstorming ideas and getting inspiration, Writing/drafting text (emails, essays, reports), Solving math/logic problems or coding, Helping with homework / Lesson planning",I review the AI-generated output to identify potential errors and refine the text as necessary.,The AI and I would have produced a similar result.,It is a huge time saver.,A moderate amount of time (I ask for a few adjustments or refinements).,Very confident,"I do a quick search (e.g., Google, Wikipedia) to verify it.","No, never.","Yes, frequently.","Curiosity, Hope, Suspicion",You are one of the first to try it out.,Daily,A creative assistant/collaborator (to brainstorm and co-create).,Disagree,Strongly Disagree,Strongly Disagree,Strongly Disagree,Strongly Disagree,Agree,Strongly Disagree,Very concerned,Extremely concerned,Slightly concerned,Not at all concerned,Not at all concerned,"[INVALID - survey labeling error: respondents saw DS3.6 question text, not DS3.8]",Strongly Agree,Strongly Agree,Strongly Agree,Agree,Disagree,tu
08/04/2026 18:15:23,Turkey,Male,2nd year,"4 - Advanced: I use AI tools regularly for various tasks and have a good understanding of their capabilities, limits, and potential biases.",Daily,"Brainstorming ideas and getting inspiration, Solving math/logic problems or coding",I use it as a draft or inspiration and rewrite it heavily.,The AI and I would have produced a similar result.,"It enriches my work (gives me ideas I wouldn't have had), but takes about the same amount of time.","A significant amount of time (I engage in long conversations, going back and forth until the output is perfect).",Very confident,"I do a quick search (e.g., Google, Wikipedia) to verify it.","No, never.","No, never.","Excitement, Curiosity",You wait until it becomes mainstream and most people are using it.,A few times a month,A creative assistant/collaborator (to brainstorm and co-create).,Agree,Agree,Agree,Disagree,Disagree,Agree,Strongly Disagree,Moderately concerned,Moderately concerned,Slightly concerned,Moderately concerned,Slightly concerned,"[INVALID - survey labeling error: respondents saw DS3.6 question text, not DS3.8]",Agree,Agree,Agree,Disagree,Agree,tu
08/04/2026 18:14:58,Turkey,Male,3rd year,"4 - Advanced: I use AI tools regularly for various tasks and have a good understanding of their capabilities, limits, and potential biases.",A few times a week,"Brainstorming ideas and getting inspiration, Summarizing long documents or articles, Generating images or presentations",I use it as a draft or inspiration and rewrite it heavily.,The AI and I would have produced a similar result.,It is a huge time saver.,"A significant amount of time (I engage in long conversations, going back and forth until the output is perfect).",Somewhat confident,I systematically check primary and authoritative sources to confirm the data.,"Yes, frequently.","No, never.","Curiosity, Hope, Skepticism",You try it out after hearing good things from friends or colleagues.,A few times a month,A creative assistant/collaborator (to brainstorm and co-create).,Agree,Disagree,Agree,Agree,Strongly Disagree,Strongly Agree,Strongly Disagree,Not at all concerned,Moderately concerned,Extremely concerned,Slightly concerned,Slightly concerned,"[INVALID - survey labeling error: respondents saw DS3.6 question text, not DS3.8]",Agree,Agree,Agree,Agree,Agree,tu
08/04/2026 17:39:50,Turkey,Female,2nd year,3 - Intermediate: I use some AI tools occasionally for simple tasks and understand their basic functions.,Daily,"Brainstorming ideas and getting inspiration, Writing/drafting text (emails, essays, reports), Helping with homework / Lesson planning",I use it as a draft or inspiration and rewrite it heavily.,"My original work would have been better, but the AI was faster.",It is a huge time saver.,"A significant amount of time (I engage in long conversations, going back and forth until the output is perfect).",Somewhat confident,"I do a quick search (e.g., Google, Wikipedia) to verify it.","Yes, frequently.",I have never paid attention to this aspect.,"Curiosity, Skepticism",You wait until it becomes mainstream and most people are using it.,A few times a week,A smart search engine (to find information quickly and accurately).,Agree,Disagree,Disagree,Strongly Disagree,Disagree,Agree,Strongly Disagree,Slightly concerned,Moderately concerned,Extremely concerned,Slightly concerned,Moderately concerned,"[INVALID - survey labeling error: respondents saw DS3.6 question text, not DS3.8]",Agree,Strongly Disagree,Disagree,Agree,Agree,tu
08/04/2026 16:33:26,Turkey,Male,4th year,3 - Intermediate: I use some AI tools occasionally for simple tasks and understand their basic functions.,A few times a month,"Brainstorming ideas and getting inspiration, Helping with homework / Lesson planning, Generating images or presentations",I review the AI-generated output to identify potential errors and refine the text as necessary.,"My original work would have been better, but the AI was faster.",It is a huge time saver.,A moderate amount of time (I ask for a few adjustments or refinements).,Very confident,I ask the AI itself if it is sure about the answer.,I didn't know AI could do that.,I have never paid attention to this aspect.,"Excitement, Curiosity, Skepticism",You wait until it becomes mainstream and most people are using it.,Rarely,A smart search engine (to find information quickly and accurately).,Disagree,Disagree,Disagree,Disagree,Agree,Disagree,Strongly Disagree,Moderately concerned,Not at all concerned,Moderately concerned,Very concerned,Very concerned,"[INVALID - survey labeling error: respondents saw DS3.6 question text, not DS3.8]",Agree,Agree,Strongly Agree,Disagree,Disagree,tu
08/04/2026 15:29:29,Turkey,Female,2nd year,3 - Intermediate: I use some AI tools occasionally for simple tasks and understand their basic functions.,A few times a week,"Brainstorming ideas and getting inspiration, Translating texts or learning a language",I review the AI-generated output to identify potential errors and refine the text as necessary.,The AI and I would have produced a similar result.,"It enriches my work (gives me ideas I wouldn't have had), but takes about the same amount of time.","A significant amount of time (I engage in long conversations, going back and forth until the output is perfect).",Somewhat confident,"I do a quick search (e.g., Google, Wikipedia) to verify it.","Yes, frequently.","Yes, frequently.","Anxiety, Fear, Suspicion",You try it out after hearing good things from friends or colleagues.,A few times a week,A creative assistant/collaborator (to brainstorm and co-create).,Agree,Disagree,Disagree,Strongly Disagree,Strongly Disagree,Disagree,Disagree,Slightly concerned,Very concerned,Moderately concerned,Very concerned,Moderately concerned,"[INVALID - survey labeling error: respondents saw DS3.6 question text, not DS3.8]",Agree,Disagree,Agree,Agree,Disagree,tu
08/04/2026 15:10:07,Turkey,Female,3rd year,3 - Intermediate: I use some AI tools occasionally for simple tasks and understand their basic functions.,A few times a week,Brainstorming ideas and getting inspiration,I review the AI-generated output to identify potential errors and refine the text as necessary.,"My original work would have been better, but the AI was faster.","It enriches my work (gives me ideas I wouldn't have had), but takes about the same amount of time.","A significant amount of time (I engage in long conversations, going back and forth until the output is perfect).",Very confident,I ask the AI itself if it is sure about the answer.,"Yes, occasionally.",I have never paid attention to this aspect.,"Fear, Skepticism",You are one of the first to try it out.,A few times a month,A creative assistant/collaborator (to brainstorm and co-create).,Disagree,Agree,Agree,Strongly Disagree,Disagree,Strongly Disagree,Strongly Disagree,Very concerned,Extremely concerned,Extremely concerned,Extremely concerned,Extremely concerned,"[INVALID - survey labeling error: respondents saw DS3.6 question text, not DS3.8]",Agree,Disagree,Strongly Agree,Strongly Agree,Strongly Disagree,tu
08/04/2026 15:06:23,Turkey,Female,3rd year,3 - Intermediate: I use some AI tools occasionally for simple tasks and understand their basic functions.,A few times a month,"Brainstorming ideas and getting inspiration, Translating texts or learning a language, Solving math/logic problems or coding",I only use AI to review or correct content I have entirely written myself.,The AI and I would have produced a similar result.,"It enriches my work (gives me ideas I wouldn't have had), but takes about the same amount of time.",A moderate amount of time (I ask for a few adjustments or refinements).,Somewhat confident,I systematically check primary and authoritative sources to confirm the data.,"Yes, occasionally.",I have never paid attention to this aspect.,Curiosity,You wait until it becomes mainstream and most people are using it.,Rarely,A personal tutor/mentor (to explain concepts and help me learn).,Disagree,Disagree,Disagree,Disagree,Disagree,Agree,Strongly Disagree,Moderately concerned,Very concerned,Extremely concerned,Very concerned,Slightly concerned,"[INVALID - survey labeling error: respondents saw DS3.6 question text, not DS3.8]",Agree,Disagree,Agree,Agree,Disagree,tu
08/04/2026 15:01:00,Turkey,Female,2nd year,3 - Intermediate: I use some AI tools occasionally for simple tasks and understand their basic functions.,Daily,"Translating texts or learning a language, Helping with homework / Lesson planning, Generating images or presentations",I review the AI-generated output to identify potential errors and refine the text as necessary.,The AI and I would have produced a similar result.,It is a huge time saver.,"A significant amount of time (I engage in long conversations, going back and forth until the output is perfect).",Not at all confident,"I do a quick search (e.g., Google, Wikipedia) to verify it.","Yes, occasionally.",I have never paid attention to this aspect.,Curiosity,You try it out after hearing good things from friends or colleagues.,Daily,A smart search engine (to find information quickly and accurately).,Agree,Agree,Disagree,Strongly Disagree,Strongly Disagree,Disagree,Strongly Disagree,Not at all concerned,Moderately concerned,Very concerned,Slightly concerned,Extremely concerned,"[INVALID - survey labeling error: respondents saw DS3.6 question text, not DS3.8]",Agree,Disagree,Agree,Agree,Disagree,tu
08/04/2026 15:00:43,Turkey,Male,4th year,"4 - Advanced: I use AI tools regularly for various tasks and have a good understanding of their capabilities, limits, and potential biases.",Daily,"Brainstorming ideas and getting inspiration, Translating texts or learning a language, Summarizing long documents or articles",I review the AI-generated output to identify potential errors and refine the text as necessary.,"My original work would have been better, but the AI was faster.",It is a huge time saver.,A moderate amount of time (I ask for a few adjustments or refinements).,Somewhat confident,"I do a quick search (e.g., Google, Wikipedia) to verify it.","Yes, frequently.","Yes, occasionally.","Anxiety, Hope, Suspicion",You are one of the first to try it out.,A few times a month,A creative assistant/collaborator (to brainstorm and co-create).,Disagree,Agree,Disagree,Disagree,Strongly Disagree,Agree,Strongly Disagree,Slightly concerned,Very concerned,Extremely concerned,Moderately concerned,Moderately concerned,"[INVALID - survey labeling error: respondents saw DS3.6 question text, not DS3.8]",Agree,Agree,Agree,Disagree,Agree,tu
08/04/2026 14:50:27,Turkey,Female,2nd year,3 - Intermediate: I use some AI tools occasionally for simple tasks and understand their basic functions.,Rarely,"Brainstorming ideas and getting inspiration, Translating texts or learning a language, Summarizing long documents or articles",I only use AI to review or correct content I have entirely written myself.,"My original work would have been better, but the AI was faster.","It enriches my work (gives me ideas I wouldn't have had), but takes about the same amount of time.","A significant amount of time (I engage in long conversations, going back and forth until the output is perfect).",Somewhat confident,I trust it completely and use it as is.,"Yes, frequently.","Yes, occasionally.","Curiosity, Skepticism",You try it out after hearing good things from friends or colleagues.,A few times a week,A personal tutor/mentor (to explain concepts and help me learn).,Strongly Agree,Disagree,Disagree,Strongly Disagree,Disagree,Agree,Disagree,Extremely concerned,Extremely concerned,Very concerned,Moderately concerned,Moderately concerned,"[INVALID - survey labeling error: respondents saw DS3.6 question text, not DS3.8]",Agree,Strongly Agree,Strongly Agree,Strongly Agree,Agree,tu
08/04/2026 14:50:22,Turkey,Female,2nd year,"4 - Advanced: I use AI tools regularly for various tasks and have a good understanding of their capabilities, limits, and potential biases.",A few times a week,"Brainstorming ideas and getting inspiration, Translating texts or learning a language, Helping with homework / Lesson planning",I review the AI-generated output to identify potential errors and refine the text as necessary.,"My original work would have been better, but the AI was faster.","It enriches my work (gives me ideas I wouldn't have had), but takes about the same amount of time.","A significant amount of time (I engage in long conversations, going back and forth until the output is perfect).",Very confident,"I do a quick search (e.g., Google, Wikipedia) to verify it.","Yes, frequently.","Yes, occasionally.","Curiosity, Hope, Skepticism",You try it out after hearing good things from friends or colleagues.,A few times a month,A personal tutor/mentor (to explain concepts and help me learn).,Strongly Agree,Disagree,Disagree,Disagree,Disagree,Agree,Strongly Disagree,Slightly concerned,Very concerned,Slightly concerned,Very concerned,Extremely concerned,"[INVALID - survey labeling error: respondents saw DS3.6 question text, not DS3.8]",Agree,Disagree,Agree,Strongly Agree,Agree,tu
08/04/2026 14:48:12,Turkey,Female,4th year,3 - Intermediate: I use some AI tools occasionally for simple tasks and understand their basic functions.,Daily,Helping with homework / Lesson planning,I review the AI-generated output to identify potential errors and refine the text as necessary.,"My original work would have been better, but the AI was faster.",It is a huge time saver.,A moderate amount of time (I ask for a few adjustments or refinements).,Not at all confident,"I do a quick search (e.g., Google, Wikipedia) to verify it.","Yes, occasionally.","Yes, occasionally.","Curiosity, Skepticism",You try it out after hearing good things from friends or colleagues.,Daily,A smart search engine (to find information quickly and accurately).,Disagree,Disagree,Strongly Disagree,Strongly Disagree,Strongly Disagree,Disagree,Strongly Disagree,Not at all concerned,Moderately concerned,Moderately concerned,Moderately concerned,Moderately concerned,"[INVALID - survey labeling error: respondents saw DS3.6 question text, not DS3.8]",Disagree,Disagree,Agree,Disagree,Disagree,tu
08/04/2026 14:40:39,Turkey,Female,2nd year,"4 - Advanced: I use AI tools regularly for various tasks and have a good understanding of their capabilities, limits, and potential biases.",Daily,"Summarizing long documents or articles, Writing/drafting text (emails, essays, reports), Helping with homework / Lesson planning",I review the AI-generated output to identify potential errors and refine the text as necessary.,The AI and I would have produced a similar result.,It is a huge time saver.,A moderate amount of time (I ask for a few adjustments or refinements).,Somewhat confident,"I do a quick search (e.g., Google, Wikipedia) to verify it.","Yes, occasionally.","No, never.",,You wait until it becomes mainstream and most people are using it.,A few times a week,A smart search engine (to find information quickly and accurately).,Agree,Agree,Agree,Disagree,Disagree,Agree,Disagree,Not at all concerned,Not at all concerned,Slightly concerned,Not at all concerned,Moderately concerned,"[INVALID - survey labeling error: respondents saw DS3.6 question text, not DS3.8]",Strongly Agree,Agree,Disagree,Agree,Agree,tu
08/04/2026 13:05:44,Turkey,Female,4th year,3 - Intermediate: I use some AI tools occasionally for simple tasks and understand their basic functions.,Daily,Brainstorming ideas and getting inspiration,I review the AI-generated output to identify potential errors and refine the text as necessary.,The AI produced a much better result than I could have.,It has no significant impact on my time or effort.,It takes so much time that sometimes I just give up and do the work myself.,Somewhat confident,"I do a quick search (e.g., Google, Wikipedia) to verify it.","No, never.","No, never.",Curiosity,You wait until it becomes mainstream and most people are using it.,A few times a week,A smart search engine (to find information quickly and accurately).,Agree,Agree,Strongly Agree,Strongly Agree,Agree,Disagree,Disagree,Not at all concerned,Moderately concerned,Moderately concerned,Moderately concerned,Very concerned,"[INVALID - survey labeling error: respondents saw DS3.6 question text, not DS3.8]",Agree,Agree,Agree,Agree,Agree,tu
08/04/2026 09:53:50,Turkey,Female,4th year,3 - Intermediate: I use some AI tools occasionally for simple tasks and understand their basic functions.,A few times a week,"Brainstorming ideas and getting inspiration, Writing/drafting text (emails, essays, reports)",I use it as a draft or inspiration and rewrite it heavily.,"The AI's output was poor/incorrect, and I had to redo most of it.",It is a waste of time (I spend more time prompting and correcting than doing it myself).,It takes so much time that sometimes I just give up and do the work myself.,Not at all confident,I systematically check primary and authoritative sources to confirm the data.,I didn't know AI could do that.,I have never paid attention to this aspect.,Skepticism,You wait until it becomes mainstream and most people are using it.,A few times a week,A personal tutor/mentor (to explain concepts and help me learn).,Agree,Strongly Disagree,Strongly Disagree,Strongly Disagree,Strongly Disagree,Strongly Disagree,Strongly Disagree,Not at all concerned,Not at all concerned,Not at all concerned,Not at all concerned,Not at all concerned,"[INVALID - survey labeling error: respondents saw DS3.6 question text, not DS3.8]",Strongly Disagree,Strongly Disagree,Strongly Disagree,Strongly Disagree,Strongly Disagree,tu
08/04/2026 07:26:54,Turkey,Female,4th year,3 - Intermediate: I use some AI tools occasionally for simple tasks and understand their basic functions.,A few times a week,"Brainstorming ideas and getting inspiration, Translating texts or learning a language, I do not use AI tools",I review the AI-generated output to identify potential errors and refine the text as necessary.,"My original work would have been better, but the AI was faster.",It is a huge time saver.,A moderate amount of time (I ask for a few adjustments or refinements).,Somewhat confident,I trust it completely and use it as is.,"No, never.","No, never.","Excitement, Curiosity, Hope",You try it out after hearing good things from friends or colleagues.,A few times a week,A creative assistant/collaborator (to brainstorm and co-create).,Agree,Disagree,Disagree,Disagree,Agree,Agree,Disagree,Slightly concerned,Very concerned,Extremely concerned,Very concerned,Extremely concerned,"[INVALID - survey labeling error: respondents saw DS3.6 question text, not DS3.8]",Strongly Agree,Strongly Agree,Strongly Agree,Strongly Agree,Strongly Agree,tu
07/04/2026 22:39:29,Turkey,Female,1st year,"2 - Novice: I know the basic concepts and have seen AI tools, but I rarely or never use them myself.",Daily,"Writing/drafting text (emails, essays, reports), Helping with homework / Lesson planning, Generating images or presentations",I review the AI-generated output to identify potential errors and refine the text as necessary.,"My original work would have been better, but the AI was faster.",It is a huge time saver.,A moderate amount of time (I ask for a few adjustments or refinements).,Somewhat confident,"I do a quick search (e.g., Google, Wikipedia) to verify it.",I didn't know AI could do that.,I have never paid attention to this aspect.,"Curiosity, Hope, Skepticism",You wait until it becomes mainstream and most people are using it.,A few times a week,A smart search engine (to find information quickly and accurately).,Agree,Agree,Agree,Disagree,Strongly Disagree,Agree,Strongly Disagree,Slightly concerned,Slightly concerned,Slightly concerned,Slightly concerned,Moderately concerned,"[INVALID - survey labeling error: respondents saw DS3.6 question text, not DS3.8]",Agree,Agree,Agree,Disagree,Agree,tu
07/04/2026 22:38:41,Turkey,Male,1st year,"4 - Advanced: I use AI tools regularly for various tasks and have a good understanding of their capabilities, limits, and potential biases.",A few times a week,Brainstorming ideas and getting inspiration,I only use AI to review or correct content I have entirely written myself.,"My original work would have been better, but the AI was faster.",It is a huge time saver.,A moderate amount of time (I ask for a few adjustments or refinements).,Somewhat confident,"I do a quick search (e.g., Google, Wikipedia) to verify it.","Yes, occasionally.","Yes, frequently.","Anxiety, Curiosity, Skepticism, Other",You try it out after hearing good things from friends or colleagues.,A few times a month,A creative assistant/collaborator (to brainstorm and co-create).,Strongly Agree,Agree,Strongly Disagree,Disagree,Disagree,Strongly Agree,Strongly Disagree,Not at all concerned,Moderately concerned,Extremely concerned,Extremely concerned,Extremely concerned,"[INVALID - survey labeling error: respondents saw DS3.6 question text, not DS3.8]",Agree,Agree,Agree,Disagree,Strongly Disagree,tu
07/04/2026 22:36:36,Turkey,Male,3rd year,"4 - Advanced: I use AI tools regularly for various tasks and have a good understanding of their capabilities, limits, and potential biases.",Daily,"Brainstorming ideas and getting inspiration, Summarizing long documents or articles, Solving math/logic problems or coding",I use it as a draft or inspiration and rewrite it heavily.,The AI and I would have produced a similar result.,"It enriches my work (gives me ideas I wouldn't have had), but takes about the same amount of time.","A significant amount of time (I engage in long conversations, going back and forth until the output is perfect).",Very confident,"I do a quick search (e.g., Google, Wikipedia) to verify it.","Yes, frequently.",I have never paid attention to this aspect.,"Excitement, Curiosity, Hope",You are one of the first to try it out.,A few times a month,A personal tutor/mentor (to explain concepts and help me learn).,Disagree,Disagree,Disagree,Disagree,Strongly Disagree,Agree,Strongly Disagree,Extremely concerned,Slightly concerned,Moderately concerned,Slightly concerned,Extremely concerned,"[INVALID - survey labeling error: respondents saw DS3.6 question text, not DS3.8]",Agree,Strongly Agree,Strongly Agree,Strongly Agree,Disagree,tu
07/04/2026 22:27:08,Turkey,Male,1st year,3 - Intermediate: I use some AI tools occasionally for simple tasks and understand their basic functions.,Daily,Brainstorming ideas and getting inspiration,I use it as a draft or inspiration and rewrite it heavily.,The AI produced a much better result than I could have.,It is a huge time saver.,Very little time (I usually accept the first answer it provides).,Somewhat confident,I ask the AI itself if it is sure about the answer.,"Yes, occasionally.","Yes, occasionally.",Excitement,You wait until it becomes mainstream and most people are using it.,A few times a week,A personal tutor/mentor (to explain concepts and help me learn).,Agree,Disagree,Disagree,Disagree,Disagree,Disagree,Disagree,Slightly concerned,Slightly concerned,Not at all concerned,Slightly concerned,Not at all concerned,"[INVALID - survey labeling error: respondents saw DS3.6 question text, not DS3.8]",Disagree,Disagree,Strongly Disagree,Strongly Disagree,Strongly Disagree,tu
07/04/2026 22:20:16,Turkey,Female,1st year,3 - Intermediate: I use some AI tools occasionally for simple tasks and understand their basic functions.,A few times a week,"Brainstorming ideas and getting inspiration, Translating texts or learning a language, Generating images or presentations",I use it as a draft or inspiration and rewrite it heavily.,The AI and I would have produced a similar result.,"It enriches my work (gives me ideas I wouldn't have had), but takes about the same amount of time.",A moderate amount of time (I ask for a few adjustments or refinements).,Somewhat confident,"I do a quick search (e.g., Google, Wikipedia) to verify it.","Yes, occasionally.",I have never paid attention to this aspect.,"Excitement, Curiosity, Skepticism",You wait until it becomes mainstream and most people are using it.,A few times a month,A smart search engine (to find information quickly and accurately).,Disagree,Disagree,Agree,Strongly Disagree,Disagree,Agree,Disagree,Very concerned,Moderately concerned,Very concerned,Moderately concerned,Slightly concerned,"[INVALID - survey labeling error: respondents saw DS3.6 question text, not DS3.8]",Agree,Agree,Agree,Disagree,Disagree,tu
07/04/2026 22:18:15,Turkey,Male,3rd year,3 - Intermediate: I use some AI tools occasionally for simple tasks and understand their basic functions.,A few times a month,"Brainstorming ideas and getting inspiration, Translating texts or learning a language, Helping with homework / Lesson planning",I review the AI-generated output to identify potential errors and refine the text as necessary.,"My original work would have been better, but the AI was faster.",It is a huge time saver.,A moderate amount of time (I ask for a few adjustments or refinements).,Somewhat confident,"I do a quick search (e.g., Google, Wikipedia) to verify it.","No, never.","Yes, frequently.","Excitement, Curiosity, Hope",You wait until it becomes mainstream and most people are using it.,A few times a month,A smart search engine (to find information quickly and accurately).,Disagree,Agree,Disagree,Disagree,Agree,Agree,Strongly Disagree,Not at all concerned,Extremely concerned,Moderately concerned,Not at all concerned,Slightly concerned,"[INVALID - survey labeling error: respondents saw DS3.6 question text, not DS3.8]",Agree,Agree,Agree,Strongly Agree,Agree,tu
07/04/2026 22:17:02,Turkey,Male,1st year,3 - Intermediate: I use some AI tools occasionally for simple tasks and understand their basic functions.,A few times a week,"Writing/drafting text (emails, essays, reports), Helping with homework / Lesson planning",I review the AI-generated output to identify potential errors and refine the text as necessary.,"My original work would have been better, but the AI was faster.",It is a huge time saver.,A moderate amount of time (I ask for a few adjustments or refinements).,Very confident,"I do a quick search (e.g., Google, Wikipedia) to verify it.","Yes, occasionally.","Yes, occasionally.","Anxiety, Skepticism",You try it out after hearing good things from friends or colleagues.,A few times a week,A shortcut (to do the heavy lifting or do my assignments for me).,Disagree,Disagree,Agree,Strongly Disagree,Disagree,Agree,Strongly Disagree,Not at all concerned,Slightly concerned,Not at all concerned,Moderately concerned,Slightly concerned,"[INVALID - survey labeling error: respondents saw DS3.6 question text, not DS3.8]",Agree,Disagree,Agree,Agree,Strongly Disagree,tu
07/04/2026 22:11:31,Turkey,Male,3rd year,"4 - Advanced: I use AI tools regularly for various tasks and have a good understanding of their capabilities, limits, and potential biases.",Daily,"Brainstorming ideas and getting inspiration, Translating texts or learning a language, Summarizing long documents or articles, Generating images or presentations",I use it as a draft or inspiration and rewrite it heavily.,"My original work would have been better, but the AI was faster.",It is a huge time saver.,A moderate amount of time (I ask for a few adjustments or refinements).,Very confident,I systematically check primary and authoritative sources to confirm the data.,"Yes, occasionally.","Yes, frequently.","Excitement, Skepticism, Suspicion",You are one of the first to try it out.,A few times a week,A personal tutor/mentor (to explain concepts and help me learn).,Agree,Strongly Disagree,Disagree,Agree,Disagree,Disagree,Agree,Slightly concerned,Not at all concerned,Slightly concerned,Not at all concerned,Not at all concerned,"[INVALID - survey labeling error: respondents saw DS3.6 question text, not DS3.8]",Strongly Disagree,Disagree,Strongly Disagree,Strongly Agree,Disagree,tu
07/04/2026 22:02:45,Turkey,Male,2nd year,3 - Intermediate: I use some AI tools occasionally for simple tasks and understand their basic functions.,A few times a week,"Translating texts or learning a language, Solving math/logic problems or coding",I only use AI to review or correct content I have entirely written myself.,"My original work would have been better, but the AI was faster.","It enriches my work (gives me ideas I wouldn't have had), but takes about the same amount of time.",A moderate amount of time (I ask for a few adjustments or refinements).,Very confident,"I do a quick search (e.g., Google, Wikipedia) to verify it.","Yes, occasionally.","Yes, occasionally.","Curiosity, Skepticism",You wait until it becomes mainstream and most people are using it.,A few times a week,A smart search engine (to find information quickly and accurately).,Agree,Agree,Strongly Agree,Strongly Agree,Strongly Agree,Disagree,Agree,Extremely concerned,Very concerned,Moderately concerned,Not at all concerned,Not at all concerned,"[INVALID - survey labeling error: respondents saw DS3.6 question text, not DS3.8]",Agree,Disagree,Agree,Disagree,Disagree,tu
07/04/2026 22:00:13,Turkey,Male,2nd year,3 - Intermediate: I use some AI tools occasionally for simple tasks and understand their basic functions.,A few times a week,"Brainstorming ideas and getting inspiration, Translating texts or learning a language, Generating images or presentations",I review the AI-generated output to identify potential errors and refine the text as necessary.,The AI and I would have produced a similar result.,"It enriches my work (gives me ideas I wouldn't have had), but takes about the same amount of time.","A significant amount of time (I engage in long conversations, going back and forth until the output is perfect).",Somewhat confident,"I do a quick search (e.g., Google, Wikipedia) to verify it.","No, never.",I have never paid attention to this aspect.,"Curiosity, Skepticism, Suspicion",You wait until it becomes mainstream and most people are using it.,A few times a month,A creative assistant/collaborator (to brainstorm and co-create).,Disagree,Disagree,Disagree,Strongly Disagree,Disagree,Disagree,Strongly Disagree,Not at all concerned,Moderately concerned,Slightly concerned,Not at all concerned,Moderately concerned,"[INVALID - survey labeling error: respondents saw DS3.6 question text, not DS3.8]",Agree,Disagree,Agree,Agree,Strongly Disagree,tu
07/04/2026 21:59:56,Turkey,Female,3rd year,"4 - Advanced: I use AI tools regularly for various tasks and have a good understanding of their capabilities, limits, and potential biases.",A few times a week,"Brainstorming ideas and getting inspiration, Solving math/logic problems or coding, Helping with homework / Lesson planning",I use it as a draft or inspiration and rewrite it heavily.,"My original work would have been better, but the AI was faster.",It is a huge time saver.,A moderate amount of time (I ask for a few adjustments or refinements).,Very confident,I ask the AI itself if it is sure about the answer.,"Yes, frequently.","Yes, occasionally.","Excitement, Curiosity, Skepticism, Suspicion",You wait until it becomes mainstream and most people are using it.,A few times a week,A personal tutor/mentor (to explain concepts and help me learn).,Strongly Disagree,Disagree,Disagree,Strongly Disagree,Disagree,Agree,Strongly Disagree,Not at all concerned,Very concerned,Very concerned,Moderately concerned,Very concerned,"[INVALID - survey labeling error: respondents saw DS3.6 question text, not DS3.8]",Agree,Agree,Agree,Strongly Agree,Strongly Agree,tu
07/04/2026 21:58:55,Turkey,Female,3rd year,1 - Absolute Beginner: I know almost nothing. I have heard the term but don't really know what it is or how to use it.,Rarely,Helping with homework / Lesson planning,I only use AI to review or correct content I have entirely written myself.,"The AI's output was poor/incorrect, and I had to redo most of it.",It has no significant impact on my time or effort.,"A significant amount of time (I engage in long conversations, going back and forth until the output is perfect).",Not very confident,"I do a quick search (e.g., Google, Wikipedia) to verify it.","No, never.","No, never.","Curiosity, Fear, Hope",You try it out after hearing good things from friends or colleagues.,Never,A shortcut (to do the heavy lifting or do my assignments for me).,Agree,Disagree,Strongly Disagree,Disagree,Strongly Disagree,Disagree,Strongly Disagree,Slightly concerned,Not at all concerned,Slightly concerned,Not at all concerned,Slightly concerned,"[INVALID - survey labeling error: respondents saw DS3.6 question text, not DS3.8]",Disagree,Strongly Disagree,Disagree,Strongly Disagree,Disagree,tu
07/04/2026 21:58:12,Turkey,Female,3rd year,3 - Intermediate: I use some AI tools occasionally for simple tasks and understand their basic functions.,A few times a month,"Translating texts or learning a language, Summarizing long documents or articles, Writing/drafting text (emails, essays, reports)",I only use AI to review or correct content I have entirely written myself.,"My original work would have been better, but the AI was faster.",It is a huge time saver.,A moderate amount of time (I ask for a few adjustments or refinements).,Very confident,"I do a quick search (e.g., Google, Wikipedia) to verify it.","Yes, frequently.",I have never paid attention to this aspect.,"Anxiety, Curiosity, Skepticism",You try it out after hearing good things from friends or colleagues.,A few times a month,A smart search engine (to find information quickly and accurately).,Disagree,Disagree,Disagree,Strongly Disagree,Disagree,Agree,Strongly Disagree,Moderately concerned,Extremely concerned,Moderately concerned,Slightly concerned,Slightly concerned,"[INVALID - survey labeling error: respondents saw DS3.6 question text, not DS3.8]",Strongly Agree,Disagree,Agree,Disagree,Strongly Disagree,tu
07/04/2026 21:56:07,Turkey,Female,1st year,"4 - Advanced: I use AI tools regularly for various tasks and have a good understanding of their capabilities, limits, and potential biases.",Daily,"Brainstorming ideas and getting inspiration, Translating texts or learning a language, Helping with homework / Lesson planning",I review the AI-generated output to identify potential errors and refine the text as necessary.,"My original work would have been better, but the AI was faster.",It is a huge time saver.,A moderate amount of time (I ask for a few adjustments or refinements).,Very confident,"I do a quick search (e.g., Google, Wikipedia) to verify it.","Yes, frequently.","Yes, occasionally.","Anxiety, Fear, Skepticism",You wait until it becomes mainstream and most people are using it.,Daily,A shortcut (to do the heavy lifting or do my assignments for me).,Agree,Disagree,Disagree,Disagree,Strongly Disagree,Agree,Strongly Disagree,Moderately concerned,Extremely concerned,Extremely concerned,Slightly concerned,Moderately concerned,"[INVALID - survey labeling error: respondents saw DS3.6 question text, not DS3.8]",Disagree,Agree,Agree,Agree,Agree,tu
07/04/2026 21:55:20,Turkey,Female,3rd year,3 - Intermediate: I use some AI tools occasionally for simple tasks and understand their basic functions.,A few times a week,"Brainstorming ideas and getting inspiration, Translating texts or learning a language, Writing/drafting text (emails, essays, reports)",I use it as a draft or inspiration and rewrite it heavily.,The AI and I would have produced a similar result.,"It enriches my work (gives me ideas I wouldn't have had), but takes about the same amount of time.",A moderate amount of time (I ask for a few adjustments or refinements).,Somewhat confident,"I do a quick search (e.g., Google, Wikipedia) to verify it.",I didn't know AI could do that.,I have never paid attention to this aspect.,"Anxiety, Curiosity, Skepticism",You wait until it becomes mainstream and most people are using it.,A few times a month,A creative assistant/collaborator (to brainstorm and co-create).,Agree,Disagree,Disagree,Disagree,Strongly Disagree,Disagree,Disagree,Moderately concerned,Extremely concerned,Extremely concerned,Moderately concerned,Moderately concerned,"[INVALID - survey labeling error: respondents saw DS3.6 question text, not DS3.8]",Agree,Agree,Agree,Agree,Disagree,tu
07/04/2026 21:51:59,Turkey,Female,3rd year,"5 - Expert: I have a deep understanding of how AI works, use it extensively, and could comfortably teach others how to use it responsibly.",Daily,"Brainstorming ideas and getting inspiration, Solving math/logic problems or coding, Helping with homework / Lesson planning",I use it as a draft or inspiration and rewrite it heavily.,"My original work would have been better, but the AI was faster.","It enriches my work (gives me ideas I wouldn't have had), but takes about the same amount of time.",A moderate amount of time (I ask for a few adjustments or refinements).,Very confident,"I do a quick search (e.g., Google, Wikipedia) to verify it.","Yes, occasionally.","No, never.","Anxiety, Curiosity, Skepticism",You are one of the first to try it out.,A few times a week,A personal tutor/mentor (to explain concepts and help me learn).,Disagree,Disagree,Disagree,Strongly Disagree,Disagree,Strongly Disagree,Disagree,Moderately concerned,Very concerned,Not at all concerned,Moderately concerned,Extremely concerned,"[INVALID - survey labeling error: respondents saw DS3.6 question text, not DS3.8]",Agree,Disagree,Strongly Agree,Strongly Agree,Strongly Agree,tu
07/04/2026 21:51:56,Turkey,Male,3rd year,"4 - Advanced: I use AI tools regularly for various tasks and have a good understanding of their capabilities, limits, and potential biases.",Daily,"Brainstorming ideas and getting inspiration, Solving math/logic problems or coding",I use it as a draft or inspiration and rewrite it heavily.,"My original work would have been better, but the AI was faster.","It enriches my work (gives me ideas I wouldn't have had), but takes about the same amount of time.","A significant amount of time (I engage in long conversations, going back and forth until the output is perfect).",Very confident,I systematically check primary and authoritative sources to confirm the data.,"Yes, frequently.",I have never paid attention to this aspect.,"Anxiety, Curiosity, Skepticism",You are one of the first to try it out.,A few times a week,A smart search engine (to find information quickly and accurately).,Strongly Disagree,Strongly Disagree,Agree,Strongly Disagree,Strongly Disagree,Strongly Agree,Strongly Disagree,Very concerned,Moderately concerned,Not at all concerned,Slightly concerned,Moderately concerned,"[INVALID - survey labeling error: respondents saw DS3.6 question text, not DS3.8]",Agree,Disagree,Agree,Agree,Agree,tu
07/04/2026 21:51:06,Turkey,Male,3rd year,"2 - Novice: I know the basic concepts and have seen AI tools, but I rarely or never use them myself.",Never,Helping with homework / Lesson planning,I review the AI-generated output to identify potential errors and refine the text as necessary.,"The AI's output was poor/incorrect, and I had to redo most of it.",It is a huge time saver.,Very little time (I usually accept the first answer it provides).,Very confident,I systematically check primary and authoritative sources to confirm the data.,"Yes, frequently.","No, never.","Anxiety, Skepticism, Suspicion",You only use it if it is strictly required for school or work.,Never,A shortcut (to do the heavy lifting or do my assignments for me).,Strongly Disagree,Disagree,Strongly Disagree,Disagree,Disagree,Agree,Disagree,Not at all concerned,Extremely concerned,Not at all concerned,Extremely concerned,Extremely concerned,"[INVALID - survey labeling error: respondents saw DS3.6 question text, not DS3.8]",Agree,Strongly Disagree,Agree,Disagree,Strongly Disagree,tu
07/04/2026 21:44:39,Turkey,Male,1st year,"2 - Novice: I know the basic concepts and have seen AI tools, but I rarely or never use them myself.",A few times a week,"Helping with homework / Lesson planning, Generating images or presentations",I review the AI-generated output to identify potential errors and refine the text as necessary.,The AI and I would have produced a similar result.,It is a huge time saver.,A moderate amount of time (I ask for a few adjustments or refinements).,Very confident,"I do a quick search (e.g., Google, Wikipedia) to verify it.","No, never.","No, never.","Anxiety, Skepticism, Suspicion",You wait until it becomes mainstream and most people are using it.,Rarely,A smart search engine (to find information quickly and accurately).,Disagree,Disagree,Agree,Strongly Disagree,Disagree,Agree,Disagree,Not at all concerned,Moderately concerned,Extremely concerned,Extremely concerned,Very concerned,"[INVALID - survey labeling error: respondents saw DS3.6 question text, not DS3.8]",Agree,Disagree,Strongly Agree,Agree,Strongly Disagree,tu
07/04/2026 21:44:17,Turkey,Male,2nd year,"4 - Advanced: I use AI tools regularly for various tasks and have a good understanding of their capabilities, limits, and potential biases.",Daily,"Brainstorming ideas and getting inspiration, Helping with homework / Lesson planning, Generating images or presentations",I review the AI-generated output to identify potential errors and refine the text as necessary.,"My original work would have been better, but the AI was faster.",It is a huge time saver.,Very little time (I usually accept the first answer it provides).,Very confident,"I do a quick search (e.g., Google, Wikipedia) to verify it.","Yes, frequently.","Yes, frequently.","Anxiety, Skepticism, Suspicion",You wait until it becomes mainstream and most people are using it.,Daily,A shortcut (to do the heavy lifting or do my assignments for me).,Disagree,Disagree,Disagree,Disagree,Disagree,Agree,Disagree,Slightly concerned,Moderately concerned,Not at all concerned,Not at all concerned,Not at all concerned,"[INVALID - survey labeling error: respondents saw DS3.6 question text, not DS3.8]",Agree,Strongly Disagree,Agree,Disagree,Strongly Disagree,tu
07/04/2026 21:44:02,Spain,Male,2nd year,"4 - Advanced: I use AI tools regularly for various tasks and have a good understanding of their capabilities, limits, and potential biases.",Daily,"Brainstorming ideas and getting inspiration, Translating texts or learning a language, Summarizing long documents or articles, Helping with homework / Lesson planning","I read it to check for major errors, but keep it mostly intact.",The AI and I would have produced a similar result.,It is a huge time saver.,Very little time (I usually accept the first answer it provides).,Somewhat confident,I ask the AI itself if it is sure about the answer.,"Yes, occasionally.","No, never.","Excitement, Anxiety, Curiosity",You only use it if it is strictly required for school or work.,Never,An entertainment tool (just for fun).,Strongly Disagree,Disagree,Disagree,Disagree,Disagree,Disagree,Disagree,Slightly concerned,Slightly concerned,Slightly concerned,Slightly concerned,Slightly concerned,"[INVALID - survey labeling error: respondents saw DS3.6 question text, not DS3.8]",Disagree,Disagree,Strongly Disagree,Disagree,Disagree,tu
07/04/2026 21:40:35,Turkey,Female,2nd year,3 - Intermediate: I use some AI tools occasionally for simple tasks and understand their basic functions.,A few times a week,"Translating texts or learning a language, Writing/drafting text (emails, essays, reports), Helping with homework / Lesson planning",I use it as a draft or inspiration and rewrite it heavily.,"My original work would have been better, but the AI was faster.","It enriches my work (gives me ideas I wouldn't have had), but takes about the same amount of time.",A moderate amount of time (I ask for a few adjustments or refinements).,Somewhat confident,"I do a quick search (e.g., Google, Wikipedia) to verify it.","Yes, occasionally.","No, never.","Curiosity, Skepticism, Suspicion",You try it out after hearing good things from friends or colleagues.,A few times a month,A smart search engine (to find information quickly and accurately).,Agree,Disagree,Disagree,Disagree,Disagree,Disagree,Strongly Disagree,Moderately concerned,Not at all concerned,Very concerned,Slightly concerned,Moderately concerned,"[INVALID - survey labeling error: respondents saw DS3.6 question text, not DS3.8]",Agree,Disagree,Strongly Agree,Agree,Agree,tu
07/04/2026 21:39:37,Turkey,Female,1st year,"4 - Advanced: I use AI tools regularly for various tasks and have a good understanding of their capabilities, limits, and potential biases.",Daily,"Brainstorming ideas and getting inspiration, Translating texts or learning a language, Helping with homework / Lesson planning",I review the AI-generated output to identify potential errors and refine the text as necessary.,"My original work would have been better, but the AI was faster.",It is a huge time saver.,A moderate amount of time (I ask for a few adjustments or refinements).,Somewhat confident,"I do a quick search (e.g., Google, Wikipedia) to verify it.","Yes, frequently.","Yes, occasionally.","Anxiety, Skepticism, Suspicion",You wait until it becomes mainstream and most people are using it.,Daily,A smart search engine (to find information quickly and accurately).,Agree,Disagree,Strongly Disagree,Strongly Disagree,Strongly Disagree,Disagree,Strongly Disagree,Not at all concerned,Extremely concerned,Very concerned,Moderately concerned,Not at all concerned,"[INVALID - survey labeling error: respondents saw DS3.6 question text, not DS3.8]",Agree,Agree,Agree,Strongly Agree,Strongly Disagree,tu
07/04/2026 21:33:22,Turkey,Female,2nd year,"4 - Advanced: I use AI tools regularly for various tasks and have a good understanding of their capabilities, limits, and potential biases.",Daily,"Brainstorming ideas and getting inspiration, Translating texts or learning a language, Helping with homework / Lesson planning",I review the AI-generated output to identify potential errors and refine the text as necessary.,"My original work would have been better, but the AI was faster.","It enriches my work (gives me ideas I wouldn't have had), but takes about the same amount of time.",A moderate amount of time (I ask for a few adjustments or refinements).,Somewhat confident,"I do a quick search (e.g., Google, Wikipedia) to verify it.","Yes, occasionally.","Yes, frequently.",Hope,You try it out after hearing good things from friends or colleagues.,A few times a week,A smart search engine (to find information quickly and accurately).,Agree,Agree,Disagree,Disagree,Agree,Agree,Agree,Moderately concerned,Moderately concerned,Very concerned,Moderately concerned,Very concerned,"[INVALID - survey labeling error: respondents saw DS3.6 question text, not DS3.8]",Agree,Agree,Strongly Agree,Strongly Agree,Strongly Agree,tu
07/04/2026 21:21:50,Turkey,Female,2nd year,3 - Intermediate: I use some AI tools occasionally for simple tasks and understand their basic functions.,Daily,"Translating texts or learning a language, Helping with homework / Lesson planning, Generating images or presentations",I use it as a draft or inspiration and rewrite it heavily.,"My original work would have been better, but the AI was faster.",It is a huge time saver.,A moderate amount of time (I ask for a few adjustments or refinements).,Somewhat confident,I trust it completely and use it as is.,"Yes, occasionally.",I have never paid attention to this aspect.,"Curiosity, Fear, Suspicion",You try it out after hearing good things from friends or colleagues.,A few times a week,A shortcut (to do the heavy lifting or do my assignments for me).,Agree,Disagree,Agree,Disagree,Agree,Strongly Disagree,Strongly Disagree,Moderately concerned,Slightly concerned,Very concerned,Slightly concerned,Very concerned,"[INVALID - survey labeling error: respondents saw DS3.6 question text, not DS3.8]",Agree,Agree,Agree,Agree,Disagree,tu
07/04/2026 21:16:40,Turkey,Female,2nd year,"4 - Advanced: I use AI tools regularly for various tasks and have a good understanding of their capabilities, limits, and potential biases.",Daily,"Solving math/logic problems or coding, Helping with homework / Lesson planning","I read it to check for major errors, but keep it mostly intact.",The AI produced a much better result than I could have.,It is a huge time saver.,A moderate amount of time (I ask for a few adjustments or refinements).,Somewhat confident,I trust it completely and use it as is.,"No, never.","No, never.",Skepticism,You wait until it becomes mainstream and most people are using it.,Daily,A smart search engine (to find information quickly and accurately).,Disagree,Disagree,Disagree,Disagree,Disagree,Agree,Disagree,Very concerned,Very concerned,Very concerned,Very concerned,Moderately concerned,"[INVALID - survey labeling error: respondents saw DS3.6 question text, not DS3.8]",Strongly Agree,Disagree,Agree,Agree,Strongly Disagree,tu
07/04/2026 21:07:32,Turkey,Male,2nd year,3 - Intermediate: I use some AI tools occasionally for simple tasks and understand their basic functions.,A few times a month,"Brainstorming ideas and getting inspiration, Generating images or presentations",I review the AI-generated output to identify potential errors and refine the text as necessary.,The AI produced a much better result than I could have.,"It enriches my work (gives me ideas I wouldn't have had), but takes about the same amount of time.",A moderate amount of time (I ask for a few adjustments or refinements).,Somewhat confident,I systematically check primary and authoritative sources to confirm the data.,"Yes, occasionally.","Yes, occasionally.","Excitement, Curiosity, Skepticism",You try it out after hearing good things from friends or colleagues.,A few times a month,A creative assistant/collaborator (to brainstorm and co-create).,Disagree,Disagree,Strongly Disagree,Disagree,Strongly Disagree,Disagree,Disagree,Not at all concerned,Slightly concerned,Slightly concerned,Slightly concerned,Slightly concerned,"[INVALID - survey labeling error: respondents saw DS3.6 question text, not DS3.8]",Agree,Agree,Agree,Agree,Agree,tu
07/04/2026 21:06:01,Turkey,Female,2nd year,3 - Intermediate: I use some AI tools occasionally for simple tasks and understand their basic functions.,A few times a week,Translating texts or learning a language,I review the AI-generated output to identify potential errors and refine the text as necessary.,"The AI's output was poor/incorrect, and I had to redo most of it.",It is a waste of time (I spend more time prompting and correcting than doing it myself).,A moderate amount of time (I ask for a few adjustments or refinements).,Somewhat confident,"I do a quick search (e.g., Google, Wikipedia) to verify it.","Yes, frequently.","Yes, occasionally.","Anxiety, Fear, Skepticism",You only use it if it is strictly required for school or work.,A few times a month,A smart search engine (to find information quickly and accurately).,Agree,Disagree,Disagree,Disagree,Disagree,Strongly Disagree,Strongly Disagree,Very concerned,Very concerned,Extremely concerned,Extremely concerned,Extremely concerned,"[INVALID - survey labeling error: respondents saw DS3.6 question text, not DS3.8]",Strongly Disagree,Strongly Disagree,Strongly Disagree,Disagree,Strongly Disagree,tu
07/04/2026 21:05:49,Turkey,Female,2nd year,"4 - Advanced: I use AI tools regularly for various tasks and have a good understanding of their capabilities, limits, and potential biases.",Daily,"Writing/drafting text (emails, essays, reports), Helping with homework / Lesson planning, Generating images or presentations",I review the AI-generated output to identify potential errors and refine the text as necessary.,"My original work would have been better, but the AI was faster.","It enriches my work (gives me ideas I wouldn't have had), but takes about the same amount of time.",A moderate amount of time (I ask for a few adjustments or refinements).,Somewhat confident,"I do a quick search (e.g., Google, Wikipedia) to verify it.","Yes, occasionally.",I have never paid attention to this aspect.,Curiosity,You wait until it becomes mainstream and most people are using it.,A few times a week,A smart search engine (to find information quickly and accurately).,Agree,Agree,Disagree,Disagree,Disagree,Agree,Strongly Disagree,Moderately concerned,Slightly concerned,Moderately concerned,Slightly concerned,Moderately concerned,"[INVALID - survey labeling error: respondents saw DS3.6 question text, not DS3.8]",Agree,Agree,Agree,Disagree,Disagree,tu
07/04/2026 21:01:56,Turkey,Female,1st year,3 - Intermediate: I use some AI tools occasionally for simple tasks and understand their basic functions.,Daily,"Brainstorming ideas and getting inspiration, Helping with homework / Lesson planning",I review the AI-generated output to identify potential errors and refine the text as necessary.,The AI produced a much better result than I could have.,It is a huge time saver.,A moderate amount of time (I ask for a few adjustments or refinements).,Somewhat confident,"I do a quick search (e.g., Google, Wikipedia) to verify it.","Yes, occasionally.","Yes, occasionally.","Curiosity, Skepticism",You wait until it becomes mainstream and most people are using it.,Daily,A shortcut (to do the heavy lifting or do my assignments for me).,Disagree,Disagree,Disagree,Disagree,Disagree,Agree,Strongly Disagree,Moderately concerned,Not at all concerned,Slightly concerned,Slightly concerned,Extremely concerned,"[INVALID - survey labeling error: respondents saw DS3.6 question text, not DS3.8]",Agree,Disagree,Strongly Disagree,Strongly Disagree,Agree,tu
07/04/2026 21:01:45,Turkey,Female,2nd year,3 - Intermediate: I use some AI tools occasionally for simple tasks and understand their basic functions.,Daily,"Translating texts or learning a language, Helping with homework / Lesson planning",I review the AI-generated output to identify potential errors and refine the text as necessary.,"My original work would have been better, but the AI was faster.","It enriches my work (gives me ideas I wouldn't have had), but takes about the same amount of time.",A moderate amount of time (I ask for a few adjustments or refinements).,Not very confident,"I do a quick search (e.g., Google, Wikipedia) to verify it.","Yes, occasionally.","Yes, occasionally.","Excitement, Curiosity, Skepticism",You wait until it becomes mainstream and most people are using it.,A few times a week,A smart search engine (to find information quickly and accurately).,Disagree,Disagree,Disagree,Strongly Disagree,Agree,Disagree,Strongly Disagree,Moderately concerned,Moderately concerned,Very concerned,Very concerned,Very concerned,"[INVALID - survey labeling error: respondents saw DS3.6 question text, not DS3.8]",Agree,Agree,Strongly Agree,Disagree,Disagree,tu
07/04/2026 21:01:21,Turkey,Male,2nd year,3 - Intermediate: I use some AI tools occasionally for simple tasks and understand their basic functions.,A few times a week,Helping with homework / Lesson planning,"I read it to check for major errors, but keep it mostly intact.","My original work would have been better, but the AI was faster.",It is a huge time saver.,A moderate amount of time (I ask for a few adjustments or refinements).,Somewhat confident,I systematically check primary and authoritative sources to confirm the data.,"Yes, occasionally.","Yes, occasionally.","Curiosity, Skepticism",You try it out after hearing good things from friends or colleagues.,A few times a week,A smart search engine (to find information quickly and accurately).,Disagree,Agree,Disagree,Disagree,Agree,Disagree,Disagree,Not at all concerned,Very concerned,Not at all concerned,Slightly concerned,Slightly concerned,"[INVALID - survey labeling error: respondents saw DS3.6 question text, not DS3.8]",Agree,Agree,Agree,Agree,Agree,tu
07/04/2026 20:54:37,Turkey,Male,1st year,3 - Intermediate: I use some AI tools occasionally for simple tasks and understand their basic functions.,A few times a week,"Translating texts or learning a language, Summarizing long documents or articles, Writing/drafting text (emails, essays, reports), Helping with homework / Lesson planning, Generating images or presentations",I review the AI-generated output to identify potential errors and refine the text as necessary.,The AI and I would have produced a similar result.,"It enriches my work (gives me ideas I wouldn't have had), but takes about the same amount of time.","A significant amount of time (I engage in long conversations, going back and forth until the output is perfect).",Very confident,"I do a quick search (e.g., Google, Wikipedia) to verify it.","Yes, occasionally.","No, never.","Anxiety, Skepticism, Suspicion",You try it out after hearing good things from friends or colleagues.,A few times a week,A personal tutor/mentor (to explain concepts and help me learn).,Disagree,Agree,Disagree,Strongly Disagree,Disagree,Disagree,Disagree,Slightly concerned,Extremely concerned,Not at all concerned,Not at all concerned,Slightly concerned,"[INVALID - survey labeling error: respondents saw DS3.6 question text, not DS3.8]",Agree,Disagree,Disagree,Strongly Disagree,Strongly Disagree,tu
07/04/2026 20:53:07,Turkey,Female,1st year,"4 - Advanced: I use AI tools regularly for various tasks and have a good understanding of their capabilities, limits, and potential biases.",Daily,"Brainstorming ideas and getting inspiration, Summarizing long documents or articles, Writing/drafting text (emails, essays, reports), Helping with homework / Lesson planning, Generating images or presentations",I review the AI-generated output to identify potential errors and refine the text as necessary.,"My original work would have been better, but the AI was faster.",It is a huge time saver.,"A significant amount of time (I engage in long conversations, going back and forth until the output is perfect).",Somewhat confident,"I do a quick search (e.g., Google, Wikipedia) to verify it.","Yes, frequently.",I have never paid attention to this aspect.,"Curiosity, Hope, Suspicion",You wait until it becomes mainstream and most people are using it.,A few times a week,A creative assistant/collaborator (to brainstorm and co-create).,Strongly Disagree,Strongly Disagree,Agree,Disagree,Strongly Disagree,Agree,Strongly Disagree,Not at all concerned,Very concerned,Extremely concerned,Extremely concerned,Moderately concerned,"[INVALID - survey labeling error: respondents saw DS3.6 question text, not DS3.8]",Agree,Agree,Strongly Agree,Strongly Agree,Strongly Agree,tu
07/04/2026 20:52:38,Turkey,Female,1st year,1 - Absolute Beginner: I know almost nothing. I have heard the term but don't really know what it is or how to use it.,Daily,"Brainstorming ideas and getting inspiration, Translating texts or learning a language, Summarizing long documents or articles, Writing/drafting text (emails, essays, reports), Solving math/logic problems or coding, Helping with homework / Lesson planning, Generating images or presentations",I review the AI-generated output to identify potential errors and refine the text as necessary.,The AI produced a much better result than I could have.,It is a huge time saver.,A moderate amount of time (I ask for a few adjustments or refinements).,Very confident,I ask the AI itself if it is sure about the answer.,I didn't know AI could do that.,"Yes, occasionally.","Excitement, Curiosity, Skepticism",You try it out after hearing good things from friends or colleagues.,Daily,A shortcut (to do the heavy lifting or do my assignments for me).,Agree,Disagree,Disagree,Disagree,Disagree,Disagree,Disagree,Not at all concerned,Not at all concerned,Moderately concerned,Very concerned,Extremely concerned,"[INVALID - survey labeling error: respondents saw DS3.6 question text, not DS3.8]",Disagree,Disagree,Agree,Strongly Disagree,Agree,tu
07/04/2026 20:52:04,Turkey,Female,2nd year,"4 - Advanced: I use AI tools regularly for various tasks and have a good understanding of their capabilities, limits, and potential biases.",A few times a week,"Brainstorming ideas and getting inspiration, Helping with homework / Lesson planning",I review the AI-generated output to identify potential errors and refine the text as necessary.,"My original work would have been better, but the AI was faster.",It is a huge time saver.,A moderate amount of time (I ask for a few adjustments or refinements).,Very confident,"I do a quick search (e.g., Google, Wikipedia) to verify it.","Yes, occasionally.","Yes, occasionally.","Curiosity, Skepticism, Suspicion",You try it out after hearing good things from friends or colleagues.,A few times a month,A shortcut (to do the heavy lifting or do my assignments for me).,Agree,Agree,Disagree,Disagree,Disagree,Disagree,Strongly Disagree,Slightly concerned,Moderately concerned,Very concerned,Extremely concerned,Slightly concerned,"[INVALID - survey labeling error: respondents saw DS3.6 question text, not DS3.8]",Agree,Agree,Strongly Agree,Strongly Agree,Agree,tu
07/04/2026 20:51:35,Turkey,Male,2nd year,3 - Intermediate: I use some AI tools occasionally for simple tasks and understand their basic functions.,A few times a week,"Brainstorming ideas and getting inspiration, Translating texts or learning a language, Helping with homework / Lesson planning",I review the AI-generated output to identify potential errors and refine the text as necessary.,The AI and I would have produced a similar result.,It is a huge time saver.,A moderate amount of time (I ask for a few adjustments or refinements).,Not very confident,"I do a quick search (e.g., Google, Wikipedia) to verify it.",I didn't know AI could do that.,I have never paid attention to this aspect.,"Curiosity, Skepticism",You wait until it becomes mainstream and most people are using it.,A few times a week,A personal tutor/mentor (to explain concepts and help me learn).,Agree,Agree,Agree,Strongly Disagree,Disagree,Disagree,Disagree,Not at all concerned,Moderately concerned,Moderately concerned,Slightly concerned,Extremely concerned,"[INVALID - survey labeling error: respondents saw DS3.6 question text, not DS3.8]",Agree,Agree,Agree,Agree,Disagree,tu
07/04/2026 20:50:05,Turkey,Female,1st year,3 - Intermediate: I use some AI tools occasionally for simple tasks and understand their basic functions.,A few times a week,"Brainstorming ideas and getting inspiration, Writing/drafting text (emails, essays, reports), Generating images or presentations",I review the AI-generated output to identify potential errors and refine the text as necessary.,"My original work would have been better, but the AI was faster.",It is a huge time saver.,"A significant amount of time (I engage in long conversations, going back and forth until the output is perfect).",Not very confident,"I do a quick search (e.g., Google, Wikipedia) to verify it.","Yes, occasionally.","Yes, occasionally.","Curiosity, Skepticism, Suspicion",You only use it if it is strictly required for school or work.,A few times a month,A personal tutor/mentor (to explain concepts and help me learn).,Disagree,Disagree,Agree,Disagree,Strongly Disagree,Agree,Strongly Disagree,Slightly concerned,Moderately concerned,Extremely concerned,Slightly concerned,Not at all concerned,"[INVALID - survey labeling error: respondents saw DS3.6 question text, not DS3.8]",Strongly Agree,Disagree,Agree,Strongly Agree,Disagree,tu
07/04/2026 20:47:58,Turkey,Female,2nd year,"4 - Advanced: I use AI tools regularly for various tasks and have a good understanding of their capabilities, limits, and potential biases.",A few times a week,"Brainstorming ideas and getting inspiration, Helping with homework / Lesson planning, Other (topic summaries and unclear questions)",I review the AI-generated output to identify potential errors and refine the text as necessary.,The AI and I would have produced a similar result.,"It enriches my work (gives me ideas I wouldn't have had), but takes about the same amount of time.","A significant amount of time (I engage in long conversations, going back and forth until the output is perfect).",Somewhat confident,I ask the AI itself if it is sure about the answer.,"Yes, occasionally.",I have never paid attention to this aspect.,"Excitement, Curiosity, Hope",You try it out after hearing good things from friends or colleagues.,A few times a week,A personal tutor/mentor (to explain concepts and help me learn).,Agree,Agree,Agree,Disagree,Agree,Disagree,Strongly Disagree,Slightly concerned,Very concerned,Moderately concerned,Moderately concerned,Extremely concerned,"[INVALID - survey labeling error: respondents saw DS3.6 question text, not DS3.8]",Agree,Agree,Strongly Agree,Agree,Agree,tu
07/04/2026 20:46:36,Turkey,Female,1st year,3 - Intermediate: I use some AI tools occasionally for simple tasks and understand their basic functions.,A few times a week,"Translating texts or learning a language, Summarizing long documents or articles, Writing/drafting text (emails, essays, reports), Generating images or presentations",I review the AI-generated output to identify potential errors and refine the text as necessary.,"My original work would have been better, but the AI was faster.",It is a huge time saver.,A moderate amount of time (I ask for a few adjustments or refinements).,Somewhat confident,"I do a quick search (e.g., Google, Wikipedia) to verify it.","Yes, occasionally.","Yes, frequently.","Curiosity, Skepticism, Suspicion",You try it out after hearing good things from friends or colleagues.,A few times a week,A smart search engine (to find information quickly and accurately).,Disagree,Disagree,Agree,Disagree,Strongly Disagree,Disagree,Disagree,Moderately concerned,Slightly concerned,Very concerned,Extremely concerned,Extremely concerned,"[INVALID - survey labeling error: respondents saw DS3.6 question text, not DS3.8]",Strongly Agree,Strongly Agree,Strongly Agree,Agree,Agree,tu
07/04/2026 20:46:26,Turkey,Male,1st year,3 - Intermediate: I use some AI tools occasionally for simple tasks and understand their basic functions.,A few times a week,"Summarizing long documents or articles, Writing/drafting text (emails, essays, reports), Helping with homework / Lesson planning","I read it to check for major errors, but keep it mostly intact.",The AI and I would have produced a similar result.,It is a huge time saver.,A moderate amount of time (I ask for a few adjustments or refinements).,Somewhat confident,"I do a quick search (e.g., Google, Wikipedia) to verify it.","No, never.","Yes, occasionally.","Curiosity, Skepticism",You try it out after hearing good things from friends or colleagues.,A few times a month,A smart search engine (to find information quickly and accurately).,Agree,Disagree,Strongly Disagree,Disagree,Disagree,Strongly Disagree,Strongly Disagree,Not at all concerned,Slightly concerned,Moderately concerned,Slightly concerned,Very concerned,"[INVALID - survey labeling error: respondents saw DS3.6 question text, not DS3.8]",Agree,Strongly Agree,Agree,Agree,Disagree,tu
07/04/2026 20:44:46,Turkey,Female,2nd year,3 - Intermediate: I use some AI tools occasionally for simple tasks and understand their basic functions.,A few times a week,"Brainstorming ideas and getting inspiration, Writing/drafting text (emails, essays, reports), Solving math/logic problems or coding",I review the AI-generated output to identify potential errors and refine the text as necessary.,"My original work would have been better, but the AI was faster.",It has no significant impact on my time or effort.,"A significant amount of time (I engage in long conversations, going back and forth until the output is perfect).",Not very confident,I ask the AI itself if it is sure about the answer.,"Yes, frequently.",I have never paid attention to this aspect.,"Anxiety, Fear, Skepticism",You wait until it becomes mainstream and most people are using it.,A few times a month,A shortcut (to do the heavy lifting or do my assignments for me).,Agree,Strongly Disagree,Disagree,Strongly Disagree,Disagree,Strongly Disagree,Disagree,Slightly concerned,Extremely concerned,Extremely concerned,Extremely concerned,Slightly concerned,"[INVALID - survey labeling error: respondents saw DS3.6 question text, not DS3.8]",Agree,Agree,Agree,Strongly Disagree,Strongly Disagree,tu
07/04/2026 20:44:41,Turkey,Female,1st year,3 - Intermediate: I use some AI tools occasionally for simple tasks and understand their basic functions.,Daily,"Brainstorming ideas and getting inspiration, Summarizing long documents or articles, Writing/drafting text (emails, essays, reports), Helping with homework / Lesson planning",I review the AI-generated output to identify potential errors and refine the text as necessary.,The AI produced a much better result than I could have.,It is a huge time saver.,A moderate amount of time (I ask for a few adjustments or refinements).,Somewhat confident,I ask the AI itself if it is sure about the answer.,"Yes, occasionally.",I have never paid attention to this aspect.,"Curiosity, Hope, Suspicion",You try it out after hearing good things from friends or colleagues.,Daily,A smart search engine (to find information quickly and accurately).,Agree,Agree,Agree,Disagree,Disagree,Disagree,Strongly Disagree,Not at all concerned,Moderately concerned,Not at all concerned,Moderately concerned,Extremely concerned,"[INVALID - survey labeling error: respondents saw DS3.6 question text, not DS3.8]",Agree,Disagree,Strongly Agree,Agree,Strongly Agree,tu
07/04/2026 20:43:54,Turkey,Male,1st year,"4 - Advanced: I use AI tools regularly for various tasks and have a good understanding of their capabilities, limits, and potential biases.",Daily,"Brainstorming ideas and getting inspiration, Solving math/logic problems or coding, Generating images or presentations",I review the AI-generated output to identify potential errors and refine the text as necessary.,"My original work would have been better, but the AI was faster.","It enriches my work (gives me ideas I wouldn't have had), but takes about the same amount of time.",A moderate amount of time (I ask for a few adjustments or refinements).,Very confident,"I do a quick search (e.g., Google, Wikipedia) to verify it.","Yes, occasionally.","Yes, occasionally.","Curiosity, Other (positive interest)",You try it out after hearing good things from friends or colleagues.,A few times a week,A creative assistant/collaborator (to brainstorm and co-create).,Agree,Agree,Disagree,Strongly Agree,Disagree,Strongly Agree,Strongly Disagree,Not at all concerned,Not at all concerned,Slightly concerned,Moderately concerned,Slightly concerned,"[INVALID - survey labeling error: respondents saw DS3.6 question text, not DS3.8]",Strongly Agree,Strongly Agree,Agree,Agree,Strongly Disagree,tu
07/04/2026 20:43:32,Turkey,Female,2nd year,3 - Intermediate: I use some AI tools occasionally for simple tasks and understand their basic functions.,Daily,"Brainstorming ideas and getting inspiration, Translating texts or learning a language, Summarizing long documents or articles, Solving math/logic problems or coding, Helping with homework / Lesson planning, Generating images or presentations",I review the AI-generated output to identify potential errors and refine the text as necessary.,"My original work would have been better, but the AI was faster.","It enriches my work (gives me ideas I wouldn't have had), but takes about the same amount of time.","A significant amount of time (I engage in long conversations, going back and forth until the output is perfect).",Not very confident,"I do a quick search (e.g., Google, Wikipedia) to verify it.",I didn't know AI could do that.,"Yes, occasionally.",Enthusiasm,You only use it if it is strictly required for school or work.,A few times a week,A personal tutor/mentor (to explain concepts and help me learn).,Agree,Disagree,Disagree,Agree,Disagree,Disagree,Disagree,Not at all concerned,Slightly concerned,Very concerned,Very concerned,Moderately concerned,"[INVALID - survey labeling error: respondents saw DS3.6 question text, not DS3.8]",Disagree,Strongly Disagree,Agree,Disagree,Disagree,tu
07/04/2026 20:43:07,Turkey,Female,2nd year,3 - Intermediate: I use some AI tools occasionally for simple tasks and understand their basic functions.,Daily,"Translating texts or learning a language, Writing/drafting text (emails, essays, reports), Helping with homework / Lesson planning",I use it as a draft or inspiration and rewrite it heavily.,"My original work would have been better, but the AI was faster.",It is a huge time saver.,A moderate amount of time (I ask for a few adjustments or refinements).,Not very confident,"I do a quick search (e.g., Google, Wikipedia) to verify it.","No, never.","No, never.","Skepticism, Suspicion",You wait until it becomes mainstream and most people are using it.,A few times a week,A smart search engine (to find information quickly and accurately).,Agree,Agree,Agree,Agree,Agree,Disagree,Strongly Disagree,Slightly concerned,Moderately concerned,Very concerned,Moderately concerned,Extremely concerned,"[INVALID - survey labeling error: respondents saw DS3.6 question text, not DS3.8]",Strongly Agree,Agree,Agree,Agree,Strongly Disagree,tu
07/04/2026 20:42:37,Turkey,Male,1st year,"4 - Advanced: I use AI tools regularly for various tasks and have a good understanding of their capabilities, limits, and potential biases.",Daily,"Brainstorming ideas and getting inspiration, Writing/drafting text (emails, essays, reports), Generating images or presentations",I use it as a draft or inspiration and rewrite it heavily.,The AI and I would have produced a similar result.,"It enriches my work (gives me ideas I wouldn't have had), but takes about the same amount of time.","A significant amount of time (I engage in long conversations, going back and forth until the output is perfect).",Somewhat confident,"I do a quick search (e.g., Google, Wikipedia) to verify it.","Yes, occasionally.","Yes, frequently.",Curiosity,You are one of the first to try it out.,Daily,A creative assistant/collaborator (to brainstorm and co-create).,Strongly Agree,Agree,Strongly Disagree,Disagree,Agree,Agree,Strongly Disagree,Not at all concerned,Not at all concerned,Very concerned,Not at all concerned,Extremely concerned,"[INVALID - survey labeling error: respondents saw DS3.6 question text, not DS3.8]",Strongly Agree,Strongly Agree,Agree,Agree,Agree,tu
07/04/2026 20:42:21,Turkey,Male,1st year,3 - Intermediate: I use some AI tools occasionally for simple tasks and understand their basic functions.,A few times a week,"Brainstorming ideas and getting inspiration, Writing/drafting text (emails, essays, reports), Solving math/logic problems or coding, Generating images or presentations",I review the AI-generated output to identify potential errors and refine the text as necessary.,"My original work would have been better, but the AI was faster.","It enriches my work (gives me ideas I wouldn't have had), but takes about the same amount of time.",A moderate amount of time (I ask for a few adjustments or refinements).,Very confident,"I do a quick search (e.g., Google, Wikipedia) to verify it.",I didn't know AI could do that.,"Yes, frequently.","Excitement, Curiosity",You wait until it becomes mainstream and most people are using it.,A few times a week,A smart search engine (to find information quickly and accurately).,Strongly Disagree,Agree,Agree,Disagree,Strongly Disagree,Strongly Agree,Strongly Disagree,Not at all concerned,Slightly concerned,Not at all concerned,Slightly concerned,Moderately concerned,"[INVALID - survey labeling error: respondents saw DS3.6 question text, not DS3.8]",Agree,Agree,Agree,Disagree,Strongly Disagree,tu
07/04/2026 20:41:48,Turkey,Male,1st year,1 - Absolute Beginner: I know almost nothing. I have heard the term but don't really know what it is or how to use it.,A few times a week,"Brainstorming ideas and getting inspiration, Helping with homework / Lesson planning, Generating images or presentations",I copy and paste it directly without reading it thoroughly.,"My original work would have been better, but the AI was faster.",It is a huge time saver.,A moderate amount of time (I ask for a few adjustments or refinements).,Somewhat confident,I ask the AI itself if it is sure about the answer.,"No, never.","No, never.","Curiosity, Hope, Skepticism",You only use it if it is strictly required for school or work.,A few times a week,A smart search engine (to find information quickly and accurately).,Agree,Strongly Disagree,Disagree,Strongly Disagree,Strongly Disagree,Disagree,Strongly Disagree,Very concerned,Not at all concerned,Slightly concerned,Not at all concerned,Moderately concerned,"[INVALID - survey labeling error: respondents saw DS3.6 question text, not DS3.8]",Agree,Agree,Strongly Agree,Disagree,Disagree,tu
07/04/2026 20:39:55,Turkey,Male,1st year,3 - Intermediate: I use some AI tools occasionally for simple tasks and understand their basic functions.,Daily,"Brainstorming ideas and getting inspiration, Writing/drafting text (emails, essays, reports), Helping with homework / Lesson planning",I use it as a draft or inspiration and rewrite it heavily.,"My original work would have been better, but the AI was faster.",It is a huge time saver.,"A significant amount of time (I engage in long conversations, going back and forth until the output is perfect).",Very confident,"I do a quick search (e.g., Google, Wikipedia) to verify it.","Yes, frequently.","Yes, frequently.","Anxiety, Hope, Skepticism",You only use it if it is strictly required for school or work.,A few times a week,A personal tutor/mentor (to explain concepts and help me learn).,Disagree,Disagree,Strongly Disagree,Strongly Disagree,Strongly Disagree,Disagree,Strongly Disagree,Slightly concerned,Very concerned,Not at all concerned,Extremely concerned,Moderately concerned,"[INVALID - survey labeling error: respondents saw DS3.6 question text, not DS3.8]",Agree,Disagree,Agree,Disagree,Strongly Disagree,tu
07/04/2026 20:39:53,Turkey,Male,1st year,3 - Intermediate: I use some AI tools occasionally for simple tasks and understand their basic functions.,A few times a week,"Brainstorming ideas and getting inspiration, Writing/drafting text (emails, essays, reports), Helping with homework / Lesson planning",I review the AI-generated output to identify potential errors and refine the text as necessary.,The AI produced a much better result than I could have.,"It enriches my work (gives me ideas I wouldn't have had), but takes about the same amount of time.",A moderate amount of time (I ask for a few adjustments or refinements).,Somewhat confident,"I do a quick search (e.g., Google, Wikipedia) to verify it.",I didn't know AI could do that.,"Yes, occasionally.","Curiosity, Hope, Skepticism",You are one of the first to try it out.,A few times a week,A smart search engine (to find information quickly and accurately).,Disagree,Disagree,Disagree,Strongly Disagree,Disagree,Disagree,Disagree,Moderately concerned,Very concerned,Extremely concerned,Slightly concerned,Slightly concerned,"[INVALID - survey labeling error: respondents saw DS3.6 question text, not DS3.8]",Strongly Agree,Agree,Agree,Strongly Agree,Strongly Disagree,tu
07/04/2026 20:39:38,Turkey,Female,1st year,3 - Intermediate: I use some AI tools occasionally for simple tasks and understand their basic functions.,A few times a week,Helping with homework / Lesson planning,"I read it to check for major errors, but keep it mostly intact.",The AI produced a much better result than I could have.,It is a huge time saver.,A moderate amount of time (I ask for a few adjustments or refinements).,Somewhat confident,I trust it completely and use it as is.,"Yes, occasionally.","No, never.",Curiosity,You try it out after hearing good things from friends or colleagues.,A few times a week,A smart search engine (to find information quickly and accurately).,Agree,Disagree,Disagree,Agree,Agree,Disagree,Strongly Disagree,Slightly concerned,Slightly concerned,Moderately concerned,Very concerned,Extremely concerned,"[INVALID - survey labeling error: respondents saw DS3.6 question text, not DS3.8]",Agree,Disagree,Strongly Agree,Agree,Agree,tu
07/04/2026 20:38:12,Turkey,Male,1st year,"2 - Novice: I know the basic concepts and have seen AI tools, but I rarely or never use them myself.",Daily,"Brainstorming ideas and getting inspiration, Helping with homework / Lesson planning",I review the AI-generated output to identify potential errors and refine the text as necessary.,The AI produced a much better result than I could have.,It is a huge time saver.,A moderate amount of time (I ask for a few adjustments or refinements).,Somewhat confident,I systematically check primary and authoritative sources to confirm the data.,"Yes, frequently.","Yes, frequently.",Skepticism,You try it out after hearing good things from friends or colleagues.,Daily,A smart search engine (to find information quickly and accurately).,Agree,Agree,Disagree,Strongly Disagree,Disagree,Strongly Agree,Strongly Disagree,Very concerned,Not at all concerned,Not at all concerned,Not at all concerned,Extremely concerned,"[INVALID - survey labeling error: respondents saw DS3.6 question text, not DS3.8]",Agree,Agree,Strongly Agree,Agree,Strongly Disagree,tu
07/04/2026 20:37:42,Turkey,Female,1st year,3 - Intermediate: I use some AI tools occasionally for simple tasks and understand their basic functions.,A few times a week,"Writing/drafting text (emails, essays, reports), Helping with homework / Lesson planning, Generating images or presentations","I read it to check for major errors, but keep it mostly intact.","My original work would have been better, but the AI was faster.",It is a huge time saver.,A moderate amount of time (I ask for a few adjustments or refinements).,Not very confident,I ask the AI itself if it is sure about the answer.,"Yes, occasionally.","Yes, occasionally.","Excitement, Curiosity, Suspicion",You wait until it becomes mainstream and most people are using it.,A few times a week,A shortcut (to do the heavy lifting or do my assignments for me).,Agree,Disagree,Agree,Strongly Disagree,Strongly Disagree,Agree,Disagree,Not at all concerned,Extremely concerned,Extremely concerned,Not at all concerned,Very concerned,"[INVALID - survey labeling error: respondents saw DS3.6 question text, not DS3.8]",Strongly Disagree,Disagree,Agree,Strongly Agree,Agree,tu
07/04/2026 20:36:29,Turkey,Female,2nd year,3 - Intermediate: I use some AI tools occasionally for simple tasks and understand their basic functions.,A few times a week,"Brainstorming ideas and getting inspiration, Solving math/logic problems or coding, Helping with homework / Lesson planning",I use it as a draft or inspiration and rewrite it heavily.,"My original work would have been better, but the AI was faster.","It enriches my work (gives me ideas I wouldn't have had), but takes about the same amount of time.","A significant amount of time (I engage in long conversations, going back and forth until the output is perfect).",Not very confident,"I do a quick search (e.g., Google, Wikipedia) to verify it.","Yes, occasionally.",I have never paid attention to this aspect.,"Curiosity, Skepticism, Suspicion",You try it out after hearing good things from friends or colleagues.,A few times a week,A creative assistant/collaborator (to brainstorm and co-create).,Agree,Disagree,Strongly Disagree,Disagree,Disagree,Disagree,Disagree,Very concerned,Very concerned,Extremely concerned,Moderately concerned,Moderately concerned,"[INVALID - survey labeling error: respondents saw DS3.6 question text, not DS3.8]",Agree,Agree,Agree,Agree,Disagree,tu
07/04/2026 20:36:23,Turkey,Male,1st year,3 - Intermediate: I use some AI tools occasionally for simple tasks and understand their basic functions.,A few times a week,Brainstorming ideas and getting inspiration,"I read it to check for major errors, but keep it mostly intact.",The AI and I would have produced a similar result.,It has no significant impact on my time or effort.,A moderate amount of time (I ask for a few adjustments or refinements).,Somewhat confident,"I do a quick search (e.g., Google, Wikipedia) to verify it.","Yes, frequently.","Yes, occasionally.","Curiosity, Hope",You only use it if it is strictly required for school or work.,Never,A smart search engine (to find information quickly and accurately).,Disagree,Disagree,Disagree,Strongly Disagree,Strongly Disagree,Disagree,Strongly Disagree,Slightly concerned,Slightly concerned,Slightly concerned,Slightly concerned,Slightly concerned,"[INVALID - survey labeling error: respondents saw DS3.6 question text, not DS3.8]",Disagree,Disagree,Disagree,Disagree,Disagree,tu
07/04/2026 20:34:29,Turkey,Male,2nd year,3 - Intermediate: I use some AI tools occasionally for simple tasks and understand their basic functions.,Daily,"Writing/drafting text (emails, essays, reports)","I read it to check for major errors, but keep it mostly intact.",The AI produced a much better result than I could have.,It is a huge time saver.,A moderate amount of time (I ask for a few adjustments or refinements).,Somewhat confident,I ask the AI itself if it is sure about the answer.,I didn't know AI could do that.,"Yes, occasionally.","Excitement, Curiosity",You try it out after hearing good things from friends or colleagues.,Daily,A shortcut (to do the heavy lifting or do my assignments for me).,Agree,Agree,Agree,Agree,Agree,Agree,Strongly Disagree,Moderately concerned,Moderately concerned,Extremely concerned,Very concerned,Very concerned,"[INVALID - survey labeling error: respondents saw DS3.6 question text, not DS3.8]",Strongly Agree,Strongly Agree,Strongly Agree,Agree,Disagree,tu
07/04/2026 20:34:23,Turkey,Male,1st year,3 - Intermediate: I use some AI tools occasionally for simple tasks and understand their basic functions.,Daily,Brainstorming ideas and getting inspiration,I review the AI-generated output to identify potential errors and refine the text as necessary.,"The AI's output was poor/incorrect, and I had to redo most of it.",It has no significant impact on my time or effort.,A moderate amount of time (I ask for a few adjustments or refinements).,Somewhat confident,I ask the AI itself if it is sure about the answer.,"No, never.","Yes, occasionally.",Skepticism,You wait until it becomes mainstream and most people are using it.,Rarely,A personal tutor/mentor (to explain concepts and help me learn).,Disagree,Strongly Disagree,Strongly Disagree,Disagree,Strongly Disagree,Strongly Disagree,Strongly Disagree,Not at all concerned,Slightly concerned,Not at all concerned,Slightly concerned,Not at all concerned,"[INVALID - survey labeling error: respondents saw DS3.6 question text, not DS3.8]",Strongly Disagree,Strongly Disagree,Disagree,Strongly Disagree,Disagree,tu
07/04/2026 20:33:33,Turkey,Male,2nd year,3 - Intermediate: I use some AI tools occasionally for simple tasks and understand their basic functions.,A few times a week,"Translating texts or learning a language, Helping with homework / Lesson planning","I read it to check for major errors, but keep it mostly intact.","My original work would have been better, but the AI was faster.","It enriches my work (gives me ideas I wouldn't have had), but takes about the same amount of time.",A moderate amount of time (I ask for a few adjustments or refinements).,Very confident,"I do a quick search (e.g., Google, Wikipedia) to verify it.","Yes, frequently.","Yes, frequently.","Curiosity, Hope, Skepticism",You wait until it becomes mainstream and most people are using it.,A few times a month,A smart search engine (to find information quickly and accurately).,Disagree,Disagree,Disagree,Agree,Disagree,Disagree,Strongly Disagree,Not at all concerned,Very concerned,Extremely concerned,Extremely concerned,Moderately concerned,"[INVALID - survey labeling error: respondents saw DS3.6 question text, not DS3.8]",Agree,Disagree,Agree,Disagree,Agree,tu
07/04/2026 20:31:50,Turkey,Male,2nd year,3 - Intermediate: I use some AI tools occasionally for simple tasks and understand their basic functions.,A few times a week,"Brainstorming ideas and getting inspiration, Helping with homework / Lesson planning",I use it as a draft or inspiration and rewrite it heavily.,"My original work would have been better, but the AI was faster.","It enriches my work (gives me ideas I wouldn't have had), but takes about the same amount of time.",A moderate amount of time (I ask for a few adjustments or refinements).,Somewhat confident,I trust it completely and use it as is.,"No, never.","Yes, occasionally.","Curiosity, Skepticism, Suspicion",You only use it if it is strictly required for school or work.,A few times a week,A creative assistant/collaborator (to brainstorm and co-create).,Agree,Disagree,Disagree,Disagree,Disagree,Disagree,Strongly Disagree,Not at all concerned,Slightly concerned,Not at all concerned,Not at all concerned,Not at all concerned,"[INVALID - survey labeling error: respondents saw DS3.6 question text, not DS3.8]",Agree,Agree,Agree,Agree,Strongly Disagree,tu
07/04/2026 20:31:33,Turkey,Female,2nd year,3 - Intermediate: I use some AI tools occasionally for simple tasks and understand their basic functions.,A few times a week,"Brainstorming ideas and getting inspiration, Writing/drafting text (emails, essays, reports), Helping with homework / Lesson planning",I review the AI-generated output to identify potential errors and refine the text as necessary.,"My original work would have been better, but the AI was faster.","It enriches my work (gives me ideas I wouldn't have had), but takes about the same amount of time.",A moderate amount of time (I ask for a few adjustments or refinements).,Somewhat confident,I ask the AI itself if it is sure about the answer.,"Yes, occasionally.","No, never.","Curiosity, Hope, Skepticism",You wait until it becomes mainstream and most people are using it.,A few times a month,A creative assistant/collaborator (to brainstorm and co-create).,Disagree,Disagree,Disagree,Strongly Disagree,Agree,Disagree,Disagree,Slightly concerned,Very concerned,Very concerned,Slightly concerned,Slightly concerned,"[INVALID - survey labeling error: respondents saw DS3.6 question text, not DS3.8]",Agree,Strongly Agree,Agree,Disagree,Disagree,tu
07/04/2026 20:31:25,Turkey,Female,2nd year,3 - Intermediate: I use some AI tools occasionally for simple tasks and understand their basic functions.,Daily,Helping with homework / Lesson planning,I review the AI-generated output to identify potential errors and refine the text as necessary.,The AI and I would have produced a similar result.,It is a huge time saver.,A moderate amount of time (I ask for a few adjustments or refinements).,Somewhat confident,I ask the AI itself if it is sure about the answer.,"Yes, occasionally.","No, never.","Excitement, Curiosity, Skepticism",You try it out after hearing good things from friends or colleagues.,A few times a week,A smart search engine (to find information quickly and accurately).,Agree,Agree,Agree,Disagree,Agree,Disagree,Strongly Disagree,Slightly concerned,Moderately concerned,Very concerned,Slightly concerned,Extremely concerned,"[INVALID - survey labeling error: respondents saw DS3.6 question text, not DS3.8]",Agree,Agree,Agree,Disagree,Disagree,tu
07/04/2026 20:30:31,Turkey,Male,2nd year,"4 - Advanced: I use AI tools regularly for various tasks and have a good understanding of their capabilities, limits, and potential biases.",Daily,"Brainstorming ideas and getting inspiration, Summarizing long documents or articles, Helping with homework / Lesson planning",I review the AI-generated output to identify potential errors and refine the text as necessary.,"My original work would have been better, but the AI was faster.",It is a huge time saver.,"A significant amount of time (I engage in long conversations, going back and forth until the output is perfect).",Somewhat confident,"I do a quick search (e.g., Google, Wikipedia) to verify it.","Yes, occasionally.","No, never.","Curiosity, Skepticism, Suspicion",You try it out after hearing good things from friends or colleagues.,A few times a week,A personal tutor/mentor (to explain concepts and help me learn).,Agree,Agree,Strongly Agree,Disagree,Disagree,Agree,Disagree,Moderately concerned,Very concerned,Extremely concerned,Moderately concerned,Extremely concerned,"[INVALID - survey labeling error: respondents saw DS3.6 question text, not DS3.8]",Strongly Agree,Strongly Agree,Strongly Agree,Strongly Agree,Disagree,tu
07/04/2026 20:30:30,Turkey,Male,2nd year,3 - Intermediate: I use some AI tools occasionally for simple tasks and understand their basic functions.,Daily,"Translating texts or learning a language, Writing/drafting text (emails, essays, reports), Helping with homework / Lesson planning",I review the AI-generated output to identify potential errors and refine the text as necessary.,"My original work would have been better, but the AI was faster.",It is a huge time saver.,"A significant amount of time (I engage in long conversations, going back and forth until the output is perfect).",Somewhat confident,"I do a quick search (e.g., Google, Wikipedia) to verify it.","Yes, occasionally.",I have never paid attention to this aspect.,"Curiosity, Skepticism",You wait until it becomes mainstream and most people are using it.,Daily,A personal tutor/mentor (to explain concepts and help me learn).,Agree,Disagree,Agree,Agree,Disagree,Agree,Strongly Disagree,Not at all concerned,Very concerned,Extremely concerned,Not at all concerned,Very concerned,"[INVALID - survey labeling error: respondents saw DS3.6 question text, not DS3.8]",Strongly Agree,Agree,Agree,Agree,Strongly Disagree,tu
07/04/2026 20:30:19,Turkey,Female,2nd year,3 - Intermediate: I use some AI tools occasionally for simple tasks and understand their basic functions.,A few times a week,Helping with homework / Lesson planning,I review the AI-generated output to identify potential errors and refine the text as necessary.,The AI and I would have produced a similar result.,It is a huge time saver.,A moderate amount of time (I ask for a few adjustments or refinements).,Somewhat confident,"I do a quick search (e.g., Google, Wikipedia) to verify it.",I didn't know AI could do that.,I have never paid attention to this aspect.,"Curiosity, Skepticism",You try it out after hearing good things from friends or colleagues.,A few times a week,A shortcut (to do the heavy lifting or do my assignments for me).,Agree,Agree,Agree,Disagree,Agree,Disagree,Agree,Moderately concerned,Very concerned,Not at all concerned,Moderately concerned,Moderately concerned,"[INVALID - survey labeling error: respondents saw DS3.6 question text, not DS3.8]",Agree,Agree,Agree,Agree,Disagree,tu
07/04/2026 20:30:06,Turkey,Female,2nd year,"4 - Advanced: I use AI tools regularly for various tasks and have a good understanding of their capabilities, limits, and potential biases.",A few times a week,"Brainstorming ideas and getting inspiration, Helping with homework / Lesson planning",I use it as a draft or inspiration and rewrite it heavily.,"My original work would have been better, but the AI was faster.","It enriches my work (gives me ideas I wouldn't have had), but takes about the same amount of time.","A significant amount of time (I engage in long conversations, going back and forth until the output is perfect).",Somewhat confident,"I do a quick search (e.g., Google, Wikipedia) to verify it.","Yes, occasionally.",I have never paid attention to this aspect.,"Excitement, Curiosity, Skepticism",You try it out after hearing good things from friends or colleagues.,A few times a week,A smart search engine (to find information quickly and accurately).,Agree,Disagree,Disagree,Agree,Agree,Disagree,Strongly Disagree,Very concerned,Moderately concerned,Extremely concerned,Very concerned,Moderately concerned,"[INVALID - survey labeling error: respondents saw DS3.6 question text, not DS3.8]",Agree,Strongly Agree,Strongly Agree,Strongly Agree,Strongly Agree,tu
07/04/2026 20:29:39,Turkey,Male,2nd year,3 - Intermediate: I use some AI tools occasionally for simple tasks and understand their basic functions.,A few times a week,"Brainstorming ideas and getting inspiration, Solving math/logic problems or coding, Generating images or presentations",I only use AI to review or correct content I have entirely written myself.,"My original work would have been better, but the AI was faster.","It enriches my work (gives me ideas I wouldn't have had), but takes about the same amount of time.",A moderate amount of time (I ask for a few adjustments or refinements).,Very confident,"I do a quick search (e.g., Google, Wikipedia) to verify it.","Yes, occasionally.",I have never paid attention to this aspect.,"Anxiety, Curiosity, Skepticism",You try it out after hearing good things from friends or colleagues.,A few times a week,A personal tutor/mentor (to explain concepts and help me learn).,Strongly Agree,Agree,Agree,Disagree,Disagree,Agree,Strongly Disagree,Very concerned,Very concerned,Moderately concerned,Very concerned,Moderately concerned,"[INVALID - survey labeling error: respondents saw DS3.6 question text, not DS3.8]",Agree,Agree,Strongly Agree,Disagree,Disagree,tu
07/04/2026 20:29:38,Turkey,Female,2nd year,3 - Intermediate: I use some AI tools occasionally for simple tasks and understand their basic functions.,A few times a week,"Translating texts or learning a language, Writing/drafting text (emails, essays, reports), Helping with homework / Lesson planning",I review the AI-generated output to identify potential errors and refine the text as necessary.,The AI produced a much better result than I could have.,It is a huge time saver.,A moderate amount of time (I ask for a few adjustments or refinements).,Somewhat confident,"I do a quick search (e.g., Google, Wikipedia) to verify it.","Yes, occasionally.","No, never.","Anxiety, Fear, Skepticism",You try it out after hearing good things from friends or colleagues.,A few times a month,A smart search engine (to find information quickly and accurately).,Agree,Agree,Agree,Agree,Agree,Agree,Strongly Disagree,Very concerned,Extremely concerned,Very concerned,Moderately concerned,Moderately concerned,"[INVALID - survey labeling error: respondents saw DS3.6 question text, not DS3.8]",Strongly Agree,Agree,Agree,Strongly Agree,Disagree,tu
07/04/2026 20:29:15,Turkey,Male,2nd year,3 - Intermediate: I use some AI tools occasionally for simple tasks and understand their basic functions.,Daily,"Summarizing long documents or articles, Writing/drafting text (emails, essays, reports), Solving math/logic problems or coding, Helping with homework / Lesson planning",I review the AI-generated output to identify potential errors and refine the text as necessary.,"My original work would have been better, but the AI was faster.","It enriches my work (gives me ideas I wouldn't have had), but takes about the same amount of time.",A moderate amount of time (I ask for a few adjustments or refinements).,Somewhat confident,"I do a quick search (e.g., Google, Wikipedia) to verify it.","No, never.","Yes, occasionally.","Curiosity, Hope",You wait until it becomes mainstream and most people are using it.,Daily,A creative assistant/collaborator (to brainstorm and co-create).,Agree,Agree,Agree,Disagree,Disagree,Agree,Strongly Disagree,Moderately concerned,Not at all concerned,Not at all concerned,Extremely concerned,Extremely concerned,"[INVALID - survey labeling error: respondents saw DS3.6 question text, not DS3.8]",Agree,Strongly Disagree,Strongly Agree,Agree,Strongly Disagree,tu
07/04/2026 20:29:03,Turkey,Female,2nd year,"4 - Advanced: I use AI tools regularly for various tasks and have a good understanding of their capabilities, limits, and potential biases.",Daily,"Solving math/logic problems or coding, Generating images or presentations",I use it as a draft or inspiration and rewrite it heavily.,"My original work would have been better, but the AI was faster.",It has no significant impact on my time or effort.,It takes so much time that sometimes I just give up and do the work myself.,Not very confident,"I do a quick search (e.g., Google, Wikipedia) to verify it.","Yes, occasionally.","Yes, occasionally.","Anxiety, Skepticism, Suspicion",You try it out after hearing good things from friends or colleagues.,A few times a week,A creative assistant/collaborator (to brainstorm and co-create).,Disagree,Disagree,Disagree,Disagree,Disagree,Strongly Disagree,Disagree,Moderately concerned,Extremely concerned,Extremely concerned,Extremely concerned,Slightly concerned,"[INVALID - survey labeling error: respondents saw DS3.6 question text, not DS3.8]",Disagree,Disagree,Agree,Agree,Strongly Disagree,tu
07/04/2026 20:28:22,Turkey,Female,2nd year,"5 - Expert: I have a deep understanding of how AI works, use it extensively, and could comfortably teach others how to use it responsibly.",Rarely,Brainstorming ideas and getting inspiration,I use it as a draft or inspiration and rewrite it heavily.,"My original work would have been better, but the AI was faster.","It enriches my work (gives me ideas I wouldn't have had), but takes about the same amount of time.",It takes so much time that sometimes I just give up and do the work myself.,Very confident,"I do a quick search (e.g., Google, Wikipedia) to verify it.","Yes, occasionally.","Yes, frequently.","Skepticism, Suspicion",You only use it if it is strictly required for school or work.,Rarely,A creative assistant/collaborator (to brainstorm and co-create).,Agree,Disagree,Strongly Disagree,Strongly Disagree,Strongly Disagree,Agree,Strongly Disagree,Extremely concerned,Moderately concerned,Slightly concerned,Very concerned,Slightly concerned,"[INVALID - survey labeling error: respondents saw DS3.6 question text, not DS3.8]",Disagree,Strongly Agree,Agree,Strongly Disagree,Agree,tu
07/04/2026 20:28:19,Turkey,Male,2nd year,3 - Intermediate: I use some AI tools occasionally for simple tasks and understand their basic functions.,A few times a week,"Brainstorming ideas and getting inspiration, Helping with homework / Lesson planning, Generating images or presentations","I read it to check for major errors, but keep it mostly intact.",The AI and I would have produced a similar result.,It is a huge time saver.,A moderate amount of time (I ask for a few adjustments or refinements).,Very confident,"I do a quick search (e.g., Google, Wikipedia) to verify it.",I didn't know AI could do that.,I have never paid attention to this aspect.,"Curiosity, Skepticism",You try it out after hearing good things from friends or colleagues.,A few times a week,A smart search engine (to find information quickly and accurately).,Agree,Disagree,Agree,Disagree,Disagree,Agree,Disagree,Slightly concerned,Very concerned,Moderately concerned,Moderately concerned,Slightly concerned,"[INVALID - survey labeling error: respondents saw DS3.6 question text, not DS3.8]",Agree,Disagree,Agree,Agree,Agree,tu
07/04/2026 20:26:15,Turkey,Male,2nd year,"4 - Advanced: I use AI tools regularly for various tasks and have a good understanding of their capabilities, limits, and potential biases.",A few times a week,Brainstorming ideas and getting inspiration,I use it as a draft or inspiration and rewrite it heavily.,"My original work would have been better, but the AI was faster.",It has no significant impact on my time or effort.,"A significant amount of time (I engage in long conversations, going back and forth until the output is perfect).",Somewhat confident,"I do a quick search (e.g., Google, Wikipedia) to verify it.","Yes, frequently.","No, never.","Anxiety, Skepticism, Suspicion",You try it out after hearing good things from friends or colleagues.,A few times a month,A smart search engine (to find information quickly and accurately).,Disagree,Strongly Disagree,Strongly Disagree,Disagree,Disagree,Agree,Strongly Disagree,Slightly concerned,Very concerned,Extremely concerned,Slightly concerned,Slightly concerned,"[INVALID - survey labeling error: respondents saw DS3.6 question text, not DS3.8]",Agree,Disagree,Disagree,Strongly Disagree,Disagree,tu
07/04/2026 20:25:43,Turkey,Male,2nd year,3 - Intermediate: I use some AI tools occasionally for simple tasks and understand their basic functions.,Daily,"Brainstorming ideas and getting inspiration, Translating texts or learning a language, Writing/drafting text (emails, essays, reports)",I review the AI-generated output to identify potential errors and refine the text as necessary.,"My original work would have been better, but the AI was faster.",It is a huge time saver.,"A significant amount of time (I engage in long conversations, going back and forth until the output is perfect).",Very confident,"I do a quick search (e.g., Google, Wikipedia) to verify it.",I didn't know AI could do that.,"Yes, occasionally.","Excitement, Curiosity, Hope",You try it out after hearing good things from friends or colleagues.,Daily,A smart search engine (to find information quickly and accurately).,Agree,Disagree,Disagree,Disagree,Disagree,Strongly Disagree,Disagree,Not at all concerned,Slightly concerned,Not at all concerned,Not at all concerned,Not at all concerned,"[INVALID - survey labeling error: respondents saw DS3.6 question text, not DS3.8]",Agree,Agree,Agree,Agree,Agree,tu
07/04/2026 20:24:49,Turkey,Female,2nd year,3 - Intermediate: I use some AI tools occasionally for simple tasks and understand their basic functions.,A few times a week,"Brainstorming ideas and getting inspiration, Writing/drafting text (emails, essays, reports), Generating images or presentations",I review the AI-generated output to identify potential errors and refine the text as necessary.,The AI and I would have produced a similar result.,"It enriches my work (gives me ideas I wouldn't have had), but takes about the same amount of time.",A moderate amount of time (I ask for a few adjustments or refinements).,Somewhat confident,"I do a quick search (e.g., Google, Wikipedia) to verify it.","Yes, occasionally.","Yes, frequently.","Anxiety, Curiosity, Hope",You try it out after hearing good things from friends or colleagues.,A few times a week,A creative assistant/collaborator (to brainstorm and co-create).,Strongly Agree,Agree,Agree,Disagree,Disagree,Agree,Disagree,Extremely concerned,Moderately concerned,Extremely concerned,Extremely concerned,Not at all concerned,"[INVALID - survey labeling error: respondents saw DS3.6 question text, not DS3.8]",Agree,Agree,Agree,Agree,Disagree,tu
07/04/2026 20:24:46,Turkey,Male,2nd year,"4 - Advanced: I use AI tools regularly for various tasks and have a good understanding of their capabilities, limits, and potential biases.",Daily,"Translating texts or learning a language, Helping with homework / Lesson planning, Generating images or presentations",I review the AI-generated output to identify potential errors and refine the text as necessary.,"My original work would have been better, but the AI was faster.","It enriches my work (gives me ideas I wouldn't have had), but takes about the same amount of time.","A significant amount of time (I engage in long conversations, going back and forth until the output is perfect).",Very confident,"I do a quick search (e.g., Google, Wikipedia) to verify it.","Yes, occasionally.","No, never.","Curiosity, Hope, Skepticism",You are one of the first to try it out.,A few times a week,A shortcut (to do the heavy lifting or do my assignments for me).,Disagree,Strongly Disagree,Strongly Disagree,Strongly Disagree,Strongly Disagree,Strongly Disagree,Strongly Disagree,Slightly concerned,Moderately concerned,Slightly concerned,Very concerned,Extremely concerned,"[INVALID - survey labeling error: respondents saw DS3.6 question text, not DS3.8]",Strongly Agree,Agree,Agree,Agree,Agree,tu
07/04/2026 20:24:02,Turkey,Female,2nd year,3 - Intermediate: I use some AI tools occasionally for simple tasks and understand their basic functions.,A few times a week,Generating images or presentations,I use it as a draft or inspiration and rewrite it heavily.,"The AI's output was poor/incorrect, and I had to redo most of it.",It has no significant impact on my time or effort.,"A significant amount of time (I engage in long conversations, going back and forth until the output is perfect).",Very confident,"I do a quick search (e.g., Google, Wikipedia) to verify it.","Yes, frequently.","No, never.","Anxiety, Curiosity, Hope",You try it out after hearing good things from friends or colleagues.,A few times a week,A creative assistant/collaborator (to brainstorm and co-create).,Strongly Disagree,Disagree,Strongly Disagree,Strongly Disagree,Disagree,Agree,Strongly Agree,Extremely concerned,Extremely concerned,Very concerned,Not at all concerned,Slightly concerned,"[INVALID - survey labeling error: respondents saw DS3.6 question text, not DS3.8]",Strongly Disagree,Strongly Disagree,Agree,Agree,Disagree,tu
